Influenza Virus,Virus Type,Date of Risk Assessment,Risk Score Category,Emergence Score,Impact Score,Mean Low Acceptable Emergence,Mean High Acceptable Emergence,Mean Low Acceptable Impact,Mean High Acceptable Impact,HA Sequence,NA Sequence,HA Length,NA Length,HA Risk,NA Risk,Geom Mean Risk
A/Hong Kong/125/2017,H7N9,2017-05-01,Moderate-High,6.5,7.5,5.65,7.51,6.74,8.5,MNTQILVFALIAIIPTNADKICLGHHAVSNGTKVNTLTERGVEVVNATETVERTNIPRICSKGKRTVDLGQCGLLGTITGPPQCDQFLEFSADLIIERREGSDVCYPGKFVNEEALRQILRESGGIDKETMGFTYNGIRTNGVTSACKRSGSSFYAEMKWLLSNTDNAAFPQMTKSYKNTRKSPAIIVWGIHHSVSTAEQTKLYGSGNKLVTVGSSNYQQSFVPSPGARPQVNGLSGRIDFHWLILNPNDTVTFSFNGAFIAPDRASFLRGKSMGIQSGVQVDANCEGDCYHSGGTIISNLPFQNIDSRAVGKCPRYVKQRSLLLATGMKNVPEIPKGRGLFGAIAGFIENGWEGLIDGWYGFRHQNAQGEGTAADYKSTQSAIDQITGKLNRLIAKTNQQFELIDNEFNEVEKQIGNVINWTRDSITEVWSYNAELLIAMENQHTIDLADSEMDKLYERVKRQLRENAEEDGTGCFEIFHKCDDDCMASIRNNTYDHRKYREEAMQNRIQIDPVKLSSGYKDVILWFSFGASCFILLAIVMGLVFICVKNGNMRCTICI,MNPNQKILCTSATAITIGAIAVLIGIANLGLNIGLHLKPGCNCSHSQPETTNTSQTIINNYYNETNITNIQIEERTSRNFNNLTKGLCTINSWHIYGKDNAVRIGESSDVLVTREPYVSCDPDECRFYALSQGTTIRGKHSNGTIHDRSQYRALISWPLSSPPTVHNSRVECIGWSSTSCHDGKSRMSICISGPNNNASAVVWYNRRPVAEINTWARNILRTQESECVCHNGVCPAVFTDGPATGPADTRIYYFKEGKILKWESLTGTAKHIEECSCYGERTGITCTCRDNWQGSNRPVVQIDPVAMTHTSQYICSPVLTDSPRPNDPNIGKCNDPYPGNNNNGVKGFSYLDGANTWLGRTISTTSRSGYEMLKVPNALTDDRSKPIQGQTIVLNADWSGYSGSFMDYWAEGDCYRACFYVELIRGRPKEDKVWWTSNSIVSMCSSTEF,560,449,1e-05,1e-05,1e-05
A/Shanghai/02/2013,H7N9,2016-04-01,Moderate-High,6.4,7.2,5.52,7.43,6.41,8.32,MNTQILVFALIAIIPTNADKICLGHHAVSNGTKVNTLTERGVEVVNATETVERTNIPRICSKGKRTVDLGQCGLLGTITGPPQCDQFLEFSADLIIERREGSDVCYPGKFVNEEALRQILRESGGIDKEAMGFTYSGIRTNGATSACRRSGSSFYAEMKWLLSNTDNAAFPQMTKSYKNTRKSPALIVWGIHHSVSTAEQTKLYGSGNKLVTVGSSNYQQSFVPSPGARPQVNGLSGRIDFHWLMLNPNDTVTFSFNGAFIAPDRASFLRGKSMGIQSGVQVDANCEGDCYHSGGTIISNLPFQNIDSRAVGKCPRYVKQRSLLLATGMKNVPEIPKGRGLFGAIAGFIENGWEGLIDGWYGFRHQNAQGEGTAADYKSTQSAIDQITGKLNRLIEKTNQQFELIDNEFNEVEKQIGNVINWTRDSITEVWSYNAELLVAMENQHTIDLADSEMDKLYERVKRQLRENAEEDGTGCFEIFHKCDDDCMASIRNNTYDHSKYREEAMQNRIQIDPVKLSSGYKDVILWFSFGASCFILLAIVMGLVFICVKNGNMRCTICI,MNPNQKILCTSATAIIIGAIAVLIGMANLGLNIGLHLKPGCNCSHSQPETTNTSQTIINNYYNETNITNIQMEERTSRNFNNLTKGLCTINSWHIYGKDNAVRIGESSDVLVTREPYVSCDPDECRFYALSQGTTIRGKHSNGTIHDRSQYRALISWPLSSPPTVYNSRVECIGWSSTSCHDGKSRMSICISGPNNNASAVVWYNRRPVAEINTWARNILRTQESECVCHNGVCPVVFTDGSATGPADTRIYYFKEGKILKWESLTGTAKHIEECSCYGERTGITCTCRDNWQGSNRPVIQIDPVAMTHTSQYICSPVLTDNPRPNDPNIGKCNDPYPGNNNNGVKGFSYLDGANTWLGRTISTASRSGYEMLKVPNALTDDRSKPIQGQTIVLNADWSGYSGSFMDYWAEGDCYRACFYVELIRGRPKEDKVWWTSNSIVSMCSSTEF,560,449,1e-05,1e-05,1e-05
A/California/62/2018,H1N2,2019-07-01,Moderate,5.8,5.7,4.22,7.16,3.8,7.09,MKVKLMVLLCTFTATYADTICVGYHANNSTDTVDTVLEKNVTVTHSVNLLEDSHNGKLCLLKGIAPLQLGSCSVAGWILGNPECELLNSKESWSYIVETSNPENGTCYPGYFEDYEELREQLSSVSSFKKFEIFPKKSSWPNHTVTGVSSSCSHNGNSSFYRNLLWLTVKNNLYPNLSKSYTNKEGKEVLVLWGVHHPSNMEDQRALYHTENAYVSVVSSHYSRRFTPEIAKRPKVRNQEGRINYYWTLLEPGDTIIFEASGNLIAPRYAFELSKSFGSGIITSNAPMGECNTKCQTPQGAINSSLPFQNVHPVTIGECPKYVRSAKLRMVTGLRNTPSIQSRGLFGAIAGFIEGGWTGMVDGWYGYHHQNEQGSGYAADQQSTQIAINGITNKVNSVIEKMNTQFTAVGKEFNKLERRMENLNKKVDDGFLDIWTYNAELLVLLENERTLDFHDSNVKNLYEKVKSQLKNNAKEIGNGCFEFYHKCDDECMDSVKNGTYDYPKYSEESKLNREKIDGVKLESMGVYNILAIYSTIASSLVLLISLGAICFWMCSNGSLQ,MNPNQKIITIGSISLTLAAMCFLMQTAILVTNVTLHFNQCECHYPPNNQVILCEPTIIERNTTRIVYLTNTTIEKEKCPKLAEYRNWSKPQCRITGFAPFSKDNSIRLSAGGDIWVTREPYVSCDPDKCYQFALGQGTTLDNRHSNNTFHDRTPYRTLLMNELGIPFHLGTKQVCIAWSSSSCHDGKAWLHVCITGHDENATASIIYNGRLVDSIGSWSKKILRTQESECVCINGTCTVVMTDGSASGRADTRILFIEEGKIIHISPLIGSAQHVEECSCYPRYPGVRCICRDNWKGSNRPVVDINVKDYSIVSSYVCSGLVGDTPRKDDKSSSSNCLNPNNEKGEHGVKGWAFDDGKDVWMGRTINETLRSGYETFKVIEGWSKSNSKLQINRQVIVEKSDRSGYSGIFSVESKSCINRCFYVELIRGRKQENAVWWTSNSIVVFCGT,560,449,1e-05,1e-05,1e-05
A/Indiana/08/2011,H3N2,2012-12-01,Moderate,6.0,4.5,-1.0,-1.0,-1.0,-1.0,MKTIIAFSCILCLIFAQKLPGSDNSMATLCLGHHAVPNGTLVKTITDDQIEVTNATELVQSSSTGGICNSPHQILDGKNCTLIDALLGDPHCDDFQNKEWDLFVERSTAYSNCYPYYVPDYATLRSLVASSGNLEFTQESFNWTGVAQGGSSYACRRGSVNSFFSRLNWLYNLNYKYPEQNVTMPNNDKFDKLYIWGVHHPGTDKDQTNLYVQASGRVIVSTKRSQQTVIPNIGSRPWVRGVSSIISIYWTIVKPGDILLINSTGNLIAPRGYFKIQSGKSSIMRSDAHIDECNSECITPNGSIPNDKPFQNVNKITYGACPRYVKQNTLKLATGMRNVPEKQTRGIFGAIAGFIENGWEGMVDGWYGFRHQNSEGTGQAADLKSTQAAINQITGKLNRVIKKTNEKFHQIEKEFSEVEGRIQDLEKYVEDTKIDLWSYNAEILVALENQHTIDLTDSEMSKLFERTRRQLRENAEDMGNGCFKIYHKCDNACIGSIRNGTYDHDIYRNEALNNRFQIKGVQLKSGYKDWILWISFAISCFLLCVVLLGFIMWACQKGNI,MNPNQKIITIGSVSLIIATICFLMQIAILVTTVTLHFKQHDYNSPPNNQAMLCEPTIIERNTTEIVYLTNITIEKEICPKLAEYRNWSKPQCNITGFAPFSKDNSIRLSAGGDIWVTREPYVSCDPDKCYQFALGQGTTLNNGHSNNTVHDRTPYRTLLMNELGVPFHLGTRQVCMAWSSSSCHDGKAWLHVCITGNDNNATASFIYNGRLVDSIGSWSKNILRTQESECVCINGTCTVVMTDGSASGKADTKILFVEEGKIVHISTLSGSAQHVEECSCYPRFPGVRCVCRDNWKGSNRPIVDINVKNYSIVSSYVCSGLVGDTPRKSDSVSSSYCLDPNNEKGGHGVKGWAFDDGNDVWMGRTINETLRLGYETFKVIEGWSKANSKLQTNRQVIVEKGDRSGYSGIFSVEGKSCINRCFYVELIRGRKEETKVWWTSNSIVVFCGT,560,449,5.763309175784515e-05,4.2557647747863396e-05,4.952503223270696e-05
A/Sichuan/06681/2021,H5N6,2021-10-01,Moderate,5.3,6.3,3.88,6.45,5.04,7.47,MENIVLLLAIVSLVKSDQICIGYHANNSTEQVDTIMEKNVTVTHAQDILEKTHNGKLCDLNGVKPLILKDCSVAGWLLGNPMCDEFIRVPEWSYIVERANPANDLCYPGSLNDYEELKHLLSRINHFEKILIIPKGSWPNHETSLGVSAACPYQGAPSFFRNVVWLVKKNDAYPTIKISYNNTNREDLLILWGIHHSNNAEEQINLYKNPTTYISVGTSTLNQRLVPKIATRSQVNGQRGRMDFFWTILKPDDAIHFESNGNFIAPEYAYKIVKKGDSTIMKSGVEYGHCNTKCQTPIGAINSSMPFHNIHPLTIGECPKYVKSNKLVLATGLRNSPLREKRRKRGLFGAIAGFIEGGWQGMVDGWYGYHHSNEQGSGYAADKESTQKAIDGVTNKVNSIIDKMNTQFEAVGREFNNLERRIENLNKKMEDGFLDVWTYNAELLVLMENERTLDFHDSNVKNLYDKVRLQLRDNAKELGNGCFEFYHKCDNECMESVRNGTYDYPQYSEEARLKREEISGVKLESIGTYQILSIYSTAASSLALAIMMAGLSLWMCSNGS,MNPNQKITCISATGVTLSIVSLLIGITNLGLNIGLHYKVSDSTTINIPNMNETNPTTTNITNTIMNKNEEKTFLKLTKPLCEVNSWHILSKDNAIRIGEDAHILVTREPYLSCDPQGCRMFALSQGTTLRGQHANGTIHDRSPFRALISWEMGQAPSPYNTRVECIGWSSTSCHDGISRMSVCISGPNNNASAVVWYRGRPVTEIPSWAGNILRTQESECVCHKGICPVVMTDGPANNKAATKIVYLKEGKIQKTEELQGNAQHIEECSCYGAARMIKCVCRDNWKGANRPIITIDPERMTHTSKYLCSKILTDTSRPNDPTNGNCDAPIKGGNPDPGVKGFAFLDGENSWLGRTISKDSRSGYEMLKVPNAEIDTQSGPISYQLIVNNQNWSGYSGAFIDYWANKECFNPCFYVELIRGRPKESSVLWTSSSMVALCGSRERLGSWSW,560,449,1e-05,0.1647445332625281,0.0012835284697369517
A/Anhui-Lujiang/39/2018,H9N2,2019-07-01,Moderate,6.2,5.9,4.76,7.57,4.3,7.3,METVSLITILLVATASNADKICIGYQSTNSTETVDTLTENNVPVTHAKELLHTEHNGMLCATSLGQPLILDTCTVEGLIYGNPSCDLSLEGREWSYIVERPSAVNGLCYPGNVENLEELRSLFSSARSYQRIQIFPDTIWNVSYDGTSTACSDSFYRSMRWLTRKDGNYPTQDAQYTNNQGKNILFMWGINHPPTDDTQRNLYTRTDTTTSVATEEINRIFKPLIGPRPLVNGLMGRINYYWSVLKPGQTLRIKSDGNLIAPWYGHILSGESHGRILKTDLKRGSCTVQCQTEKGGLNTTLPFQNVSKYAFGNCSKYIGIKSLKLAVGLRNVPSRSSRGLFGAIAGFIEGGWSGLVAGWYGFQHSNDQGVGMAADRDSTQKAIDKITSKVNNIVDKMNKQYEIIDHEFSEVETRLNMINNKIDDQIQDIWAYNAELLVLLENQKTLDEHDANVNNLYNKVKRALGSNAVEDGKGCFELYHKCNDQCMETIRNGTYNRRKYQEESKLERQKIEGVKLESEGTYKILTIYSTVASSLVIAMGFAAFLFWAMSNGSCRCNICI,MNPNQKITAIGSVSLIIAIICLLMQIAILTTTMTLHFGQKECSNPSNNQVMPCEPIIIEKNTVHLNSTIIEREICPKVAKYKNWSKPQCLITGFAPFSKDNSVRLSAGGDIWVTREPYVSCSPDKCYQFALGQGTTLENKHSNGTTHDRTPHRTLLMNELGVPFHLGTKQVCIAWSSSSCYDGKAWLHICVTGDDKNATASIIYDGMLVDSIGSWSKNILRTQESECVCINGTCAVVMTDGSASGVADTRVLFIREGRIINIRPLSGSAQHVEECSCYPRYPEIRCVCRDNWKGSNRPIIYINMADYSIESSYVCSGLVGDTPRNDDSSSSSNCRDPNNERGAPGVKGWAFDDGNDVWMGRTIKNGSRSGYETFRVINGWTMANSKSQINRQVIVDSDNWSGYSGIFSVEGKECINRCFYVELIRGRPQEPRVWWTSNSIIVFCGTSGT,560,449,0.0007901640506061,0.0033813974134697,0.0016345821107965814
A/Ohio/13/2017,H3N2,2019-07-01,Moderate,6.6,5.8,5.01,7.59,4.09,7.26,MKTIIALSHILCLVFAQKLPGNDNNMATLCLGHHAVPNGTIVKTITNDQIEVTNATELVQSFSTGEICNSPYQILDGENCTLIDALLGDPQCDGFQNNKWDLFVERSKAHSNCYPYDVPDYASLRSLVASSGTLEFNNESFNWTGVTQDGASSSCKRRSSNSFFSRLNWLTHLNFKYPALEVTMPNNEQFDKLYIWGVHHPATDKDQISLYAQAAGRIIVSTKRNQQAVIPNIGSRPRVRDIPSRISIYWTIVRPGDILLINSTGNLIAPRGYFKIRSGKSSIMRSDAPIGKCNSACITPNGSIPNDKPFQNVNRITYGACPRYVKQNTLKLATGMRNIPEKQTRGIFGAIAGFIENGWEGMVDGWYGFRHQNSEGRGQAADLKSTQAAIDQINGKLNRLIGKTNEKFHQIEKEFSDVEGRIQDLEKYVEDTKIDLWSYNAELLVALENQHTIDLTDSEMNKLFEKTKKQLRENAEDMGNGCFKIYHKCDNACIGSIRNGTYDHDVYRNEALNNRFQIKGVELKSEYKDWILWISFAISCFLLCVALLGFIMWACQKGNI,MNPNQKIITIGSVSLIIATICFLMQIAILVTTITLHFKQHNCDSSPNNHVMFCEPTIIERNKTEIVYLTNTTVEKEICPKPTEYRNWSKPQCNITGFAPFSKDNSIRLSAGGDIWVTREPYVSCDQDKCYQFALGQGTTLNNGHSNDTVHDRTPYRTLLMNELGVPFHLGTRQVCIAWSSSSCHDGKAWLHVCITGDDKNATASLIYNGRLVDSIGSWSKNILRTQESECVCINGTCTVVMTDGSASGKADTKILFIEEGKIIHISTLSGSAQHVEECSCYPRYSGVRCVCRDNWKGSNRPIVDINVKDYSTVSSYICSGLVGDTPRKNDSFSSSNCLDPNNEEGGHGVKGWAFDDGNDLWMGRTISEKSRLGYETFKVVKGWSEPNSKLQSNRQVIVDRGNRSGYSGIFSIEGKNCINRCFYVELIRGRKEETKVLWTSNSIVVFCGT,560,449,0.0040905497075737,0.0009807845060917,0.0020029847165133883
A/mink/Spain/3691-8_22VIR10586-10/2022,H5N1,2023-04-01,Moderate,5.1,6.2,3.96,6.27,4.95,7.43,MENIVLLLAIVSLVKSDQICIGYHANNSTEQVDTIMEKNVTVTHAQDILEKTHNGKLCDLNGVKPLILKDCSVAGWLLGNPMCDEFIRVPEWSYIVERANPANDLCYPGSLNDYEELKHLLSRINHFEKILIIPKSSWPNHETSLGVSAACPYQGAPSFFRNVVWLIKKNDAYPTIKISYNNTNREDLLILWGIHHSNNAEEQTNLYKNPTTYISVGTSTLNQRLVPKIATRSQVNGQRGRMDFFWTILKPDDAIHFESNGNFIAPEYAYKIVKKGDSTIMKSGVEYGHCNTKCQTPVGAINSSMPFHNIHPLTIGECPKYVKSNKLVLATGLRNSPLREKRRKRGLFGAIAGFIEGGWQGMVDGWYGYHHSNEQGSGYAADKESTQKAMDGVTNKVNSIIDKMNTQFEAVGREFNNLERRIENLNKKMEDGFLDVWTYNAELLVLMENERTLDFHDSNVKNLYDKVRLQLRDNAKELGNGCFEFYHKCDNECMESVRNGTYDYPQYSEEARLKREEISGVKLESIGTYQILSIYSTAASSLALAIMIAGLSLWMCSNGS,MNPNQRIITTGSICMVIGIVSLMLQIGNIISIWVSHSIQTGNQYQPEPCNQSIITYENNTWVNQTYVNISNTNSLAEQAVTSVTLAGNSSLCPISGWAIYSKDNGIRIGSKGDVFVIREPFISCSHLECRTFFLTQGALLNDKHSNGTVKDRSPYRTLMSCPLGEAPSPYNSRFESVAWSASACHDGISWLTIGISGPDNGAVAVLKYNGIITDTIKSWRNNILRTQESECACVNGSCFTVMTDGPSNGQASYKIFKIEKGKVVKSVELNAPNYHYEECSCYPDAGEIMCVCRDNWHGSNRPWVSFNQNLEYQIGYICSGVFGDNPRPNDGTGSCSPMSSNGAYGVKGFSFKYGNGVWIGRTKSTSSRIGFEMIWDPNGWTETDSSFSVKQDIVAMTDWSGYSGTFVQHPELTGLDCMRPCFWVELIRGRPKENTIWTSGSSISFCGVN,560,449,0.0064255718141507994,0.0010863823052728,0.0026420877199958884
A/swine/Shandong/1207/2016,H1N1,2020-07-01,Moderate,7.5,6.9,6.33,8.65,5.42,8.09,MEARLFVLFCAFTTLKADTICVGYHANNSTDTVDTILEKNVTVTHSVNLLENSHNGKLCSLNGKIPLQLGNCNVAGWILGNPKCDLLLTANSWSYIIETSNSKNGACYPGEFADYEELKEQLSTVSSFERFEIFPKATSWPNHDTTRGTTVACSHSGANSFYRNLLWIVKKGNSYPKLSKSYTNNKGKEVLVIWGVHHPPTESDQQTLYQNNHTYVSVGSSKYYKRFTPEIVARPKVREQAGRMNYYWTLLDQGDTITFEATGNLIAPWHAFALKKGSSSGIMRSDAQVHNCTTKCQTPHGALKGNLPFQNVHPVTIGKCPKYVKSTQLRMATGLRNIPSIQSRGLFGAIAGFIEGGWTGMVDGWYGYHHRNEQGSGYAADQKSTQIAIDGISNKVNSVIEKMNIQFTSVGKEFNSLEKRMENLNKKVDDGFLDVWTYNAELLILLENERTLDFHDLNVKNLYEKVKSQLRNNAKEIGNGCFEFYHKCDNECMESVKNGTYNYPKYSEESKLNREEIDGVKLESMGIHQILAIYSTVASSLVLLVSLGAISFWMCSNGSL,MNPNQKIITIGSICMTIGIASLILQIGNIISIWISHSIQIENQNQSKICNQNVITYENNTWVNQTYVNVSNTTFVAEQAVASVKLAGNSSLCPVSGWAIYSKDNSVRIGSKGDVFVIREPFISCSHLECRTFFLTQGALLNDKHSNGTIKDRSPYRTLMSCPIGEVPSPYNSRFESVAWSASACHDGTNWLTIGISGPDNGAVAVLKYNGIITDTIKSWRKNILRTQESECACVNGSCFTVMTDGPSNGQASYKIFKIERGKVVKSVELNAPNYHYEECSCYPESSEIICVCRDNWHGSNRPWVSFNQNLEYQIGYICSGIFGDNPRPNDKTGSCGPVFPNGANGVKGFSFKYGNGVWIGRTKSTSSRMGFEMIWDPDGWTRTDDKFSVKQDIIGITDWSGYSGSFVQHPELTGLNCMRPCFWVELIRGRPKENTIWTSGSSISFCGVN,560,449,0.0024429150138792002,0.0040528300340769,0.0031465408528965596
A/Vietnam/1203/2004,H5N1,2011-11-01,Moderate,5.2,6.6,-1.0,-1.0,-1.0,-1.0,MEKIVLLFAIVSLVKSDQICIGYHANNSTEQVDTIMEKNVTVTHAQDILEKKHNGKLCDLDGVKPLILRDCSVAGWLLGNPMCDEFINVPEWSYIVEKANPVNDLCYPGDFNDYEELKHLLSRINHFEKIQIIPKSSWSSHEASLGVSSACPYQGKSSFFRNVVWLIKKNSTYPTIKRSYNNTNQEDLLVLWGIHHPNDAAEQTKLYQNPTTYISVGTSTLNQRLVPRIATRSKVNGQSGRMEFFWTILKPNDAINFESNGNFIAPEYAYKIVKKGDSTIMKSELEYGNCNTKCQTPMGAINSSMPFHNIHPLTIGECPKYVKSNRLVLATGLRNSPQRERRRKKRGLFGAIAGFIEGGWQGMVDGWYGYHHSNEQGSGYAADKESTQKAIDGVTNKVNSIIDKMNTQFEAVGREFNNLERRIENLNKKMEDGFLDVWTYNAELLVLMENERTLDFHDSNVKNLYDKVRLQLRDNAKELGNGCFEFYHKCDNECMESVRNGTYDYPQYSEEARLKREEISGVKLESIGIYQILSIYSTVASSLALAIMVAGLSLWMCSNG,MNPNQKIITIGSICMVTGIVSLMLQIGNMISIWVSHSIHTGNQHQSEPISNTNFLTEKAVASVKLAGNSSLCPINGWAVYSKDNSIRIGSKGDVFVIREPFISCSHLECRTFFLTQGALLNDKHSNGTVKDRSPHRTLMSCPVGEAPSPYNSRFESVAWSASACHDGTSWLTIGISGPDNGAVAVLKYNGIITDTIKSWRNNILRTQESECACVNGSCFTVMTDGPSNGQASHKIFKMEKGKVVKSVELDAPNYHYEECSCYPNAGEITCVCRDNWHGSNRPWVSFNQNLEYQIGYICSGVFGDNPRPNDGTGSCGPVSSNGAYGVKGFSFKYGNGVWIGRTKSTNSRSGFEMIWDPNGWTETDSSFSVKQDIVAITDWSGYSGSFVQHPELTGLDCIRPCFWVELIRGRPKESTIWTSGSSISFCGVNSDTVGWSWPDGAELPFTIDK,560,449,0.0056104571529980996,0.0045463330784355,0.005050446211952001
A/American wigeon/South Carolina/AH0195145/2021,H5N1,2022-03-01,Moderate,4.4,5.1,3.28,5.51,3.84,6.19,MENIVLLLAIVSLVKSDQICIGYHANNSTEQVDTIMEKNVTVTHAQDILEKTHNGKLCDLNGVKPLILKDCSVAGWLLGNPMCDEFIRVPEWSYIVERANPANDLCYPGSLNDYEELKHMLSRINHFEKILIIPKSSWPNHETSLGVSAACPYQGAPSFFRNVVWLIKKNDAYPTIKISYNNTNREDLLILWGIHHSNNAEEQTNLYKNPTTYISVGTSTLNQRLAPKIATRSQVNGQRGRMDFFWTILKPDDAIHFESNGNFIAPEYAYKIVKKGDSTIMKSGVEYGHCNTKCQTPVGAINSSMPFHNIHPLTIGECPKYVKSNKLVLATGLRNSPLREKRRKRGLFGAIAGFIEGGWQGMVDGWYGYHHSNEQGSGYAADKESTQKAIDGVTNKVNSIIDKMNTQFEAVGREFNNLERRIENLNKKMEDGFLDVWTYNAELLVLMENERTLDFHDSNVKNLYDKVRLQLRDNAKELGNGCFEFYHKCDNECMESVRNGTYDYPQYSEEARLKREEISGVKLESVGTYQILSIYSTAASSLALAIMMAGLSLWMCSNGS,MNPNQKITTIGSICMVIGIVSLMLQIGNIISIWVSHSIQTGNQYQPEPCNQSIITYENNTWVNQTYVNISNTNFLAEQAVTSVTLAGNSSLCPISGWAIYSKDNGIRIGSKGDVFVIREPFISCSHLECRTFFLTQGALLNDKHSNGTVKDRSPYRTLMSCPVGEAPSPYNSRFESVAWSASACHDGISWLTIGISGPDNGAVAVLKYNGIITDTIKSWRNNILRTQESECACVNGSCFTVMTDGPSNGQASYKIFKIDKGKVVKSVELNAPNYHYEECSCYPDAGDIMCVCRDNWHGSNRPWVSFNQNLEYQIGYICSGVFGDNPRPNDGTGSCSPMSSNGAYGVKGFSFKYGNGVWIGRTKSTSSRSGFEMIWDPNGWTETDSSFSVKQDIVEITDWSGYSGSFVQHPELTGLDCMRPCFWVELIRGRPKENTIWTSGSSISFCGVN,560,449,0.009162332092724799,0.005231480420247199,0.006923334525132548
A/Northern pintail/Washington/40964/2014,H5N2,2015-03-01,Low-Moderate,3.8,4.1,2.6,5.0,3.0,5.7,MEKIVLLLAVISLVKSDQICIGYHANNSTKQVDTIMEKNVTVTHAQDILEKTHNGKLCDLNGVKPLILKDCSVAGWLLGNPMCDEFIRVPEWSYIVERANPANDLCYPGTLNDYEELKHLLSRINHFEKNLIIPRSSWPNHETSLGVSAACPYQGASSFFRNVVWLIKKNDAYPTIKISYNNTNREDLLILWGIHHSNNAAEQTNLYKNPDTYVSVGTSTLNQRLVPKIATRSQVNGQSGRMDFFWTILKPNDAIHFESNGNFIAPEYAYKIVKKGDSTIMKSEMEYGHCNTKCQTPIGAINSSMPFHNIHPLTIGECPKYVKSNKLVLATGLRNSPLRERRRKRGLFGAIAGFIEGGWQGMVDGWYGYHHSNEQGSGYAADKESTQKAIDGVTNKVNSIIDKMNTQFEAVGREFNNLERRIENLNKKMEDGFLDVWTYNAELLVLMENERTLDFHDSNVKNLYDKVRLQLRDNAKELGNGCFEFYHKCDNECMESVRNGTYDYPKYSEEAILKREEISGVKLESIGTYQILSIYSTVASSLALAIIVAGLSLWMCSNGS,MNPNQKIITIGSVSLTIATVCFLMQIAILATTVTLHFKQNECSIPPNNQVVPCEPIIIEKNITEIVYLNNTTIEKEVCPEVPEYRNWSKPQCQITGFAPFSKDNSIRLSAGGDIWVTREPYVSCSPGKCYQFALGQGTTLNNKHSNGTIHDRIPHRTLLMSELGVPFHLGTKQVCIAWSSSSCHDGKAWLHVCVTGDDRNATASFIYDGMLADSIGSWSQNILRTQESECVCINGTCTVVMTDGSASGRADTRILFIKEGKIVHISPLSGSAQHIEECSCYPRYPDVRCVCRDNWKGSNRPVIDINMADYSIDSSYVCSGLVGDTPRNDDSSSSSNCRDPNNERGNPGVKGWAFDNGNDVWMGRTISEDSRSGYETFRVTDGWTTANSKSQVNRQIIVDNNNWSGYSGIFSVEGKSCINRCFYVELIRGRPQETRVWWTSNSIVVFCGT,560,449,0.0245399030508126,0.0077751863317692994,0.01381312125421412
A/American green-winged teal/Washington/1957050/2014,H5N1,2015-03-01,Low-Moderate,3.6,4.1,2.4,4.6,3.0,5.6,MEKIVLLLAVISLVKSDQICIGYHANNSTKQVDTIMEKNVTVTHAQDILEKTHNGKLCDLNGVKPLILKDCSVAGWLLGNPMCDEFIRVPEWSYIVERANPANDLCYPGTLNDYEELKHLLSRINHFEKTLIIPRSSWPNHETSLGVSAACPYQGASSFFRNVVWLIKKNDAYPTIKISYNNTNREDLLILWGIHHSNNAAEQTNLYKNPDTYVSVGTSTLNQRLVPKIATRSQVNGQSGRMDFFWTILKPNDAIHFESNGNFIAPEYAYKIVKKGDSTIMKSEMEYGHCNTKCQTPIGAINSSMPFHNIHPLTIGECPKYVKSNKLVLATGLRNSPLRERRRKRGLFGAIAGFIEGGWQGMVDGWYGYHHSNEQGSGYAADKESTQKAIDGVTNKVNSIIDKMNTQFEAVGREFNNLERRIENLNKKMEDGFLDVWTYNAELLVLMENERTLDFHDSNVKNLYDKVRLQLRDNAKELGNGCFEFYHKCDNECMESVRNGTYDYPKYSEEAILKREKISGVKLESIGTYQILSIYSTVASSLALAIIVAGLSLWMCSNGS,MNPNQKIITIGSICMVIGIISLVLQIGNIISIWVSHSIQTGSQNHPETCNQSVITYENNTWVNQTYINISNTNLIAEQVVNPVALAGNSSLCPISGWAIYSKDNGIRIGSKGDVFVIREPFISCSHLECRTFFLTQGALLNDKHSNGTVKDRSPYRTLMSCPVGEAPSPYNSRFESVAWSASACHDGISWLTIGISGPDNGAVAVLKYNGIITDTIKSWRSNILRTQESECACINGSCFTIMTDGPSNGQASYKIFKVEKGKVVKSVELNAPNYHYEECSCYPDASEVMCVCRDNWHGSNRPWVSFNQNLEYQIGYICSGVFGDNPRPNDGTGSCGPVSSNGAYGVKGFSFKYGNGVWIGRTKSTSSRSGFEMIWDPNGWTETDSSFSVKQEIVAITDWSGYSGSFVQHPELTGLDCMRPCFWVELIRGRPKENTIWTSGSSISFCGVN,560,449,0.0361280690088906,0.006099174916291099,0.014844238352743443
A/canine/Illinois/12191/2015,H3N2,2016-06-01,Low,3.7,3.7,2.81,4.9,2.69,4.9,MKTVIALSYIFCLAFGQNLLGNENNAATLCLGHHAVPNGTMVKTITDDQIEVTNATELVQNPSTGKICNNPHKILDGRDCTLIDALLGDPHCDVFQNETWDLFVERSNAFSNCYPYDVPDYASLRSIVASSGTLEFITEGFTWAGVTQNGGSGACKRGPANSFFSRLNWLTKSGNTYPVLNVTMPNNNNFDKLYIWGVHHPSTNQEQTSLYIQASGRVTVSTRRSQQTIIPNIESRPLVRGQSGRISVYWTIVKPGDILVINSNGNLIAPRGYFKMHIGKSSIMRSDAPIDTCISECITPNGSIPNEKPFQNVNKITYGACPKYVKQNTLKLATGMRNVPERQTRGLFGALAGFIENGWEGMVDGWYGFRHQNSEGTGQAADLKSTQAAIDQINGKLNRVIEKTNEKFHQIEKEFSEVEGRIQDLERYVEDTKVDLWSYNAELLVALENQNTIDLTDSEMNKLFEKTRRQLRENAEDMGNGCFKIYHKCDNACIESIRNGTYDHNIYRDEAVNNRFQIKGVELKSGYKDWILWISFAISCFLLCVVLLGFIMWACQRGNI,MNPNQKIIAIGSVSLTIATVCFLLQIAILATTVTLYFKQNECNIPSNSQVVPCKPIIIERNITEVVYLNNTTIEKEICSVVLEYRNWSKPQCQITGFAPFSKDNSIRLSAGGDIWVTREPYVSCDHSKCYQFALGQGTTLNNKHSNSTIHDRTSHRTLLMNELGVPFHLGTKQVCIAWSSSSCHDGKAWLHVCVTGDDRNATASFVYNGMLVDSIGSWSRNILRTQESECVCINGTCTVVMTDGSASGRADTRILFIREGKIIHISPLSGSAQHIEECSCYPRYPNVRCVCRDNWKGSNRPVIDINMADYNINSSYVCSGLVGDTPRNDDSSSSSNCKDPNNERGNPGVKGWAFDNDNDVWMGRTISKDLRSGYETFKVIGGWTTANSKSQVNRQVIVDNNNWSGYSGIFSVEGKSCVNRCFYVELIRGGPQETRVWWTSNSIVVFCGT,560,449,0.019952522071191598,0.015356919269743599,0.017504549999216395
A/Bangladesh/0994/2011,H9N2,2014-02-01,Moderate,5.6,5.4,4.49,6.74,4.41,6.65,METVSLMTILLLVTTSNADKICIGHQSTNSTETVDTLTETNVPVTHAKELLHTDHNGMLCATNLGHPLILDTCNVEGLIYGNPSCDLLLGGREWSYIVERPSAVNGTCYPGNVENLEELRTLFSSSSSYQRIQIFPDTIWNVTYTGTSKSCSDSFYRNMRWLTQKNGLYPVQDAQFTNNRGKDILFVWGIHHPPTDTAQTNLYTRTDTTTSVTTENLDRTFKPLIGPRPLVNGLIGRINYYWSVLKPGQTLRVRSNGNLIAPWYGHVLSGESHGRILKTNLNSGNCVVQCQTEKGGLNSTLPFHNISKYAFGNCPKYIGVKSLKLAIGLRNVPAKSSRGLFGAIAGFIEGGWPGLVAGWYGFQHSNDQGVGIAADRVSTQKAVDKITSKVNNIVDKMNKQYEIIDHEFSEVETRLNMINNKIDDQIQDVWAYNAELLVLLENQKTLDEHDANVNNLYNKVKRALGSNALEDGKGCFELYHKCDDQCMETIRNGTYNRRKYQEESRLERQKIEGIKLESEGTYKILTIYSTVASSLVLAMGFAAFLFWAMSNGSCRCNICI,MNPNQKIIALGSASLTIAIICLLIQIAILATTMTLHFMQNEHTNSTRNKVVPCESIIIERNITEIVHLNGTIIEKESCPKAVEYKNWSKPQCQITGFAPFSKDNSIRLSAGGDIWVTREPYVSCSLSKCYQFALGQGTTLNNRHSNGTTHDRSPYRTLLMSELGVPFHLGTKQVCIAWSSSSCHDGRAWLHVCVTGDDKNATASVIYGGMLTDSIGSWSKNILRTQESECVCINGTCTVVMTDGSASGRADTRILFIREGKIVHISPLSGSAQHVEECSCYPRYPEVRCVCRDNWKGSNRPVLYINVADYSIDSSYVCSGLVGDTPRNEDSSSSSNCRDPNNERGGPGVKGWAFDNGDDVWMGRTIKKDSRAGYETFRVVDGWTLANSKSQTNRQVIVDSDNWSGYSGMFSVEGKTCINRCFYVELIRGRPQETRVWWTSNSIIVFCGT,560,449,0.0344448512057363,0.0301844295776738,0.03224435121898098
A/Yunnan/14564/2015,H5N6,2016-04-01,Moderate,5.0,6.6,4.07,6.18,5.57,7.93,MEKMVLLLAAVSLVKSDQICIGYHANNSTEQVDTIMEKNVTVTHAQDILEKTHNGRLCDLNGVKPLILKDCSVAGWLLGNPMCDEFIRVPEWSYIVERANPANDLCYPGNLNDYEELKHLLSRINHFEKTLIIPKSSWPNHTSSGVSAACPYQGMPSFFRNVVWLTKKNDAYPTIKMSYNNTYREDLLILWGIHHSNNAAEQTNLYKNPTTYVSVGTSTLNQRLEPKIATRSQVNGQRGRMDFFWTILKPNDAIHFESNGNFIAPEYAYKIVKKGDSTIMKSEMEYGHCNTKCQTPIGAINSSMPFHNIHPLTIGECPKYVKSNKLVLATGLRNSPLRERRRKRGLFGAIAGFIEGGWQGMVDGWYGYHHSNEQGSGYAADRESTQKAIDGVTNKVNSIIDKMNTQFEAVGREFNNLERRIENLNKKMEDGFLDVWTYNAELLVLMENERTLDFHDSNVKNLYDKVRLQLRDNAKELGNGCFEFYHKCDNECMESVRNGTYDYPQYSEEARLKREEISGVKLESIGTYQILSIYSTVASSLALAIIVAGLSLWMCSNGSL,MNPNQKITCISATGVTLSVVSLLIGIANLGLNIGLHYKVSDSTTINIPNMNETNPTTTNITNIIVNKNEERTFLNLTKPLCEVNSWHILSKDNAIRIGEDAHILVTREPYLSCDPQGCRMFALSQGTTLRGRHANGTIHDKSPFRALISWEMGQAPSPYNTRVECIGWSSTSCHDGISRMSICISGPNNNASAVVWYRGRPVTEIPSWVGNILRTQESECVCHKGICPVVMTDGPANNKAATKIIYFKEGKIQKIEELQGNAQHIEECSCYGAAGMIKCVCRDNWKGANRPIITIDPEMMTHTSKYLCSKILTDTSRPNDPTNGNCDEPITGGSPDPGVKGFAFLDGENSWLGRTISKDSRSGYEMLKVPNAETDTQSGPTSYQLIVNNQNWSGYSGAFIDYWANKECFNPCFYVELIRGRPKEIDVLWASNSMVALCGSRERLGSWSW,560,449,0.017924136009786,0.0985242293325135,0.04202334692543324
A/gyrfalcon/Washington/41088/2014,H5N8,2015-03-01,Low-Moderate,4.2,4.6,2.9,5.3,3.4,5.9,MEKIVLLLAVISLVKSDQICIGYHANNSTKQVDTIMEKNVTVTHAQDILEKTHNGKLCDLNGVKPLILKDCSVAGWLLGNPMCDEFIRVPEWSYIVERANPANDLCYPGTLNDYEELKHLLSRINHFEKTLIIPRSSWPNHETSLGVSAACPYQGASSFFRNVVWLIKKNDAYPTIKISYNNTNREDLLILWGIHHSNNAAEQTNLYKNPDTYVSVGTSTLNQRLVPKIATRSQVNGQSGRMDFFWTILKPNDAIHFESNGNFIAPEYAYKIVKKGDSTIMKSEMEYGHCNTKCQTPIGAINSSMPFHNIHPLTIGECPKYVKSNKLVLATGLRNSPLRERRRKRGLFGAIAGFIEGGWQGMVDGWYGYHHSNEQGSGYAADKESTQKAIDGVTNKVNSIIDKMNTQFEAVGREFNNLERRIENLNKKMEDGFLDVWTYNAELLVLMENERTLDFHDSNVKNLYDKVRLQLRDNAKELGNGCFEFYHKCDNECMESVRNGTYDYPKYSEEAILKREEISGVKLESIGTYQILSIYSTVASSLALAIIVAGLSLWMCSNGS,MNPNQKIVTIGSLSLGLVVFNVLLHAVSIILTVLALGKSENNGICNGTVVREYNETVRIEKVTQWYNTSVVEYVPHWNEGTYINNTEPICDVKGFAPFSKDNGIRVGSRGHIFVIREPFVSCSPVGCRTFFLTQGSLLNDKHSNGTVKDRSPFRTLMSVEVGQSPNVYQARFEAVAWSATACHDGKKWMAIGVTGPDSKAVAVVHYGGVPTDVVNSWAGDILRTQESSCTCIQGNCYWVMTDGPANRQAQYRIYKANQGKIIGRKDVSFSGGHIEECSCYPNDGKVECVCRDNWTGTNRPVLIISPDLSYRVGYLCAGLPSDTPRGEDTQFVGSCTSPMGNQGYGVKGFGFRQGTDVWVGRTISRTSRSGFEIIRIKNGWTQTSKEQIRRQVVVDNSNWSGYSGSFTLPVELSGRECLVPCFWVEMIRGRPEERTIWTSSSSIVMCGVD,560,449,0.0258223999217039,0.1070847091326099,0.05258501863384277
A/chicken/Tennessee/17-007431-3/2017,H7N9,2017-10-01,Low,3.1,3.5,2.2,3.94,2.53,4.32,MNTQILALIACMLIGAKGDKICLGHHAVANGTKVNTLTERGIEVVNATETVETANIKKICTQGRKPTDLGQCGLLGTLIGPPQCDQFLEFDADLIIERREGTDVCYPGKFTNEESLRQILRGSGGIDKESMGFTYSGIRTNGATSACRRLDSSFYAEMKWLLSNSNNAAFPQMTKSYRNPRSKPALIIWGVHHSGSADEQTKLYGSGNKLITVGSSKYQQSFTPSPGARPQVNGQSGRIDFHWLLLDPNDTVTFTFNGAFIAPDRASFLRGESLGVQSDVPLDSSCKGDCFHNGGTIVSSLPFQNINPRTVGKCPRYVKQTSLLLATGMRNVPENPKTRGLFGAIAGFIENGWEGLIDGWYGFRHQNAQGEGTAADYKSTQSAIDQITGKLNRLIDKTNQQFELIDNEFSEIEQQIGNVINWTRDSMTEVWSYNAELLVAMENQHTIDLADSEMNKLYERVRKQLRENAEEDGTGCFEIFHKCDDQCMESIRNNTYDHTQYRAESLQNRIQIDPVKLSSGYKDIILWFSFGASCFLLLAIAMGLVFICIKNGNMRCTICI,MNPNQKILCTSATAIVIGTIAVLIGIANLGLNIGLHLKPNCNCSNSQSETSNASQTIINNYYNETNITQISNTNIQMEEKANREFNNLTKGLCTINSWHIYGKDNAVRIGENSDVLVTREPYVSCDPDECRFYALSQGTTIRGKHSNGTIHDRSQYRALISWPLSSPPTVYNSRIECIGWSSASCHDGRARMSICISGPNNNASAVIWYNRRPVTEINTWARNILRTQESECVCHNGICPVVFTDGSATGPAETRVYYFKEGKILKWEPLTGTAKHIEECSCYGVQAGITCTCRDNWQGSNRPVIQIDPVAMTHTSQYICSPVLTDNPRPNDPAVGKCNDPYPGNNNNGVKGFSYLDGGNTWLGRTISTASRSGYEMLKVPNALTDDRSKPTQGQTIVLNTDWSGYSGSFMDYWAEGECYRACFYVELIRGRPKEDKVWWTSNSIVSMC,560,449,0.0478591825196824,0.0614188703059412,0.05421675870175883
A/Jiangxi-Donghu/346/2013,H10N8,2014-02-01,Moderate,4.3,6.0,3.37,5.96,5.21,7.24,MYKIVVIIALLGAVKGLDKICLGHHAVANGTIVKTLTNEQEEVTNATETVESTGINRLCMKGRKHKDLGNCHPIGMLIGTPACDLHLTGMWDTLIERENAIAYCYPGATVNVEALRQKIMESGGINKISTGFTYGSSINSAGTTRACMRNGGNSFYAELKWLVSKSKGQNFPQTTNTYRNTDTAEHLIMWGIHHPSSTQEKNDLYGTQSLSISVGSSTYRNNFVPVVGARPQVNGQSGRIDFHWTLVQPGDNITFSHNGGLIAPSRVSKLIGRGLGIQSDAPIDNNCESKCFWRGGSINTRLPFQNLSPRTVGQCPKYVNRRSLMLATGMRNVPELIQGRGLFGAIAGFLENGWEGMVDGWYGFRHQNAQGTGQAADYKSTQAAIDQITGKLNRLVEKTNTEFESIESEFSEIEHQIGNVINWTKDSITDIWTYQAELLVAMENQHTIDMADSEMLNLYERVRKQLRQNAEEDGKGCFEIYHACDDSCMESIRNNTYDHSQYREEALLNRLNINPVTLSSGYKDIILWFSFGASCFVLLAVVMGLFFFCLKNGNMRCTIC,MNPNQKIITIGSVSLGLVILNILLHIVSITVTVLVLPGNGNNESCNETVIREYNETVRVEKVTQWHNTNVIEYIERPENDHFMNNTEALCDAKGFAPFSKDNGIRIGSRGHVFVIREPFVSCSPTECRTFFLTQGSLLNDKHSNGTVKDRSPYRTLMSVEIGQSPNVYQARFEAVAWSATACHDGKKWMTIGVTGPDAKAVAVVHYGGIPTDVINSWAGDILRTQESSCTCIQGECFWVMTDGPANRQAQYRAFKAKQGKIVGQAEISFNGGHIEECSCYPNEGKVECVCRDNWTGTNRPVLVISPDLSYRVGYLCAGLPSDTPRGEDSQFTGSCTSPMGNQGYGVKGFGFRQGNDVWMGRTISRTSRSGFEILKVRNGWVQNSKEQIKRQVVVDNLNWSGYSGSFTLPAELTKRNCLVPCFWVEMIRGNPEEKTIWTSSSSIVMCGVD,560,449,0.0366021163650233,0.1261133845627651,0.06794127447254181
A/turkey/Indiana/1573-2/2016,H7N8,2017-07-01,Low,3.4,3.9,2.4,4.26,2.91,4.63,MNTQILALIACMLIGAKGDKICLGHHAVANGTKVNTLTERGIEVVNATETVETANIKKICTQGKRPTDLGQCGLLGTLIGPPQCDQFLEFDADLIIERREGTDVCYPGKFTNKESLRQILRGSGGIDKESMGFTYSGIRTNGATSACRRSGSSFYAEMKWLLSNSDNAAFPQMTKSYRNPRSKPALIIWGVHHSGSVTEQTXLYGSGNKLITVGSSKYQQSFTPSPGARPQVNGQSGRIDFHWLLLDPNDTVTFTFNGAFIAPDRASFLRGESLGVQSDVPLDSSCKGDCFHNGGTIVSSLPFQNINPRTVGKCPRYVKQTSLLLATGMRNVPENPKTRGLFGAIAGFIENGWEGLIDGWYGFRHQNAQGEGTAADYKSTQSAIDQITGKLNRLIDKTNQQFELIDNEFSEIEQQIGNVINWTRDSMTEVWSYNAELLVAMENQHTIDLADSEMNKLYERVRKQMRENAEEDGTGCFEIFHKCDDQCMESIRNNTYDHTQYRAESLQKRIQIDPVKLSSGYKDIILWFSFGASCFLLLAIAMGLVFICIKNGNMRCTICI,MNPNKKIITIGSVSLGLVVLNILLHIVSITVTVLVLPGNGNNGNCNETVIREYNETVRIEKVTQWHNTNVIEYIERPENDHFMNNTEALCDAKGFAPFSKDNGIRIGSRGHIFVIREPFVSCSPTECRTFFLTQGSLLNDKHSNGTVKDRSPYRTLMSVEIGQSPNVYQARFEAVAWSATACHDGKKWMTIGVTGPDAEAVAVVHYGGIPTDVINSWAGDILRTQESSCTCIQGECYWVMTDGPANRQAQYRAFKAKQGKIVGQTEISFNGGHIEECSCYPNEGKVECVCRDNWTGTNRPVLVISPDLSYRVGYLCAGLPSDTPRGEDSQFTGSCTSPMGNQGYGVKGFGFRQGNDVWMGRTISRTSRSGFEILKVRNGWVQNSKEQIKRQVVVDNLNWSGYSGSFTLPVELTKRNCLVPCFWVEMIRGKPEEKTIWTSSSSIVMCGVD,560,449,0.051249712399552505,0.11961573813375109,0.07829605467592175
A/chicken/Tennessee/17-007147-2/2017,H7N9,2017-10-01,Low,2.8,3.5,2.01,3.71,2.67,4.39,MNTQILALIACMLIGAKGDKICLGHHAVANGTKVNTLTERGIEVVNATETVETANIKKICTQGRRPTDLGQCGLLGTLIGPPQCDQFLEFDADLIIERREGTDVCYPGKFTNEESLRQILRGSGGIDKESMGFTYSGIRTNGATSACRRSGSSFYAEMKWLLSNSNNAAFPQMTKSYRNPRSKPALIIWGVHHSGSAAEQTKLYGSGNKLITVGSSKYQQSFTPSPGARPQVNGQSGRIDFHWLLLDPNDTVTFTFNGAFIAPDRASFLRGESLGVQSDVPLDSSCEGDCFHNGGTIVSSLPFQNINPRTVGKCPRYVKQTSLLLATGMRNVPENPKTDRKSRHRRIRGLFGAIAGFIENGWEGLIDGWYGFRHQNAQGEGTAADYKSTQSAIDQITGKLNRLIDKTNQQFELIDNEFSEIEQQIGNVINWTRDSMTEVWSYNAELLVAMENQHTIDLADSEMNKLYERVRKQLRENAEEDGTGCFEIFHKCDDQCMESIRNNTYDHTQYRAESLQNRIQIDPVKLSSGYKDIILWFSFGASCFLLLAIAMGLVFICIKN,MNPNQKILCTSATAIVIGTIAVLIGIANLGLNIGLHLKPNCNCSNSQSETSNASQTIINNYYNETNITQISNTNIQMEEKANREFNNLTKGLCTINSWHIYGKDNAVRIGENSDVLVTREPYVSCDPDECRFYALSQGTTIRGKHSNGTIHDRSQYRALISWPLSSPPTVYNSRIECIGWSSASCHDGRARMSICISGPNNNASAVIWYNRRPVTEINTWARNILRTQESECVCHNGICPVVFTDGSATGPAETRVYYFKEGKILKWEPLTGTAKHIEECSCYGVQAGITCTCRDNWQGSNRPVIQIDPVAMTHTSQYICSPVLTDNPRPNDPAVGKCNDPYPGNNNNGVKGFSYLNGGNTWLGRTISTASRSGYEMLKVPNALTDDRSKPTQGQTIVLNTDWSGYSGSFMDYWAEGECYRACFYVELIRGRPKEDKVWWTSNSIVSMC,560,449,0.1034505601437193,0.061780779587819204,0.07994533291240681
A/Astrakhan/3212/2020,H5N8,2021-03-01,Moderate,4.6,5.2,3.64,5.82,4.07,6.37,MENIVLLLAIVSLVKSDQICIGYHANNSTEQVDTIMEKNVTVTHAQDILEKTHNGKLCDLNGVKPLILKDCSVAGWLLGNPMCDEFIRVPEWSYIVERANPANDLCYPGSLNDYEELKHLLSRINHFEKILIIPKSSWPNHETSLGVSAACPYQGAPSFFRNVVWLIKKNDAYPTIKISYNNTNREDLLILWGIHHSNNAEEQTNLYKNPTTYISVGTSTLNQRLVPKIATRSQVNGQRGRMDFFWTILKPDDAIHFESNGNFIAPEYAYKIVKKGDSTIMKSGVEYGHCNTKCQTPVGAINSSMPFHNIHPLTIGECPKYVKSNKLVLATGLRNSPLREKRRKRGLFGAIAGFIEGGWQGMVDGWYGYHHSNEQGSGYAADKESTQKAIDGVTNKVNSIIDKMNTQFEAVGREFNNLERRIENLNKKMEDGFLDVWTYNAELLVLMENERTLDFHDSNVKNLYDKVRLQLRDNAKELGNGCFEFYHKCDNECMESVRNGTYDYPQYSEEARLKREEISGVKLESIGTYQILSIYSTAASSLALAIMMAGLSLWMCSNGS,MNPNQKIATIGSISLGLVVFNVLLHALNIILMVLALGKSENNGICKGTIIREYNETVRIEKVTQWYNTSVVEYVPHWNEGAYINNTEPICDVKGFAPFSKDNGIRIGSRGHIFVIREPFVSCSPVECRTFFLTQGALLNDKHSNGTVKDRSPFRTLMSVEVGQSPNVYQARFEAVAWSATACHDGKKWMTIGVTGPDSKAIAVVHYGGVPTDIVNSWAGDILRTQESSCTCIQGNCYWVMTDGPSNRQAQYRIYKANQGKIIDQADVSFSGGHIEECSCYPNDGKVECVCRDNWIGTNRPVLVISPDLSYRVGYLCAGLPSDTPRGEDAQFVGSCTSPMGNQGYGVKGFGFRQGTDVWMGRTISRTSRSGFEIIRIKNGWTQTSKEQIRRQVVVDNLNWSGYSGSFTLPVELSGRECLVPCFWVEMIRGRPEERTIWTSSSSIVMCGVD,560,449,0.132883935416166,0.1471396695431549,0.1398302483181969
A/Netherlands/219/2003,H7N7,2012-06-01,Moderate,4.6,5.8,3.22,4.39,5.99,7.22,MNTQILVFALVASIPTNADKICLGHHAVSNGTKVNTLTERGVEVVNATETVERTNVPRICSKGKRTVDLGQCGLLGTITGPPQCDQFLEFSADLIIERREGSDVCYPGKFVNEEALRQILRESGGIDKETMGFTYSGIRTNGTTSACRRSGSSFYAEMKWLLSNTDNAAFPQMTKSYKNTRKDPALIIWGIHHSGSTTEQTKLYGSGNKLITVGSSNYQQSFVPSPGARPQVNGQSGRIDFHWLILNPNDTVTFSFNGAFIAPDRASFLRGKSMGIQSEVQVDANCEGDCYHSGGTIISNLPFQNINSRAVGKCPRYVKQESLLLATGMKNVPEIPKRRRRGLFGAIAGFIENGWEGLIDGWYGFRHQNAQGEGTAADYKSTQSAIDQITGKLNRLIEKTNQQFELIDNEFTEVERQIGNVINWTRDSMTEVWSYNAELLVAMENQHTIDLADSEMNKLYERVKRQLRENAEEDGTGCFEIFHKCDDDCMASIRNNTYDHSKYREEAIQNRIQIDPVKLSSGYKDVILWFSFGASCFILLAIAMGLVFICVKNGNMRCTI,MNPNQKLFALSGVAIALSVLNLLIGISNVGLNVSLHLKEKGPKQEENLTCTTINQNNTTVVENTYVNNTTIITKGTDLKTPSYLLLNKSLCNVEGWVVIAKDNAVRFGESEQIIVTREPYVSCDPTGCKMYALHQGTTIRNKHSNGTIHDRTAFRGLISTPLGTPPTVSNSDFMCVGWSSTTCHDGIARMTICIQGNNDNATATVYYNRRLTTTIKTWARNILRTQESECVCHNGTCAVVMTDGSASSQAYTKVMYFHKGLVVKEEELRGSARHIEECSCYGHNQKVTCVCRDNWQGANRPIIEIDMSTLEHTSRYVCTGILTDTSRPGDKSSGDCSNPITGSPGVPGVKGFGFLNGDNTWLGRTISPRSRSGFEMLKIPNAGTDPNSRIAERQEIVDNNNWSGYSGSFIDYWNDNSECYNPCFYVELIRGRPEEAKYVWWASNSLIAL,560,449,0.12588083945540482,0.16435892877983702,0.14383893745018064
