strain,subtype,IRAT assessment date,IRAT Emergence Estimate,IRAT Impact Estimate,summary risk,HA Sequence,NA Sequence,HA Qnet Sample,NA Qnet Sample,HA Average Qdistance,NA Average Qdistance,Both Average Qdistance,geometric mean of Edistances,Emergenet emergence estimate,Emergenet impact estimate,pred_GM,lb_GM,ub_GM,pred_E,lb_E,ub_E,pred_I,lb_I,ub_I
A/Yunnan/14564/2015,H5N6,Apr 2016,5.0,6.6,Moderate,MEKMVLLLAAVSLVKSDQICIGYHANNSTEQVDTIMEKNVTVTHAQDILEKTHNGRLCDLNGVKPLILKDCSVAGWLLGNPMCDEFIRVPEWSYIVERANPANDLCYPGNLNDYEELKHLLSRINHFEKTLIIPKSSWPNHTSSGVSAACPYQGMPSFFRNVVWLTKKNDAYPTIKMSYNNTYREDLLILWGIHHSNNAAEQTNLYKNPTTYVSVGTSTLNQRLEPKIATRSQVNGQRGRMDFFWTILKPNDAIHFESNGNFIAPEYAYKIVKKGDSTIMKSEMEYGHCNTKCQTPIGAINSSMPFHNIHPLTIGECPKYVKSNKLVLATGLRNSPLRERRRKRGLFGAIAGFIEGGWQGMVDGWYGYHHSNEQGSGYAADRESTQKAIDGVTNKVNSIIDKMNTQFEAVGREFNNLERRIENLNKKMEDGFLDVWTYNAELLVLMENERTLDFHDSNVKNLYDKVRLQLRDNAKELGNGCFEFYHKCDNECMESVRNGTYDYPQYSEEARLKREEISGVKLESIGTYQILSIYSTVASSLALAIIVAGLSLWMCSNGSLQCRICI,MNPNQKITCISATGVTLSVVSLLIGIANLGLNIGLHYKVSDSTTINIPNMNETNPTTTNITNIIVNKNEERTFLNLTKPLCEVNSWHILSKDNAIRIGEDAHILVTREPYLSCDPQGCRMFALSQGTTLRGRHANGTIHDKSPFRALISWEMGQAPSPYNTRVECIGWSSTSCHDGISRMSICISGPNNNASAVVWYRGRPVTEIPSWVGNILRTQESECVCHKGICPVVMTDGPANNKAATKIIYFKEGKIQKIEELQGNAQHIEECSCYGAAGMIKCVCRDNWKGANRPIITIDPEMMTHTSKYLCSKILTDTSRPNDPTNGNCDEPITGGSPDPGVKGFAFLDGENSWLGRTISKDSRSGYEMLKVPNAETDTQSGPTSYQLIVNNQNWSGYSGAFIDYWANKECFNPCFYVELIRGRPKEIDVLWASNSMVALCGSRERLGSWSWHDGAEIIYFK,344,331,0.3469503536315225,0.2972068859992325,0.3220786198153775,-0.3211092812177132,3.8,4.450000000000001,3.6062133119980637,2.860519219931433,4.351907404064694,3.9315000385412553,3.415896263651187,4.447103813431323,4.702118262650758,4.0691460986958905,5.335090426605625
A/Netherlands/219/2003,H7N7,Jun 2012,4.6,5.8,Moderate,MNTQILVFALVASIPTNADKICLGHHAVSNGTKVNTLTERGVEVVNATETVERTNVPRICSKGKRTVDLGQCGLLGTITGPPQCDQFLEFSADLIIERREGSDVCYPGKFVNEEALRQILRESGGIDKETMGFTYSGIRTNGTTSACRRSGSSFYAEMKWLLSNTDNAAFPQMTKSYKNTRKDPALIIWGIHHSGSTTEQTKLYGSGNKLITVGSSNYQQSFVPSPGARPQVNGQSGRIDFHWLILNPNDTVTFSFNGAFIAPDRASFLRGKSMGIQSEVQVDANCEGDCYHSGGTIISNLPFQNINSRAVGKCPRYVKQESLLLATGMKNVPEIPKRRRRGLFGAIAGFIENGWEGLIDGWYGFRHQNAQGEGTAADYKSTQSAIDQITGKLNRLIEKTNQQFELIDNEFTEVERQIGNVINWTRDSMTEVWSYNAELLVAMENQHTIDLADSEMNKLYERVKRQLRENAEEDGTGCFEIFHKCDDDCMASIRNNTYDHSKYREEAIQNRIQIDPVKLSSGYKDVILWFSFGASCFILLAIAMGLVFICVKNGNMRCTICI,MNPNQKLFALSGVAIALSVLNLLIGISNVGLNVSLHLKEKGPKQEENLTCTTINQNNTTVVENTYVNNTTIITKGTDLKTPSYLLLNKSLCNVEGWVVIAKDNAVRFGESEQIIVTREPYVSCDPTGCKMYALHQGTTIRNKHSNGTIHDRTAFRGLISTPLGTPPTVSNSDFMCVGWSSTTCHDGIARMTICIQGNNDNATATVYYNRRLTTTIKTWARNILRTQESECVCHNGTCAVVMTDGSASSQAYTKVMYFHKGLVVKEEELRGSARHIEECSCYGHNQKVTCVCRDNWQGANRPIIEIDMSTLEHTSRYVCTGILTDTSRPGDKSSGDCSNPITGSPGVPGVKGFGFLNGDNTWLGRTISPRSRSGFEMLKIPNAGTDPNSRIAERQEIVDNNNWSGYSGSFIDYWNDNSECYNPCFYVELIRGRPEEAKYVWWASNSLIALCGSPFPVGSGSFPDGAQIQYFS,46,45,0.2744420942780464,0.3371869488889242,0.305147023130178,-0.3024250076336606,3.816635258864868,4.462256507034809,3.759236019378215,3.071912508473321,4.446559530283109,3.947065228647402,3.435526527595947,4.4586039296988575,4.712547737102096,4.084312995961933,5.340782478242258
A/turkey/Indiana/1573-2/2016,H7N8,Jul 2017,3.4,3.9,Low,MNTQILALIACMLIGAKGDKICLGHHAVANGTKVNTLTERGIEVVNATETVETANIKKICTQGKRPTDLGQCGLLGTLIGPPQCDQFLEFDADLIIERREGTDVCYPGKFTNKESLRQILRGSGGIDKESMGFTYSGIRTNGATSACRRSGSSFYAEMKWLLSNSDNAAFPQMTKSYRNPRSKPALIIWGVHHSGSVTEQTXLYGSGNKLITVGSSKYQQSFTPSPGARPQVNGQSGRIDFHWLLLDPNDTVTFTFNGAFIAPDRASFLRGESLGVQSDVPLDSSCKGDCFHNGGTIVSSLPFQNINPRTVGKCPRYVKQTSLLLATGMRNVPENPKTRGLFGAIAGFIENGWEGLIDGWYGFRHQNAQGEGTAADYKSTQSAIDQITGKLNRLIDKTNQQFELIDNEFSEIEQQIGNVINWTRDSMTEVWSYNAELLVAMENQHTIDLADSEMNKLYERVRKQMRENAEEDGTGCFEIFHKCDDQCMESIRNNTYDHTQYRAESLQKRIQIDPVKLSSGYKDIILWFSFGASCFLLLAIAMGLVFICIKNGNMRCTICI,MNPNKKIITIGSVSLGLVVLNILLHIVSITVTVLVLPGNGNNGNCNETVIREYNETVRIEKVTQWHNTNVIEYIERPENDHFMNNTEALCDAKGFAPFSKDNGIRIGSRGHIFVIREPFVSCSPTECRTFFLTQGSLLNDKHSNGTVKDRSPYRTLMSVEIGQSPNVYQARFEAVAWSATACHDGKKWMTIGVTGPDAEAVAVVHYGGIPTDVINSWAGDILRTQESSCTCIQGECYWVMTDGPANRQAQYRAFKAKQGKIVGQTEISFNGGHIEECSCYPNEGKVECVCRDNWTGTNRPVLVISPDLSYRVGYLCAGLPSDTPRGEDSQFTGSCTSPMGNQGYGVKGFGFRQGNDVWMGRTISRTSRSGFEILKVRNGWVQNSKEQIKRQVVVDNLNWSGYSGSFTLPVELTKRNCLVPCFWVEMIRGKPEEKTIWTSSSSIVMCGVDHEIADWSWHDGAILPFDIDKM,495,494,0.1133459219389001,0.7683019988799978,0.440823960409449,-0.2950287062252199,3.827982820325063,4.493057143872809,3.8198111367906056,3.15488816313838,4.484734110442831,3.957682854306486,3.448898982453775,4.466466726159197,4.7387570358912665,4.122245838483015,5.355268233299518
A/American wigeon/South Carolina/AH0195145/2021,H5N1,Mar 2022,4.4,5.1,Moderate,MENIVLLLAIVSLVKSDQICIGYHANNSTEQVDTIMEKNVTVTHAQDILEKTHNGKLCDLNGVKPLILKDCSVAGWLLGNPMCDEFIRVPEWSYIVERANPANDLCYPGSLNDYEELKHMLSRINHFEKILIIPKSSWPNHETSLGVSAACPYQGAPSFFRNVVWLIKKNDAYPTIKISYNNTNREDLLILWGIHHSNNAEEQTNLYKNPTTYISVGTSTLNQRLAPKIATRSQVNGQRGRMDFFWTILKPDDAIHFESNGNFIAPEYAYKIVKKGDSTIMKSGVEYGHCNTKCQTPVGAINSSMPFHNIHPLTIGECPKYVKSNKLVLATGLRNSPLREKRRKRGLFGAIAGFIEGGWQGMVDGWYGYHHSNEQGSGYAADKESTQKAIDGVTNKVNSIIDKMNTQFEAVGREFNNLERRIENLNKKMEDGFLDVWTYNAELLVLMENERTLDFHDSNVKNLYDKVRLQLRDNAKELGNGCFEFYHKCDNECMESVRNGTYDYPQYSEEARLKREEISGVKLESVGTYQILSIYSTAASSLALAIMMAGLSLWMCSNGSLQCRICI,MNPNQKITTIGSICMVIGIVSLMLQIGNIISIWVSHSIQTGNQYQPEPCNQSIITYENNTWVNQTYVNISNTNFLAEQAVTSVTLAGNSSLCPISGWAIYSKDNGIRIGSKGDVFVIREPFISCSHLECRTFFLTQGALLNDKHSNGTVKDRSPYRTLMSCPVGEAPSPYNSRFESVAWSASACHDGISWLTIGISGPDNGAVAVLKYNGIITDTIKSWRNNILRTQESECACVNGSCFTVMTDGPSNGQASYKIFKIDKGKVVKSVELNAPNYHYEECSCYPDAGDIMCVCRDNWHGSNRPWVSFNQNLEYQIGYICSGVFGDNPRPNDGTGSCSPMSSNGAYGVKGFSFKYGNGVWIGRTKSTSSRSGFEMIWDPNGWTETDSSFSVKQDIVEITDWSGYSGSFVQHPELTGLDCMRPCFWVELIRGRPKENTIWTSGSSISFCGVNSDTVGWSWPDGAELPFTIDK,334,317,0.1708228099493811,0.5081171724492272,0.3394699911993041,-0.2945607134904063,3.834472691707771,4.503910422699818,3.823643959886096,3.1601232376890698,4.487164682083122,3.9637552624761976,3.4565402123700704,4.470970312582325,4.7479924562208975,4.1355483215771915,5.3604365908646034
A/American green-winged teal/Washington/1957050/2014,H5N1,Mar 2015,3.6,4.1,Low-Moderate,MEKIVLLLAVISLVKSDQICIGYHANNSTKQVDTIMEKNVTVTHAQDILEKTHNGKLCDLNGVKPLILKDCSVAGWLLGNPMCDEFIRVPEWSYIVERANPANDLCYPGTLNDYEELKHLLSRINHFEKTLIIPRSSWPNHETSLGVSAACPYQGASSFFRNVVWLIKKNDAYPTIKISYNNTNREDLLILWGIHHSNNAAEQTNLYKNPDTYVSVGTSTLNQRLVPKIATRSQVNGQSGRMDFFWTILKPNDAIHFESNGNFIAPEYAYKIVKKGDSTIMKSEMEYGHCNTKCQTPIGAINSSMPFHNIHPLTIGECPKYVKSNKLVLATGLRNSPLRERRRKRGLFGAIAGFIEGGWQGMVDGWYGYHHSNEQGSGYAADKESTQKAIDGVTNKVNSIIDKMNTQFEAVGREFNNLERRIENLNKKMEDGFLDVWTYNAELLVLMENERTLDFHDSNVKNLYDKVRLQLRDNAKELGNGCFEFYHKCDNECMESVRNGTYDYPKYSEEAILKREKISGVKLESIGTYQILSIYSTVASSLALAIIVAGLSLWMCSNGSLQCRICI,MNPNQKIITIGSICMVIGIISLVLQIGNIISIWVSHSIQTGSQNHPETCNQSVITYENNTWVNQTYINISNTNLIAEQVVNPVALAGNSSLCPISGWAIYSKDNGIRIGSKGDVFVIREPFISCSHLECRTFFLTQGALLNDKHSNGTVKDRSPYRTLMSCPVGEAPSPYNSRFESVAWSASACHDGISWLTIGISGPDNGAVAVLKYNGIITDTIKSWRSNILRTQESECACINGSCFTIMTDGPSNGQASYKIFKVEKGKVVKSVELNAPNYHYEECSCYPDASEVMCVCRDNWHGSNRPWVSFNQNLEYQIGYICSGVFGDNPRPNDGTGSCGPVSSNGAYGVKGFSFKYGNGVWIGRTKSTSSRSGFEMIWDPNGWTETDSSFSVKQEIVAITDWSGYSGSFVQHPELTGLDCMRPCFWVELIRGRPKENTIWTSGSSISFCGVNSDTVGWSWPDGAELPFTIDK,325,311,0.1927280603442211,0.4448645944963827,0.3187963274203019,-0.2927356581242866,3.838059569195322,4.508595416290831,3.838591017473643,3.1805207763273224,4.496661258619963,3.9671114128333826,3.4607613148143845,4.473461510852381,4.751979074987842,4.141279956298184,5.3626781936775005
A/Northern pintail/Washington/40964/2014,H5N2,Mar 2015,3.8,4.1,Low-Moderate,MEKIVLLLAVISLVKSDQICIGYHANNSTKQVDTIMEKNVTVTHAQDILEKTHNGKLCDLNGVKPLILKDCSVAGWLLGNPMCDEFIRVPEWSYIVERANPANDLCYPGTLNDYEELKHLLSRINHFEKNLIIPRSSWPNHETSLGVSAACPYQGASSFFRNVVWLIKKNDAYPTIKISYNNTNREDLLILWGIHHSNNAAEQTNLYKNPDTYVSVGTSTLNQRLVPKIATRSQVNGQSGRMDFFWTILKPNDAIHFESNGNFIAPEYAYKIVKKGDSTIMKSEMEYGHCNTKCQTPIGAINSSMPFHNIHPLTIGECPKYVKSNKLVLATGLRNSPLRERRRKRGLFGAIAGFIEGGWQGMVDGWYGYHHSNEQGSGYAADKESTQKAIDGVTNKVNSIIDKMNTQFEAVGREFNNLERRIENLNKKMEDGFLDVWTYNAELLVLMENERTLDFHDSNVKNLYDKVRLQLRDNAKELGNGCFEFYHKCDNECMESVRNGTYDYPKYSEEAILKREEISGVKLESIGTYQILSIYSTVASSLALAIIVAGLSLWMCSNGSLQCRICI,MNPNQKIITIGSVSLTIATVCFLMQIAILATTVTLHFKQNECSIPPNNQVVPCEPIIIEKNITEIVYLNNTTIEKEVCPEVPEYRNWSKPQCQITGFAPFSKDNSIRLSAGGDIWVTREPYVSCSPGKCYQFALGQGTTLNNKHSNGTIHDRIPHRTLLMSELGVPFHLGTKQVCIAWSSSSCHDGKAWLHVCVTGDDRNATASFIYDGMLADSIGSWSQNILRTQESECVCINGTCTVVMTDGSASGRADTRILFIKEGKIVHISPLSGSAQHIEECSCYPRYPDVRCVCRDNWKGSNRPVIDINMADYSIDSSYVCSGLVGDTPRNDDSSSSSNCRDPNNERGNPGVKGWAFDNGNDVWMGRTISEDSRSGYETFRVTDGWTTANSKSQVNRQIIVDNNNWSGYSGIFSVEGKSCINRCFYVELIRGRPQETRVWWTSNSIVVFCGTSGTYGTGSWPDGANINFMPI,341,328,0.1547799454610248,0.3773167188006751,0.26604833213085,-0.2416219660851146,3.864970734735324,4.425745108505168,4.257208070196808,3.7367417872714848,4.777674353122131,3.9922915083768764,3.4923819188789986,4.492201097874754,4.681478958936664,4.039015350472156,5.323942567401171
A/Astrakhan/3212/2020,H5N8,Mar 2021,4.6,5.2,Moderate,MENIVLLLAIVSLVKSDQICIGYHANNSTEQVDTIMEKNVTVTHAQDILEKTHNGKLCDLNGVKPLILKDCSVAGWLLGNPMCDEFIRVPEWSYIVERANPANDLCYPGSLNDYEELKHLLSRINHFEKILIIPKSSWPNHETSLGVSAACPYQGAPSFFRNVVWLIKKNDAYPTIKISYNNTNREDLLILWGIHHSNNAEEQTNLYKNPTTYISVGTSTLNQRLVPKIATRSQVNGQRGRMDFFWTILKPDDAIHFESNGNFIAPEYAYKIVKKGDSTIMKSGVEYGHCNTKCQTPVGAINSSMPFHNIHPLTIGECPKYVKSNKLVLATGLRNSPLREKRRKRGLFGAIAGFIEGGWQGMVDGWYGYHHSNEQGSGYAADKESTQKAIDGVTNKVNSIIDKMNTQFEAVGREFNNLERRIENLNKKMEDGFLDVWTYNAELLVLMENERTLDFHDSNVKNLYDKVRLQLRDNAKELGNGCFEFYHKCDNECMESVRNGTYDYPQYSEEARLKREEISGVKLESIGTYQILSIYSTAASSLALAIMMAGLSLWMCSNGSLQCRICI,MNPNQKIATIGSISLGLVVFNVLLHALNIILMVLALGKSENNGICKGTIIREYNETVRIEKVTQWYNTSVVEYVPHWNEGAYINNTEPICDVKGFAPFSKDNGIRIGSRGHIFVIREPFVSCSPVECRTFFLTQGALLNDKHSNGTVKDRSPFRTLMSVEVGQSPNVYQARFEAVAWSATACHDGKKWMTIGVTGPDSKAIAVVHYGGVPTDIVNSWAGDILRTQESSCTCIQGNCYWVMTDGPSNRQAQYRIYKANQGKIIDQADVSFSGGHIEECSCYPNDGKVECVCRDNWIGTNRPVLVISPDLSYRVGYLCAGLPSDTPRGEDAQFVGSCTSPMGNQGYGVKGFGFRQGTDVWMGRTISRTSRSGFEIIRIKNGWTQTSKEQIRRQVVVDNLNWSGYSGSFTLPVELSGRECLVPCFWVEMIRGRPEERTIWTSSSSIVMCGVDHEIADWSWHDGAILPFDIDGM,381,365,0.1610450715367909,0.344080952771423,0.252563012154107,-0.2353516936962882,3.8824156095459577,4.428956637488737,4.308561099932369,3.8023469422368237,4.814775257627915,4.008614235604098,3.5128324272899394,4.5043960439182555,4.684211757064935,4.043013587308651,5.3254099268212185
A/gyrfalcon/Washington/41088/2014,H5N8,Mar 2015,4.2,4.6,Low-Moderate,MEKIVLLLAVISLVKSDQICIGYHANNSTKQVDTIMEKNVTVTHAQDILEKTHNGKLCDLNGVKPLILKDCSVAGWLLGNPMCDEFIRVPEWSYIVERANPANDLCYPGTLNDYEELKHLLSRINHFEKTLIIPRSSWPNHETSLGVSAACPYQGASSFFRNVVWLIKKNDAYPTIKISYNNTNREDLLILWGIHHSNNAAEQTNLYKNPDTYVSVGTSTLNQRLVPKIATRSQVNGQSGRMDFFWTILKPNDAIHFESNGNFIAPEYAYKIVKKGDSTIMKSEMEYGHCNTKCQTPIGAINSSMPFHNIHPLTIGECPKYVKSNKLVLATGLRNSPLRERRRKRGLFGAIAGFIEGGWQGMVDGWYGYHHSNEQGSGYAADKESTQKAIDGVTNKVNSIIDKMNTQFEAVGREFNNLERRIENLNKKMEDGFLDVWTYNAELLVLMENERTLDFHDSNVKNLYDKVRLQLRDNAKELGNGCFEFYHKCDNECMESVRNGTYDYPKYSEEAILKREEISGVKLESIGTYQILSIYSTVASSLALAIIVAGLSLWMCSNGSLQCRICI,MNPNQKIVTIGSLSLGLVVFNVLLHAVSIILTVLALGKSENNGICNGTVVREYNETVRIEKVTQWYNTSVVEYVPHWNEGTYINNTEPICDVKGFAPFSKDNGIRVGSRGHIFVIREPFVSCSPVGCRTFFLTQGSLLNDKHSNGTVKDRSPFRTLMSVEVGQSPNVYQARFEAVAWSATACHDGKKWMAIGVTGPDSKAVAVVHYGGVPTDVVNSWAGDILRTQESSCTCIQGNCYWVMTDGPANRQAQYRIYKANQGKIIGRKDVSFSGGHIEECSCYPNDGKVECVCRDNWTGTNRPVLIISPDLSYRVGYLCAGLPSDTPRGEDTQFVGSCTSPMGNQGYGVKGFGFRQGTDVWVGRTISRTSRSGFEIIRIKNGWTQTSKEQIRRQVVVDNSNWSGYSGSFTLPVELSGRECLVPCFWVEMIRGRPEERTIWTSSSSIVMCGVDYEIADWSWHDGAILPFDIDKM,341,328,0.1550713599925357,0.3402890818376828,0.2476802209151092,-0.2296780128471895,3.900853878570493,4.434474007056794,4.3550280926379905,3.8610609118591634,4.848995273416818,4.025866456620102,3.534405896946539,4.517327016293666,4.68890667257269,4.049876370681961,5.3279369744634195
A/chicken/Tennessee/17-007147-2/2017,H7N9,Oct 2017,2.8,3.5,Low,MNTQILALIACMLIGAKGDKICLGHHAVANGTKVNTLTERGIEVVNATETVETANIKKICTQGRRPTDLGQCGLLGTLIGPPQCDQFLEFDADLIIERREGTDVCYPGKFTNEESLRQILRGSGGIDKESMGFTYSGIRTNGATSACRRSGSSFYAEMKWLLSNSNNAAFPQMTKSYRNPRSKPALIIWGVHHSGSAAEQTKLYGSGNKLITVGSSKYQQSFTPSPGARPQVNGQSGRIDFHWLLLDPNDTVTFTFNGAFIAPDRASFLRGESLGVQSDVPLDSSCEGDCFHNGGTIVSSLPFQNINPRTVGKCPRYVKQTSLLLATGMRNVPENPKTDRKSRHRRIRGLFGAIAGFIENGWEGLIDGWYGFRHQNAQGEGTAADYKSTQSAIDQITGKLNRLIDKTNQQFELIDNEFSEIEQQIGNVINWTRDSMTEVWSYNAELLVAMENQHTIDLADSEMNKLYERVRKQLRENAEEDGTGCFEIFHKCDDQCMESIRNNTYDHTQYRAESLQNRIQIDPVKLSSGYKDIILWFSFGASCFLLLAIAMGLVFICIKNGNMRCTICI,MNPNQKILCTSATAIVIGTIAVLIGIANLGLNIGLHLKPNCNCSNSQSETSNASQTIINNYYNETNITQISNTNIQMEEKANREFNNLTKGLCTINSWHIYGKDNAVRIGENSDVLVTREPYVSCDPDECRFYALSQGTTIRGKHSNGTIHDRSQYRALISWPLSSPPTVYNSRIECIGWSSASCHDGRARMSICISGPNNNASAVIWYNRRPVTEINTWARNILRTQESECVCHNGICPVVFTDGSATGPAETRVYYFKEGKILKWEPLTGTAKHIEECSCYGVQAGITCTCRDNWQGSNRPVIQIDPVAMTHTSQYICSPVLTDNPRPNDPAVGKCNDPYPGNNNNGVKGFSYLNGGNTWLGRTISTASRSGYEMLKVPNALTDDRSKPTQGQTIVLNTDWSGYSGSFMDYWAEGECYRACFYVELIRGRPKEDKVWWTSNSIVSMCSSTEFLGQWNWPDGAKIEYFL,496,495,0.2085046882496622,0.2521926988147892,0.2303486935322257,-0.229306959206445,3.901379644487484,4.434165472084276,4.358066992300563,3.864878095302421,4.851255889298704,4.0263584024633134,3.5350204252445248,4.517696379682103,4.688644129777742,4.049492805266277,5.327795454289208
A/chicken/Tennessee/17-007431-3/2017,H7N9,Oct 2017,3.1,3.5,Low,MNTQILALIACMLIGAKGDKICLGHHAVANGTKVNTLTERGIEVVNATETVETANIKKICTQGRKPTDLGQCGLLGTLIGPPQCDQFLEFDADLIIERREGTDVCYPGKFTNEESLRQILRGSGGIDKESMGFTYSGIRTNGATSACRRLDSSFYAEMKWLLSNSNNAAFPQMTKSYRNPRSKPALIIWGVHHSGSADEQTKLYGSGNKLITVGSSKYQQSFTPSPGARPQVNGQSGRIDFHWLLLDPNDTVTFTFNGAFIAPDRASFLRGESLGVQSDVPLDSSCKGDCFHNGGTIVSSLPFQNINPRTVGKCPRYVKQTSLLLATGMRNVPENPKTRGLFGAIAGFIENGWEGLIDGWYGFRHQNAQGEGTAADYKSTQSAIDQITGKLNRLIDKTNQQFELIDNEFSEIEQQIGNVINWTRDSMTEVWSYNAELLVAMENQHTIDLADSEMNKLYERVRKQLRENAEEDGTGCFEIFHKCDDQCMESIRNNTYDHTQYRAESLQNRIQIDPVKLSSGYKDIILWFSFGASCFLLLAIAMGLVFICIKNGNMRCTICI,MNPNQKILCTSATAIVIGTIAVLIGIANLGLNIGLHLKPNCNCSNSQSETSNASQTIINNYYNETNITQISNTNIQMEEKANREFNNLTKGLCTINSWHIYGKDNAVRIGENSDVLVTREPYVSCDPDECRFYALSQGTTIRGKHSNGTIHDRSQYRALISWPLSSPPTVYNSRIECIGWSSASCHDGRARMSICISGPNNNASAVIWYNRRPVTEINTWARNILRTQESECVCHNGICPVVFTDGSATGPAETRVYYFKEGKILKWEPLTGTAKHIEECSCYGVQAGITCTCRDNWQGSNRPVIQIDPVAMTHTSQYICSPVLTDNPRPNDPAVGKCNDPYPGNNNNGVKGFSYLDGGNTWLGRTISTASRSGYEMLKVPNALTDDRSKPTQGQTIVLNTDWSGYSGSFMDYWAEGECYRACFYVELIRGRPKEDKVWWTSNSIVSMCSSTEFLGQWNWPDGAKIEYFL,496,495,0.0998228071268472,0.254890773009779,0.1773567900683132,-0.1594177454070999,4.349037531147844,4.719187477917551,4.930454067673623,4.517740289983402,5.343167845363845,4.445220541308654,4.042150686068154,4.848290396549154,4.931178949809673,4.3913286326933605,5.471029266925985
A/Sichuan/06681/2021,H5N6,Oct 2021,5.3,6.3,Moderate,MENIVLLLAIVSLVKSDQICIGYHANNSTEQVDTIMEKNVTVTHAQDILEKTHNGKLCDLNGVKPLILKDCSVAGWLLGNPMCDEFIRVPEWSYIVERANPANDLCYPGSLNDYEELKHLLSRINHFEKILIIPKGSWPNHETSLGVSAACPYQGAPSFFRNVVWLVKKNDAYPTIKISYNNTNREDLLILWGIHHSNNAEEQINLYKNPTTYISVGTSTLNQRLVPKIATRSQVNGQRGRMDFFWTILKPDDAIHFESNGNFIAPEYAYKIVKKGDSTIMKSGVEYGHCNTKCQTPIGAINSSMPFHNIHPLTIGECPKYVKSNKLVLATGLRNSPLREKRRKRGLFGAIAGFIEGGWQGMVDGWYGYHHSNEQGSGYAADKESTQKAIDGVTNKVNSIIDKMNTQFEAVGREFNNLERRIENLNKKMEDGFLDVWTYNAELLVLMENERTLDFHDSNVKNLYDKVRLQLRDNAKELGNGCFEFYHKCDNECMESVRNGTYDYPQYSEEARLKREEISGVKLESIGTYQILSIYSTAASSLALAIMMAGLSLWMCSNGSLQCRICI,MNPNQKITCISATGVTLSIVSLLIGITNLGLNIGLHYKVSDSTTINIPNMNETNPTTTNITNTIMNKNEEKTFLKLTKPLCEVNSWHILSKDNAIRIGEDAHILVTREPYLSCDPQGCRMFALSQGTTLRGQHANGTIHDRSPFRALISWEMGQAPSPYNTRVECIGWSSTSCHDGISRMSVCISGPNNNASAVVWYRGRPVTEIPSWAGNILRTQESECVCHKGICPVVMTDGPANNKAATKIVYLKEGKIQKTEELQGNAQHIEECSCYGAARMIKCVCRDNWKGANRPIITIDPERMTHTSKYLCSKILTDTSRPNDPTNGNCDAPIKGGNPDPGVKGFAFLDGENSWLGRTISKDSRSGYEMLKVPNAEIDTQSGPISYQLIVNNQNWSGYSGAFIDYWANKECFNPCFYVELIRGRPKESSVLWTSSSMVALCGSRERLGSWSWHDGAEIIYFK,45,45,0.3652937296613714,0.0489136921105569,0.2071037108859641,-0.1332502520784112,4.621628369996713,4.929231246925609,5.144763746692972,4.720743004653872,5.568784488732072,4.700276880518221,4.3294479829556645,5.071105778080777,5.1099122639840076,4.6218018395330285,5.598022688434987
A/Jiangxi-Donghu/346/2013,H10N8,Feb 2014,4.3,6.0,Moderate,MYKIVVIIALLGAVKGLDKICLGHHAVANGTIVKTLTNEQEEVTNATETVESTGINRLCMKGRKHKDLGNCHPIGMLIGTPACDLHLTGMWDTLIERENAIAYCYPGATVNVEALRQKIMESGGINKISTGFTYGSSINSAGTTRACMRNGGNSFYAELKWLVSKSKGQNFPQTTNTYRNTDTAEHLIMWGIHHPSSTQEKNDLYGTQSLSISVGSSTYRNNFVPVVGARPQVNGQSGRIDFHWTLVQPGDNITFSHNGGLIAPSRVSKLIGRGLGIQSDAPIDNNCESKCFWRGGSINTRLPFQNLSPRTVGQCPKYVNRRSLMLATGMRNVPELIQGRGLFGAIAGFLENGWEGMVDGWYGFRHQNAQGTGQAADYKSTQAAIDQITGKLNRLVEKTNTEFESIESEFSEIEHQIGNVINWTKDSITDIWTYQAELLVAMENQHTIDMADSEMLNLYERVRKQLRQNAEEDGKGCFEIYHACDDSCMESIRNNTYDHSQYREEALLNRLNINPVTLSSGYKDIILWFSFGASCFVLLAVVMGLFFFCLKNGNMRCTICI,MNPNQKIITIGSVSLGLVILNILLHIVSITVTVLVLPGNGNNESCNETVIREYNETVRVEKVTQWHNTNVIEYIERPENDHFMNNTEALCDAKGFAPFSKDNGIRIGSRGHVFVIREPFVSCSPTECRTFFLTQGSLLNDKHSNGTVKDRSPYRTLMSVEIGQSPNVYQARFEAVAWSATACHDGKKWMTIGVTGPDAKAVAVVHYGGIPTDVINSWAGDILRTQESSCTCIQGECFWVMTDGPANRQAQYRAFKAKQGKIVGQAEISFNGGHIEECSCYPNEGKVECVCRDNWTGTNRPVLVISPDLSYRVGYLCAGLPSDTPRGEDSQFTGSCTSPMGNQGYGVKGFGFRQGNDVWMGRTISRTSRSGFEILKVRNGWVQNSKEQIKRQVVVDNLNWSGYSGSFTLPAELTKRNCLVPCFWVEMIRGNPEEKTIWTSSSSIVMCGVDHEIADWSWHDGAILPFDIDKM,-1,-1,0.2086581005284133,0.2100888453064387,0.2095679866392585,-0.1901939823193494,4.670987978768967,5.0544292661528125,4.678399147042137,4.248477024555936,5.108321269528338,4.746461415447686,4.379218271479399,5.113704559415973,5.21644747333688,4.747505909399768,5.685389037273993
A/Bangladesh/0994/2011,H9N2,Feb 2014,5.6,5.4,Moderate,METVSLMTILLLVTTSNADKICIGHQSTNSTETVDTLTETNVPVTHAKELLHTDHNGMLCATNLGHPLILDTCNVEGLIYGNPSCDLLLGGREWSYIVERPSAVNGTCYPGNVENLEELRTLFSSSSSYQRIQIFPDTIWNVTYTGTSKSCSDSFYRNMRWLTQKNGLYPVQDAQFTNNRGKDILFVWGIHHPPTDTAQTNLYTRTDTTTSVTTENLDRTFKPLIGPRPLVNGLIGRINYYWSVLKPGQTLRVRSNGNLIAPWYGHVLSGESHGRILKTNLNSGNCVVQCQTEKGGLNSTLPFHNISKYAFGNCPKYIGVKSLKLAIGLRNVPAKSSRGLFGAIAGFIEGGWPGLVAGWYGFQHSNDQGVGIAADRVSTQKAVDKITSKVNNIVDKMNKQYEIIDHEFSEVETRLNMINNKIDDQIQDVWAYNAELLVLLENQKTLDEHDANVNNLYNKVKRALGSNALEDGKGCFELYHKCDDQCMETIRNGTYNRRKYQEESRLERQKIEGIKLESEGTYKILTIYSTVASSLVLAMGFAAFLFWAMSNGSCRCNICI,MNPNQKIIALGSASLTIAIICLLIQIAILATTMTLHFMQNEHTNSTRNKVVPCESIIIERNITEIVHLNGTIIEKESCPKAVEYKNWSKPQCQITGFAPFSKDNSIRLSAGGDIWVTREPYVSCSLSKCYQFALGQGTTLNNRHSNGTTHDRSPYRTLLMSELGVPFHLGTKQVCIAWSSSSCHDGRAWLHVCVTGDDKNATASVIYGGMLTDSIGSWSKNILRTQESECVCINGTCTVVMTDGSASGRADTRILFIREGKIVHISPLSGSAQHVEECSCYPRYPEVRCVCRDNWKGSNRPVLYINVADYSIDSSYVCSGLVGDTPRNEDSSSSSNCRDPNNERGGPGVKGWAFDNGDDVWMGRTIKKDSRAGYETFRVVDGWTLANSKSQTNRQVIVDSDNWSGYSGMFSVEGKTCINRCFYVELIRGRPQETRVWWTSNSIIVFCGTSGTYGTGSWPDGADINFMSI,-1,-1,0.207799504036397,0.1823384360572063,0.1951422399311958,-0.1843109950987452,4.689531742434721,5.0617017449353,4.726580342202331,4.302410924238231,5.1507497601664305,4.763812345125762,4.397722809223367,5.129901881028157,5.222635870360963,4.754504356612177,5.6907673841097495
A/canine/Illinois/12191/2015,H3N2,Jun 2016,3.7,3.7,Low,MKTVIALSYIFCLAFGQNLLGNENNAATLCLGHHAVPNGTMVKTITDDQIEVTNATELVQNPSTGKICNNPHKILDGRDCTLIDALLGDPHCDVFQNETWDLFVERSNAFSNCYPYDVPDYASLRSIVASSGTLEFITEGFTWAGVTQNGGSGACKRGPANSFFSRLNWLTKSGNTYPVLNVTMPNNNNFDKLYIWGVHHPSTNQEQTSLYIQASGRVTVSTRRSQQTIIPNIESRPLVRGQSGRISVYWTIVKPGDILVINSNGNLIAPRGYFKMHIGKSSIMRSDAPIDTCISECITPNGSIPNEKPFQNVNKITYGACPKYVKQNTLKLATGMRNVPERQTRGLFGALAGFIENGWEGMVDGWYGFRHQNSEGTGQAADLKSTQAAIDQINGKLNRVIEKTNEKFHQIEKEFSEVEGRIQDLERYVEDTKVDLWSYNAELLVALENQNTIDLTDSEMNKLFEKTRRQLRENAEDMGNGCFKIYHKCDNACIESIRNGTYDHNIYRDEAVNNRFQIKGVELKSGYKDWILWISFAISCFLLCVVLLGFIMWACQRGNIRCNICI,MNPNQKIIAIGSVSLTIATVCFLLQIAILATTVTLYFKQNECNIPSNSQVVPCKPIIIERNITEVVYLNNTTIEKEICSVVLEYRNWSKPQCQITGFAPFSKDNSIRLSAGGDIWVTREPYVSCDHSKCYQFALGQGTTLNNKHSNSTIHDRTSHRTLLMNELGVPFHLGTKQVCIAWSSSSCHDGKAWLHVCVTGDDRNATASFVYNGMLVDSIGSWSRNILRTQESECVCINGTCTVVMTDGSASGRADTRILFIREGKIIHISPLSGSAQHIEECSCYPRYPNVRCVCRDNWKGSNRPVIDINMADYNINSSYVCSGLVGDTPRNDDSSSSSNCKDPNNERGNPGVKGWAFDNDNDVWMGRTISKDLRSGYETFKVIGGWTTANSKSQVNRQVIVDNNNWSGYSGIFSVEGKSCVNRCFYVELIRGGPQETRVWWTSNSIVVFCGTSGTYGTGSWPDGANINFMPI,4180,4180,0.0600672103915023,0.1493830412789975,0.1047251258352499,-0.0947259556260922,5.117456584260535,5.33148740497198,5.4602746557218875,4.9805179281021985,5.9400313833415765,5.164210774045223,4.7940758620724235,5.534345686018023,5.452205570822851,4.988768044939017,5.9156430967066855
A/California/62/2018,H1N2,Jul 2019,5.8,5.7,Moderate,MKVKLMVLLCTFTATYADTICVGYHANNSTDTVDTVLEKNVTVTHSVNLLEDSHNGKLCLLKGIAPLQLGSCSVAGWILGNPECELLNSKESWSYIVETSNPENGTCYPGYFEDYEELREQLSSVSSFKKFEIFPKKSSWPNHTVTGVSSSCSHNGNSSFYRNLLWLTVKNNLYPNLSKSYTNKEGKEVLVLWGVHHPSNMEDQRALYHTENAYVSVVSSHYSRRFTPEIAKRPKVRNQEGRINYYWTLLEPGDTIIFEASGNLIAPRYAFELSKSFGSGIITSNAPMGECNTKCQTPQGAINSSLPFQNVHPVTIGECPKYVRSAKLRMVTGLRNTPSIQSRGLFGAIAGFIEGGWTGMVDGWYGYHHQNEQGSGYAADQQSTQIAINGITNKVNSVIEKMNTQFTAVGKEFNKLERRMENLNKKVDDGFLDIWTYNAELLVLLENERTLDFHDSNVKNLYEKVKSQLKNNAKEIGNGCFEFYHKCDDECMDSVKNGTYDYPKYSEESKLNREKIDGVKLESMGVYNILAIYSTIASSLVLLISLGAICFWMCSNGSLQCRICI,MNPNQKIITIGSISLTLAAMCFLMQTAILVTNVTLHFNQCECHYPPNNQVILCEPTIIERNTTRIVYLTNTTIEKEKCPKLAEYRNWSKPQCRITGFAPFSKDNSIRLSAGGDIWVTREPYVSCDPDKCYQFALGQGTTLDNRHSNNTFHDRTPYRTLLMNELGIPFHLGTKQVCIAWSSSSCHDGKAWLHVCITGHDENATASIIYNGRLVDSIGSWSKKILRTQESECVCINGTCTVVMTDGSASGRADTRILFIEEGKIIHISPLIGSAQHVEECSCYPRYPGVRCICRDNWKGSNRPVVDINVKDYSIVSSYVCSGLVGDTPRKDDKSSSSNCLNPNNEKGEHGVKGWAFDDGKDVWMGRTINETLRSGYETFKVIEGWSKSNSKLQINRQVIVEKSDRSGYSGIFSVESKSCINRCFYVELIRGRKQENAVWWTSNSIVVFCGTSGTYGSGSWPDGADINLMPV,55,55,0.1046129015200355,0.0586581681513383,0.0816355348356869,-0.0773654744437551,5.390709446897384,5.561788417965196,5.602455609131327,5.085683125568789,6.119228092693865,5.419886552134487,5.018057960958823,5.82171514331015,5.6481764558644585,5.150489557664042,6.145863354064875
A/Anhui-Lujiang/39/2018,H9N2,Jul 2019,6.2,5.9,Moderate,METVSLITILLVATASNADKICIGYQSTNSTETVDTLTENNVPVTHAKELLHTEHNGMLCATSLGQPLILDTCTVEGLIYGNPSCDLSLEGREWSYIVERPSAVNGLCYPGNVENLEELRSLFSSARSYQRIQIFPDTIWNVSYDGTSTACSDSFYRSMRWLTRKDGNYPTQDAQYTNNQGKNILFMWGINHPPTDDTQRNLYTRTDTTTSVATEEINRIFKPLIGPRPLVNGLMGRINYYWSVLKPGQTLRIKSDGNLIAPWYGHILSGESHGRILKTDLKRGSCTVQCQTEKGGLNTTLPFQNVSKYAFGNCSKYIGIKSLKLAVGLRNVPSRSSRGLFGAIAGFIEGGWSGLVAGWYGFQHSNDQGVGMAADRDSTQKAIDKITSKVNNIVDKMNKQYEIIDHEFSEVETRLNMINNKIDDQIQDIWAYNAELLVLLENQKTLDEHDANVNNLYNKVKRALGSNAVEDGKGCFELYHKCNDQCMETIRNGTYNRRKYQEESKLERQKIEGVKLESEGTYKILTIYSTVASSLVIAMGFAAFLFWAMSNGSCRCNICI,MNPNQKITAIGSVSLIIAIICLLMQIAILTTTMTLHFGQKECSNPSNNQVMPCEPIIIEKNTVHLNSTIIEREICPKVAKYKNWSKPQCLITGFAPFSKDNSVRLSAGGDIWVTREPYVSCSPDKCYQFALGQGTTLENKHSNGTTHDRTPHRTLLMNELGVPFHLGTKQVCIAWSSSSCYDGKAWLHICVTGDDKNATASIIYDGMLVDSIGSWSKNILRTQESECVCINGTCAVVMTDGSASGVADTRVLFIREGRIINIRPLSGSAQHVEECSCYPRYPEIRCVCRDNWKGSNRPIIYINMADYSIESSYVCSGLVGDTPRNDDSSSSSNCRDPNNERGAPGVKGWAFDDGNDVWMGRTIKNGSRSGYETFRVINGWTMANSKSQINRQVIVDSDNWSGYSGIFSVEGKECINRCFYVELIRGRPQEPRVWWTSNSIIVFCGTSGTYGTGSWPDGANINFMPI,30,30,0.0265984793911049,0.1551391283122035,0.0908688038516542,-0.0640728802397243,5.606866468744852,5.744948798312725,5.7113208932996455,5.162452869604274,6.260188916995017,5.622139199067439,5.18250394048887,6.061774457646007,5.804033789598027,5.258166017532668,6.349901561663387
A/swine/Shandong/1207/2016,H1N1,Jul 2020,7.5,6.9,Moderate,MEARLFVLFCAFTTLKADTICVGYHANNSTDTVDTILEKNVTVTHSVNLLENSHNGKLCSLNGKIPLQLGNCNVAGWILGNPKCDLLLTANSWSYIIETSNSKNGACYPGEFADYEELKEQLSTVSSFERFEIFPKATSWPNHDTTRGTTVACSHSGANSFYRNLLWIVKKGNSYPKLSKSYTNNKGKEVLVIWGVHHPPTESDQQTLYQNNHTYVSVGSSKYYKRFTPEIVARPKVREQAGRMNYYWTLLDQGDTITFEATGNLIAPWHAFALKKGSSSGIMRSDAQVHNCTTKCQTPHGALKGNLPFQNVHPVTIGKCPKYVKSTQLRMATGLRNIPSIQSRGLFGAIAGFIEGGWTGMVDGWYGYHHRNEQGSGYAADQKSTQIAIDGISNKVNSVIEKMNIQFTSVGKEFNSLEKRMENLNKKVDDGFLDVWTYNAELLILLENERTLDFHDLNVKNLYEKVKSQLRNNAKEIGNGCFEFYHKCDNECMESVKNGTYNYPKYSEESKLNREEIDGVKLESMGIHQILAIYSTVASSLVLLVSLGAISFWMCSNGSLQCRVCI,MNPNQKIITIGSICMTIGIASLILQIGNIISIWISHSIQIENQNQSKICNQNVITYENNTWVNQTYVNVSNTTFVAEQAVASVKLAGNSSLCPVSGWAIYSKDNSVRIGSKGDVFVIREPFISCSHLECRTFFLTQGALLNDKHSNGTIKDRSPYRTLMSCPIGEVPSPYNSRFESVAWSASACHDGTNWLTIGISGPDNGAVAVLKYNGIITDTIKSWRKNILRTQESECACVNGSCFTVMTDGPSNGQASYKIFKIERGKVVKSVELNAPNYHYEECSCYPESSEIICVCRDNWHGSNRPWVSFNQNLEYQIGYICSGIFGDNPRPNDKTGSCGPVFPNGANGVKGFSFKYGNGVWIGRTKSTSSRMGFEMIWDPDGWTRTDDKFSVKQDIIGITDWSGYSGSFVQHPELTGLNCMRPCFWVELIRGRPKENTIWTSGSSISFCGVNSDTVGWSWPDGAELPFTIDK,8583,8583,0.0932802148361048,0.020273463599466,0.0567768392177854,-0.0434867306269994,5.970237478907041,6.056767396721006,5.879919813354034,5.27624458300641,6.483595043701658,5.962136243789233,5.441023253830954,6.483249233747513,6.069370732359562,5.411582189036465,6.727159275682658
A/Vietnam/1203/2004,H5N1,Nov 2011,5.2,6.6,Moderate,MEKIVLLFAIVSLVKSDQICIGYHANNSTEQVDTIMEKNVTVTHAQDILEKKHNGKLCDLDGVKPLILRDCSVAGWLLGNPMCDEFINVPEWSYIVEKANPVNDLCYPGDFNDYEELKHLLSRINHFEKIQIIPKSSWSSHEASLGVSSACPYQGKSSFFRNVVWLIKKNSTYPTIKRSYNNTNQEDLLVLWGIHHPNDAAEQTKLYQNPTTYISVGTSTLNQRLVPRIATRSKVNGQSGRMEFFWTILKPNDAINFESNGNFIAPEYAYKIVKKGDSTIMKSELEYGNCNTKCQTPMGAINSSMPFHNIHPLTIGECPKYVKSNRLVLATGLRNSPQRERRRKKRGLFGAIAGFIEGGWQGMVDGWYGYHHSNEQGSGYAADKESTQKAIDGVTNKVNSIIDKMNTQFEAVGREFNNLERRIENLNKKMEDGFLDVWTYNAELLVLMENERTLDFHDSNVKNLYDKVRLQLRDNAKELGNGCFEFYHKCDNECMESVRNGTYDYPQYSEEARLKREEISGVKLESIGIYQILSIYSTVASSLALAIMVAGLSLWMCSNGSLQCR,MNPNQKIITIGSICMVTGIVSLMLQIGNMISIWVSHSIHTGNQHQSEPISNTNFLTEKAVASVKLAGNSSLCPINGWAVYSKDNSIRIGSKGDVFVIREPFISCSHLECRTFFLTQGALLNDKHSNGTVKDRSPHRTLMSCPVGEAPSPYNSRFESVAWSASACHDGTSWLTIGISGPDNGAVAVLKYNGIITDTIKSWRNNILRTQESECACVNGSCFTVMTDGPSNGQASHKIFKMEKGKVVKSVELDAPNYHYEECSCYPNAGEITCVCRDNWHGSNRPWVSFNQNLEYQIGYICSGVFGDNPRPNDGTGSCGPVSSNGAYGVKGFSFKYGNGVWIGRTKSTNSRSGFEMIWDPNGWTETDSSFSVKQDIVAITDWSGYSGSFVQHPELTGLDCIRPCFWVELIRGRPKESTIWTSGSSISFCGVNSDTVGWSWPDGAELPFTIDK,257,243,0.1673349274385952,0.0103131971904904,0.0888240623145428,-0.0409277238489922,6.021588669501698,6.1016128634221065,5.900877874346517,5.290024290257177,6.511731458435857,6.010184251354108,5.4762093308628605,6.544159171845355,6.107531249698568,5.431402380211408,6.783660119185728
A/Ohio/13/2017,H3N2,Jul 2019,6.6,5.8,Moderate,MKTIIALSHILCLVFAQKLPGNDNNMATLCLGHHAVPNGTIVKTITNDQIEVTNATELVQSFSTGEICNSPYQILDGENCTLIDALLGDPQCDGFQNNKWDLFVERSKAHSNCYPYDVPDYASLRSLVASSGTLEFNNESFNWTGVTQDGASSSCKRRSSNSFFSRLNWLTHLNFKYPALEVTMPNNEQFDKLYIWGVHHPATDKDQISLYAQAAGRIIVSTKRNQQAVIPNIGSRPRVRDIPSRISIYWTIVRPGDILLINSTGNLIAPRGYFKIRSGKSSIMRSDAPIGKCNSACITPNGSIPNDKPFQNVNRITYGACPRYVKQNTLKLATGMRNIPEKQTRGIFGAIAGFIENGWEGMVDGWYGFRHQNSEGRGQAADLKSTQAAIDQINGKLNRLIGKTNEKFHQIEKEFSDVEGRIQDLEKYVEDTKIDLWSYNAELLVALENQHTIDLTDSEMNKLFEKTKKQLRENAEDMGNGCFKIYHKCDNACIGSIRNGTYDHDVYRNEALNNRFQIKGVELKSEYKDWILWISFAISCFLLCVALLGFIMWACQKGNIKCNICI,MNPNQKIITIGSVSLIIATICFLMQIAILVTTITLHFKQHNCDSSPNNHVMFCEPTIIERNKTEIVYLTNTTVEKEICPKPTEYRNWSKPQCNITGFAPFSKDNSIRLSAGGDIWVTREPYVSCDQDKCYQFALGQGTTLNNGHSNDTVHDRTPYRTLLMNELGVPFHLGTRQVCIAWSSSSCHDGKAWLHVCITGDDKNATASLIYNGRLVDSIGSWSKNILRTQESECVCINGTCTVVMTDGSASGKADTKILFIEEGKIIHISTLSGSAQHVEECSCYPRYSGVRCVCRDNWKGSNRPIVDINVKDYSTVSSYICSGLVGDTPRKNDSFSSSNCLDPNNEEGGHGVKGWAFDDGNDLWMGRTISEKSRLGYETFKVVKGWSEPNSKLQSNRQVIVDRGNRSGYSGIFSIEGKNCINRCFYVELIRGRKEETKVLWTSNSIVVFCGTSGTYGTGSWPDGADINLMPI,12389,12388,0.0184229801638888,0.030189270088188,0.0243031663976085,-0.0235812800004907,6.359501109244439,6.3955860209399,6.042943863113726,5.38166538333978,6.704222342887673,6.326360356971294,5.701924858449081,6.9507958554935065,6.357682906039458,5.551942354408227,7.16342345767069
A/Indiana/08/2011,H3N2,Dec 2012,6.0,4.5,Moderate,MKTIIAFSCILCLIFAQKLPGSDNSMATLCLGHHAVPNGTLVKTITDDQIEVTNATELVQSSSTGGICNSPHQILDGKNCTLIDALLGDPHCDDFQNKEWDLFVERSTAYSNCYPYYVPDYATLRSLVASSGNLEFTQESFNWTGVAQGGSSYACRRGSVNSFFSRLNWLYNLNYKYPEQNVTMPNNDKFDKLYIWGVHHPGTDKDQTNLYVQASGRVIVSTKRSQQTVIPNIGSRPWVRGVSSIISIYWTIVKPGDILLINSTGNLIAPRGYFKIQSGKSSIMRSDAHIDECNSECITPNGSIPNDKPFQNVNKITYGACPRYVKQNTLKLATGMRNVPEKQTRGIFGAIAGFIENGWEGMVDGWYGFRHQNSEGTGQAADLKSTQAAINQITGKLNRVIKKTNEKFHQIEKEFSEVEGRIQDLEKYVEDTKIDLWSYNAEILVALENQHTIDLTDSEMSKLFERTRRQLRENAEDMGNGCFKIYHKCDNACIGSIRNGTYDHDIYRNEALNNRFQIKGVQLKSGYKDWILWISFAISCFLLCVVLLGFIMWACQKGNIRCNICI,MNPNQKIITIGSVSLIIATICFLMQIAILVTTVTLHFKQHDYNSPPNNQAMLCEPTIIERNTTEIVYLTNITIEKEICPKLAEYRNWSKPQCNITGFAPFSKDNSIRLSAGGDIWVTREPYVSCDPDKCYQFALGQGTTLNNGHSNNTVHDRTPYRTLLMNELGVPFHLGTRQVCMAWSSSSCHDGKAWLHVCITGNDNNATASFIYNGRLVDSIGSWSKNILRTQESECVCINGTCTVVMTDGSASGKADTKILFVEEGKIVHISTLSGSAQHVEECSCYPRFPGVRCVCRDNWKGSNRPIVDINVKNYSIVSSYVCSGLVGDTPRKSDSVSSSYCLDPNNEKGGHGVKGWAFDDGNDVWMGRTINETLRLGYETFKVIEGWSKANSKLQTNRQVIVEKGDRSGYSGIFSVEGKSCINRCFYVELIRGRKEETKVWWTSNSIVVFCGTSGTYGTGSWPDGADINLMPI,2298,2298,0.0516761049282831,0.0086307528001778,0.0301534288642304,-0.0210345431694417,6.411741515385908,6.441334008640011,6.063801434221253,5.394885957508648,6.732716910933859,6.375240380986522,5.7360843845673415,7.014396377405703,6.396611408879901,5.569536375841276,7.223686441918526
A/Hong Kong/125/2017,H7N9,May 2017,6.5,7.5,Moderate-High,MNTQILVFALIAIIPTNADKICLGHHAVSNGTKVNTLTERGVEVVNATETVERTNIPRICSKGKRTVDLGQCGLLGTITGPPQCDQFLEFSADLIIERREGSDVCYPGKFVNEEALRQILRESGGIDKETMGFTYNGIRTNGVTSACKRSGSSFYAEMKWLLSNTDNAAFPQMTKSYKNTRKSPAIIVWGIHHSVSTAEQTKLYGSGNKLVTVGSSNYQQSFVPSPGARPQVNGLSGRIDFHWLILNPNDTVTFSFNGAFIAPDRASFLRGKSMGIQSGVQVDANCEGDCYHSGGTIISNLPFQNIDSRAVGKCPRYVKQRSLLLATGMKNVPEIPKGRGLFGAIAGFIENGWEGLIDGWYGFRHQNAQGEGTAADYKSTQSAIDQITGKLNRLIAKTNQQFELIDNEFNEVEKQIGNVINWTRDSITEVWSYNAELLIAMENQHTIDLADSEMDKLYERVKRQLRENAEEDGTGCFEIFHKCDDDCMASIRNNTYDHRKYREEAMQNRIQIDPVKLSSGYKDVILWFSFGASCFILLAIVMGLVFICVKNGNMRCTICI,MNPNQKILCTSATAITIGAIAVLIGIANLGLNIGLHLKPGCNCSHSQPETTNTSQTIINNYYNETNITNIQIEERTSRNFNNLTKGLCTINSWHIYGKDNAVRIGESSDVLVTREPYVSCDPDECRFYALSQGTTIRGKHSNGTIHDRSQYRALISWPLSSPPTVHNSRVECIGWSSTSCHDGKSRMSICISGPNNNASAVVWYNRRPVAEINTWARNILRTQESECVCHNGVCPAVFTDGPATGPADTRIYYFKEGKILKWESLTGTAKHIEECSCYGERTGITCTCRDNWQGSNRPVVQIDPVAMTHTSQYICSPVLTDSPRPNDPNIGKCNDPYPGNNNNGVKGFSYLDGANTWLGRTISTTSRSGYEMLKVPNALTDDRSKPIQGQTIVLNADWSGYSGSFMDYWAEGDCYRACFYVELIRGRPKEDKVWWTSNSIVSMCSSTEFLGQWNWPDGAKIEYFL,437,437,0.0287207796695972,0.0057103554922687,0.0172155675809329,-0.0127197016114543,6.585690755134522,6.594032749758844,6.1318993220474205,5.4376834464331605,6.8261151976616805,6.5380002759482405,5.848732264571483,7.227268287324998,6.526547908302413,5.62656439898889,7.426531417615935
A/Shanghai/02/2013,H7N9,Apr 2016,6.4,7.2,Moderate-High,MNTQILVFALIAIIPTNADKICLGHHAVSNGTKVNTLTERGVEVVNATETVERTNIPRICSKGKRTVDLGQCGLLGTITGPPQCDQFLEFSADLIIERREGSDVCYPGKFVNEEALRQILRESGGIDKEAMGFTYSGIRTNGATSACRRSGSSFYAEMKWLLSNTDNAAFPQMTKSYKNTRKSPALIVWGIHHSVSTAEQTKLYGSGNKLVTVGSSNYQQSFVPSPGARPQVNGLSGRIDFHWLMLNPNDTVTFSFNGAFIAPDRASFLRGKSMGIQSGVQVDANCEGDCYHSGGTIISNLPFQNIDSRAVGKCPRYVKQRSLLLATGMKNVPEIPKGRGLFGAIAGFIENGWEGLIDGWYGFRHQNAQGEGTAADYKSTQSAIDQITGKLNRLIEKTNQQFELIDNEFNEVEKQIGNVINWTRDSITEVWSYNAELLVAMENQHTIDLADSEMDKLYERVKRQLRENAEEDGTGCFEIFHKCDDDCMASIRNNTYDHSKYREEAMQNRIQIDPVKLSSGYKDVILWFSFGASCFILLAIVMGLVFICVKNGNMRCTICI,MNPNQKILCTSATAIIIGAIAVLIGMANLGLNIGLHLKPGCNCSHSQPETTNTSQTIINNYYNETNITNIQMEERTSRNFNNLTKGLCTINSWHIYGKDNAVRIGESSDVLVTREPYVSCDPDECRFYALSQGTTIRGKHSNGTIHDRSQYRALISWPLSSPPTVYNSRVECIGWSSTSCHDGKSRMSICISGPNNNASAVVWYNRRPVAEINTWARNILRTQESECVCHNGVCPVVFTDGSATGPADTRIYYFKEGKILKWESLTGTAKHIEECSCYGERTGITCTCRDNWQGSNRPVIQIDPVAMTHTSQYICSPVLTDNPRPNDPNIGKCNDPYPGNNNNGVKGFSYLDGANTWLGRTISTASRSGYEMLKVPNALTDDRSKPIQGQTIVLNADWSGYSGSFMDYWAEGDCYRACFYVELIRGRPKEDKVWWTSNSIVSMCSSTEFLGQWNWPDGAKIEYFL,178,178,0.0054884113378141,0.0035482608330383,0.0045183360854262,-0.00441068176044,6.76505342838248,6.752072598181711,6.199949530558756,5.479936201288859,6.919962859828654,6.705825383434078,5.963400106351104,7.448250660517052,6.661029335738353,5.683317799095886,7.6387408723808194
