name,subtype,segment,date,accession,sequence,HA,NA,risk
A/Indonesia/NIHRD11073/2011,H5N1,HA,2011-02-02,EPI1377668,MEEIILLLSIVSLVKSDQICIGYHANNSTEQVDTIMEKNVTVTHAQDILEKTHNGKLCDLDGVKPLILKDCSVAGWLLGNPMCDEFINVPEWSYIVEKANPTNDLCYPGSFNDYEELKHLLSRINHFEKIQIIPKSSWSDHEASSGVSSACPYLGSPSFFRNVVWLIKKNSTYPTIKKTYNNTNQEDLLILWGIHHPNNEAEQTMLYQNPTTYISIGTSTLNQRLVPKIATRSKVNGQSGRMEFFWTILKPNDAINFESNGNFIAPEYAYKIVKKGDSAIMKSELEYGNCNTKCQTPMGAINSSMPFHNIHPLTIGECPKYVKSNRLVLATGLRNSPQRESRRKKRGLFGAIAGFIEGGWQGMVDGWYGYHHSNEQGSGYAADKESTQKAIDGVTNKVNSIIDKMNTQFEAVGREFNNLERRIENLNKKMEDGFLDVWTYNAELLVLMENERTLDFHDSNVKNLYDKVRLQLRDNAKELGNGCFEFYHKCDNECMESIRNGTYNYPQYSEEARLKREEISGVKLESIGTYQILSIYSTVASSLALAIMIAGLSLWMCSNGSLQCRICI,H5,N1,0.04319284523217588
A/Egypt/N6828/2011,H5N1,HA,2011-01-01,EPI372891,MEKIVLLLAIVSIVKSDQICIGYHANNSTEQVDTIMEKNVTVTHAQDILEKTHNGKLCNLDGVKPLILRDCSVAGWLLGNPMCDEFLNVPEWSYIVEKINPANDLCYPGNFNDYEELKHLLSRINHFEKIQIIPKDSWSDHETSGVSSACPYQGRSSFFRNVVWLTKKNDAYPTIKKSYNNTNQEDLLVLWGIHHPNDAAEQTRLYQNPTTYVSVGTSTLNQRLVPKIATRSKVNGQSGRMEFFWTILKSNDAINFESNGNFIAPENAYKIVKKGDSTIMKSELEYSNCNTKCQTPIGAINSSMPFHNIHPLTIGECPKYVKSNRLVLATGLRNSPQGEKRRKKRGLFGAIAGFIEGGWQGMVDGWYGYHHSNEQGSGYAADKESTQKAIDGVTNKVNSIIDKMNTQFEAVGREFNNLERRIENLNKKMEDGFLDVWTYNAELLVLMENERTLDFHDSNVKNLYEKVRLQLRDNAKELGNGCFEFYHRCDNECMESVRNGTYDYPQYSEEARLKREEISGVKLESIGTYQILSIYSTVASSLALAIMVAGLSLWMCSNGSLQCRICI,H5,N1,0.5932440422862452
A/Cambodia/V0401301/2011,H5N1,HA,2011-03-31,EPI341366,MEKIVLLFVIVNLVKSDQICIGYHANNSTEQVDTIMEKNVTVTHAQDILEKTHNGKLCDLDGIRPLILRDCSVAGWLLGNPMCDEFINVPEWSYIVEKANPVNDLCYPGVFNDYEELKHLLSRINHFEKIQIIPKSSWPSHEASLGVSAVCPYQGKSSFFRNVVWLIKKNSTYPTIKRSYNNTGQEDLLVMWGIHHPNDAAEQTKLYQNPTTYISVGTSTLNQRLTPRIATRSKVNGQSGRMEFFWTILKPNDAINFESNGNFIAPEYAYKIVKKGDSTIMKSELEYGNCNTKCQTPMGAINSSMPFHNIHPLTIGECPKYVKSNRLVLATGLRNSPQRVGRRKKRGLFGAIAGFIEGGWQGMVDGWYGYHHSNEQGSGYAADKESTQKAIDGVTNKVNSIIDKMNTQFEAVGREFNNLERRIENLNKKMEDGFLDVWTYNAELLVLMENERTLDFHDSNVKNLYDKVRLQLRDNAKELGNGCFEFYHKCDNECMESVRNGTYDYPQYSEEARLKREEISGVKLESIGVYQILSIYSTVASSLALAIMVAGLSLWMCSNGSLQCRICI,H5,N1,0.015777689236834976
A/Egypt/N6774/2011,H5N1,HA,2011-01-01,EPI372883,MEKIVLLLAIVSIVKSDQICIGYHANNSTEQVDTIMEKNVTVTHAQDILEKTHNGKLCNLDGVKPLILRDCSVAGWLLGNPMCDEFLNVPEWSYIVEKINPANDLCYPGNFNDYEELKHLLSRINHFEKIQIIPKDSWSDHEASGVSSACPYQGRSSFFRNVVWLTKKNDAYPTIKKSYNNTNQEDLLVLWGIHHPNDAAEQTRLYQNPTTYISVGTSTLNQRLVPKIATRSKVNGQSGRMEFFWTILKSNDAINFESNGNFIAPENAYKIVKKGDSTIMKSELEYSNCNTKCQTPIGAINSSMPFHNIHPLTIGECPKYVKSNRLVLATGLRNSPQGGKRRKKRGLFGAIAGFIEGGWQGMVDGWYGYHHSNEQGSGYAADKESTQKAIDGVTNKVNSIIDKMNTQFEAVGREFNNLERRIENLNKKMEDGFLDVWTYNAELLVLMENERTLDFHDSNVKNLYDKVRLQLRDNAKELGNGCFEFYHRCDNECMESVRNGTYDYPQYSEEARLKREEISGVKLESIGTYQILSIYSTVASSLALAIMVAGLFLWMCSNGSLQCRICI,H5,N1,0.593255211601926
A/Cambodia/V0203306/2011,H5N1,HA,2011-02-03,EPI341368,MEKIVLLFAIVSLVKSDQICIGYHANNSTKQVDTIMEKNVTVTHAQDILEKTHNGKLCDLDGVRPLILRDCSVAGWLLGNPMCDEFINVPEWSYIVEKANPVNDLCYPGVFNDYEELKHLLSRINHFEKIQIIPKSSWPSHEASLGVSAACPYQGKSSFFRNVVWLIKKNSTYPTIKRSYNNTNQEDLLVMWGIHHPNDAAEQTKLYQNPTTYISVGTSTLNQRLTPRIATRSKVNGQSGRMEFFWTILKPNDAINFESNGNFIAPEYAYKIVKKGDSTIMKSELEYGNCNTKCQTPMGAINSSMPFHNIHPLTIGECPKYVKSTRLVLATGLRNSPQREERRKKRGLFGAIAGFIEGGWQGMVDGWYGYHHSNEQGSGYAADKESTQKAIDGVTNKVNSIIDKMNTQFEAVGREFNNLERRIENLNKKMEDGFLDVWTYNAELLVLMENERTLDFHDSNVKNLYDKVRLQLRDNAKELGNGCFEFYHKCDNECMESVRNGTYDYPQYSEEARLKREEISGVKLESIGVYQILSIYSTVASSLALAIMVAGLSLWMCSNGSLQCRICI,H5,N1,0.011675030595868819
A/Egypt/N6658/2011,H5N1,HA,2011-01-01,EPI372867,MEKIVLLLAIVSIVKSDQICIGYHANNSTEQVDTIMEKNVTVTHAQDILEKTHNGKLCNLDGVKPLILRDCSVAGWLLGNPMCDEFLNVPEWSYIVEKINPANDLCYPGNFNDYEELKHLLSRINHFEKIQIIPKDSWSDHEASGVSSACPYQGRSSFFRNVVWLTKKNDAYPTIKKSYNNTNQEDLLVLWGIHHPNDAAEQTRLYQNPTTYISVGTSTLNQRLVPKIANRSKVNGQSGRMEFFWTILKSNDAINFESNGNFIAPENAYKIVKKGDSTIMKSELEYSNCNTKCQTPIGAINSSMPFHNIHPLTIGECPKYVKSNRLVLATGLRNSPQGEKRRKKRGLFGAIAGFIEGGWQGMVDGWYGYHHSNEQGSGYAADKESTQKAIDGVTNKVNSIIDKMNTQFEAVGREFNNLERRIENLNKKMEDGFLDVWTYNAELLVLMENERTLDFHDSNVKNLYDKVRLQLRDNAKELGNGCFEFYHRCDNECMESVRNGTYDYPQYSEEARLKREEISGVKLESIGTYQILSIYSTVASSLALAIMVAGLFLWMCSNGSLQCRICI,H5,N1,0.5932695297976603
A/Shenzhen/1/2011,H5N1,HA,2011-01-01,EPI1843182,MEKIVLLFAIVSLVKSDHICIGYHANNSTEQVDTIMEKNVTVTHAQDILEKTHNGKLCDLNGVKPLILKDCSVAGWLLGNPMCDEFIDVPEWSYIVEKTNPANDLCYPGSFNDYEELKHLLSRINHFEKIRIIPKDSWPDHEASLGVSAACSYQGNSSFFRNVVWLLKKDDAYPIITKSYNNTNKEDLLVLWGIHHPNDEAEQIRLYKNPTTYVSIGTSTLNQRLVPRIATRSKVNGQRGRIDFFWTILKPNDAINFESNGNFIAPEYAYKIVKKGDSTIMRSEVEYGNCSTRCQTPMGAINSSMPFHNIHPLTIGECPKYVKSNKLVLATGLRNSPQIERRRRKRGLFGAIAGFIEGGWQGMVDGWYGYHHSNEQGSGYAADKESTQKAIDGVTNKVNSIIDKMNTQFEAVGREFNNLERRIENLNKKMEDGFLDVWTYNAELLVLMENERTLDFHDSNVKNLYDKVRLQLRDNAKELGNGCFEFYHKCDNECIESVRNGTYDYPQYSEEARLKREEISGVKLESIGTYQILSIYSTVASSLVLAIMVAGLSLWMCSNGSLQCRICI,H5,N1,0.03947032620577492
A/Indonesia/NIHRD11767/2011(H5N1),H5N1,HA,2011-10-07,EPI341632,MEKITLLLSIVSLVKSDQICIGYHANNSTEQVDTIMEKNVTVTHAQDILEKTHNGKLCDLDGVKPLILKDCSVAGWLLGNPMCDEFINVPEWSYIVEKANPTNDLCYPGSFNDYEELKHLLSRINHFEKIQIIPKSSWSDHEASSGVSSACPYLGSPSFFRNVVWLIKKNSTYPTIKKTYNNTNQEDLLILWGIHHPNNGAEQTMLYQNPTTYISIGTSTLNQRLVPKIATRSKVNGQSGRMEFFWTILKPNDAINFESNGNFIAPEYAYKIVKKGDSAIMKSELEYGNCNTKCQTPMGAINSSMPFHNIHPITIGECPKYVKSNRLVLATGLRNSPQRESRRKKRGLFGAIAGFIEGGWQGMVDGWYGYHHSNEQGSGYAADKESTQKAIDGVTNKVNSIIDKMNTQFEAVGREFSNLERRIENLNKKMEDGFLDVWTYNAELLVLMENERTLDFHDSNVKNLYDKVRLQLRDNAKELGNGCFEFYHKCDNECMESIRNGTYNYPQYSEEARLKREEISGVKLESIGTYQILSIYSTVASSLALAIMIAGLSLWMCSNGSLQCRICI,H5,N1,0.04345882801769956
A/Egypt/N0423/2011,H5N1,HA,2011-01-01,EPI372899,MEKIVLLLAIVSLVKSDQICIGYHANNSTEQVDTIMEKNVTVTHAQDILEKTHNGKLCNLDGVKPLILRDCSVAGWLLGNPMCDEFLNVPEWSYIVEKINPANDLCYPGNFNDYEELKHLLSRINHFEKIQIIPKSSWSDHEASGVSSACPYQGRSSFFRNVVWLTKKDNAYPTIKRRYNNTNQEDLLVLWGIHHPNDAAEQTRLYQNPTTYISVGTSTLNQRLVPKIATRSKVNEQSGRMEFFWTILKSNDAINFESNGNFIAPENAYKIVKKGDSTIMKSELEYGNCNTKCQTPIGAINSSMPFHNIHPLTIGECPKYVKSNRLVLATGLRNSPQGERRRKKRGLFGAIAGFIEGGWQGMVDGWYGYHHSNEQGSGYAADKESTQKAIDGVTNKVNSIIDKMNTQFEAVGREFNNLERRIENLNKKMEDGFLDVWTYNAELLVLMENERTLDFHDSNVKNLYDKVRLQLRDNAKELGNGCFEFYHRCDNECMESVRNGTYDYPQYSEEARLKREEISGVKLESIGTYQILSIYSTVASSLALAIMVAGLSLWMCSNGSLQCRICI,H5,N1,0.5867856223072223
A/Egypt/N7592/2011,H5N1,HA,2011-01-01,EPI372915,MEKIVLLLAIVSIVKSDQICIGYHANNSTEQVDTIMEKNVTVTHAQDILEKTHNGKLCNLDGVKPLILRDCSVAGWLLGNPMCDEFLNVPEWSYIVEKINPANDLCYPGNFNDYEELKHLLSRINHFEKIQIIPKDSWSDHEASGVSSACPYQGRSSFFRNVVWLTKKNDAYPTIKKSYNNTNQEDLLVLWGIHHPNDAAEQTRLYQNPTTYISVGTSTLNQRLVPKIATRSKVNGQSGRMEFFWTILKSNDAINFESNGNFIAPENAYKIVKKGDSTIMKSELEYSNCNTKCQTPIGAINSSMPFHNIHPLTIGECPKYVKSNRLVLATGLRNSPQGEKRRKKRGLFGAIAGFIEGGWQGMVDGWYGYHHSNEQGSGYAADKESTQKAIDGVTNKVNSIIDKMNTQFEAVGREFNNLERRIENLNKKMEDGFLDVWTYNAELLVLMENERTLDFHDSNVKNLYDKVRLQLRDNAKELGNGCFEFYHRCDNECMESVRNGTYDYPQYSEEARLKREEISGVKLESIGTYQILSIYSTVASSLALAIMVAGLFLWMCSNGSLQCRICI,H5,N1,0.593226622999078
A/Egypt/N0677/2011,H5N1,HA,2011-01-01,EPI372875,MEKIVLLLAIVSIVKSDQICIGYHANNSTEQVDTIMEKNVTVTHAQDILEKTHNGKLCNLDGVKPLILRDCSVAGWLLGNPMCDEFRNVPEWSYIVEKINPANDLCYPGNFNDYEELKHLLSRINHFEKIQIIPKDSWSDHEASGVSSACPYQGRSSFFRNVVWLTKKNDAYPTIKKSYNNTNQEDLLVLWGIHHPNDAAEQTRLYQNPTTYISVGTSTLNQRLVPKIATRSKVNGQSGRMEFFWTILKSNDAINFESNGNFIAPENAYKIVKKGDSTIMKSELEYSNCNTKCQTPIGAINSSMPFHNIHPLTIGECPKYVKSNRLVLATGLRNSPQGEKRRKKRGLFGAIAGFIEGGWQGMVDGWYGYHHSNEQGSGYAADKESTQKAIDGVTNKVNSIIDKMNTQFEAVGREFNNLERRIENLNKKMEDGFLDVWTYNAELLVLMENERTLDFHDSNVKNLYDKVRLQLRDNAKELGNGCFEFYHRCDNECMESVRNGTYDYPQYSEEARLKREEISGVKLESIGTYQILSIYSTVASSLALAIMVAGLFLWMCSNGSLQCRICI,H5,N1,0.5930086101856094
A/Indonesia/NIHRD11797/2011(H5N1),H5N1,HA,2011-10-16,EPI341634,MEKITLLLSIVSLVKSDQICIGYHANNSTEQVDTIMEKNVTVTHAQDILEKTHNGKLCDLDGVKPLILKDCSVAGWLLGNPMCDEFINVPEWSYIVEKANPTNDLCYPGSFNDYEELKHLLSRINHFEKIQIIPKSSWSDHEASSGVSSACPYLGSPSFFRNVVWLIKKNSTYPTIKKTYNNTNQEDLLILWGIHHPNNVAEQTMLYQNPTTYISIGTSTLNQRLVPKIATRSKVNGQSGRMEFFWTILKPNDAINFESNGNFIAPEYAYKIVKKGDSAIMKSELEYGNCNTKCQTPMGAINSSMPFHNIHPITIGECPKYVKSNRLVLATGLRNSPQRESRRKKRGLFGAIAGFIEGGWQGMVDGWYGYHHSNEQGSGYAADKESTQKAIDGVTNKVNSIIDKMNTQFEAVGREFSNLERRIENLNKKMEDGFLDVWTYNAELLVLMENERTLDFHDSNVKNLYDKVRLQLRDNAKELGNGCFEFYHKCDNECMESIRNGTYNYPQYSEEARLKREEISGVKLESIGTYQILSIYSTVASSLALAIMIAGLSLWMCSNGSLQCRICI,H5,N1,0.04345882801769956
A/Egypt/N6322/2011,H5N1,HA,2011-01-01,EPI372859,MEKIVLLLAIVSIVKSDQICIGYHANNSTEQVDTIMEKNVTVTHAQDILEKTHNGKLCNLDGVKPLILRDCSVAGWLLGNPMCDEFLNVPEWSYIVEKINPANDLCYPGNFNDYEELKHLLSRINHFEKIQIIPKDSWSDHEASGVSSACPYQGRSSFFRNVVWLTKKNDAYPTIKKSYNNTNQEDLLVLWGIHHPNDAAEQTRLYQNPTTYISVGTSTLNQRLVPKIATRSKVNGQSGRMEFFWTILKSNDAINFESNGNFIAPENAYKIVKKGDSTIMKSELEYSNCNTKCQTPIGAINSSMPFHNIHPLTIGECPKYVKSNRLVLATGLRNSPQGEKRRKKRGLFGAIAGFIEGGWQGMVDGWYGYHHSNEQGSGYAADKESTQKAIDGVTNKVNSIIDKMNTQFEAVGREFNNLERRIENLNKKMEDGFLDVWTYNAELLVLMENERTLDFHDSNVKNLYDKVRLQLRDNAKELGNGCFEFYHRCDNECMESVRNGTYDYPQYSEEARLKREEISGVKLESIGIYQILSIYSTVASSLALAIMVAGLFLWMCSNGSLQCRICI,H5,N1,0.5968474648504916
A/Cambodia/V0219301/2011,H5N1,HA,2011-02-17,EPI341367,MEKIVLLFAIVSLVKSDQICIGYHANNSTKQVDTIMEKNVTVTHAQDILEKTHNGKLCDLDGVRPLILRDCSVAGWLLGNPMCDEFINVPEWSYIVEKANPVNDLCYPGVFNDYEELKHLLSRINHFEKIQIIPKSSWPSHEASLGVSAACPYQGKSSFFRNVVWLIKKNSTYPTIKRSYNNTNQEDLLVMWGIHHPNDAAEQTKLYQNPTTYISVGTSTLNQRLTPRIATRSKVNGQSGRMEFFWTILKPNDAINFESNGNFIAPEYAYKIVKKGDSTIMRSELEYGNCNTKCQTPMGAINSSMPFHNIHPLTIGECPKYVKSTRLVLATGLRNSPQREERRKKRGLFGAIAGFIEGGWQGMVDGWYGYHHSNEQGSGYAADRESTQKAIDGVTNKVNSIIDKMNTQFEAVGREFNNLERRIENLNKKMEDGFLDVWTYNAELLVLMENERTLDFHDSNVKNLYDKVRLQLRDNAKELGNGCFEFYHKCDNECMESVRNGTYDYPQYSEEARLKREEISGVKLESIGVYQILSIYSTVASSLALAIMVAGLSLWMCSNGSLQCRICI,H5,N1,0.012482835705613822
A/Egypt/N7562/2011,H5N1,HA,2011-01-01,EPI372907,MEKIVLLLAIVSIVKSDQICIGYHANNSTEQVDTIMEKNVTVTHAQDILEKTHNGKLCNLDGVKPLILRDCSVAGWLLGNPMCDEFLNVPEWSYIVEKINPANDLCYPGNFNDYEELKHLLSRINHFEKIQIIPKDSWSDHEASGVSSACPYQGRSSFFRNVVWLTKKNDAYPTIKKSYNNTNQEDLLVLWGIHHPNDAAEQTRLYQNPTTYISVGTSTLNQRLVPKIATRSKVNGQSGRMEFFWTILKSNDAINFESNGNFIAPENAYKIVKKGDSTIMKSELEYSNCNTKCQTPIGAINSSMPFHNIHPLTIGECPKYVKSNRLVLATGLRNSPQGEKRRKKRGLFGAIAGFIEGGWQGMVDGWYGYHHSNEQGSGYAADKESTQKAIDGVTNKVNSIIDKMNTQFEAVGREFNNLERRIENLNKKMEDGFLDVWTYNAELLVLMENERTLDFHDSNVKNLYDKVRLQLRDNAKELGNGCFEFYHRCDNECMESVRNGTYDYPQYSEEARLKREEISGVKLESIGTYQILSIYSTVASSLALAIMVAGLSLWMCSNGSLQCRICI,H5,N1,0.593226622999078
A/Viet_Nam/CM32/2011,H5N1,HA,2011-10-19,EPI539360,MEKIVLLFATISLVKSDHICIGYHANNSTEQVDTIMEKNVTVTHAQDILEKTHNGKLCDLNGVKPLILKDCSVAGWLLGNPMCDEFINVPEWSYIVEKANPANDLCYPGNFNDYEELKHLLSRINHFEKIQIIPKDSWTDHEASLGVSAACPYQGNSSFFRNVVWLIKKDNAYPTIKKGYNNTNQEDLLVLWGIHHPNNEAEQTRLYQNPTTYISIGTSTLNQRLVPKIATRSKINGQSGRIDFFWTILKPNDAIHFESNGNFIAPEYAYKIVKKGDSTIMKSEVEYGNCNTRCQTPIGAINSSMPFHNIHPLTIGECPKYVKSNKLVLATGLRNSPQRERRRKRGLFGAIAGFIEGGWQGMVDGWYGYHHSNEQGSGYAADKESTQKAIDGVTNKVNSIIDKMNTQFEAVGREFNNLERRIENLNKKMEDGFLDVWTYNAELLVLMENERTLDYHDSNVRNLYDKVRLQLKDNAKELGNGCFEFYHKCNNECMESVRNGTYDYPQYSEEARLKREEISGVKLESIGIYQILSIYSTVASSLVLAIMMAGLSLWMCSNGSLQCRICI,H5,N1,0.24307705293470044
A/Indonesia/NIHRD11046/2011,H5N1,HA,2011-02-03,EPI1377660,MEEIMLLLSIVSLVKSDQICIGYHANNSTEQVDTIMEKNVTVTHAQDILERTHNGKLCDLDGVKPLILKDCSVAGWLLGNPMCDEFINVPEWSYIVEKANPTNDLCYPGSFNDYEELKHLLSRINHFEKIQIIPKSSWSDHEASSGVSSACPYLGSPSFFRNVVWLIKKNSTYPTIKKTYNNTNQEDLLVLWGIHHPNTEAEQTMLYQNPTTYISIGTSTLNQRLVPKIATRSKVNGQSGRMEFFWTILKPNDAINFESNGNFIAPEYAYKIVKKGDSAIMKSELEYGNCNTKCQTPMGAINSSMPFHNIHPLTIGECPKYVKSNRLVLATGLRNSPQRESRRKKRGLFGAIAGFIEGGWQGMVDGWYGYHHSNEQGSGYAADKESTQKAIDGVTNKVNSIIDKMNTQFEAVGREFNNLERRIENLNKKMEDGFLDVWTYNAELLVLMENERTLDFHDSNVKNLYDKVRLQLRDNAKELGNGCFEFYHKCDNGCMESIRNGTYNYPQYSEEARLKREEISGVKLESIGTYQILSIYSTVASSLALAIMIAGLSLWMCSNGSLQCRICI,H5,N1,0.042461939670135875
A/Egypt/N10621/2011,H5N1,HA,2011-10-30,EPI372963,MEKIVLLLAIVSIVKSDQICIGYHANNSTEQVDTIMEKNVTVTHAQDILEKTHNGKLCNLDGVKPLILRDCSVAGWLLGNPMCDEFLNVPEWSYIVEKINPANDLCYPGNFNDYEELKHLLSRINHFEKIQIIPNDSWSDHEASGVSSACPYQGRSSFFRNVVWLTKKNDAYPTIKKSYNNTNQEDLLVLWGIHHPNDAAEQTRLYQNPTTYISVGTSTLNQRLVPKIATRSKVNGQSGRMEFFWTILKSNDAINFESNGNFIAPENAYKIVKKGDSTIMKSELEYSNCNTKCQTPIGAINSSMPFHNIHPLTIGECPKYVKSNRLVLATGLRNSPQGEKRRKKRGLFGAIAGFIEGGWQGMVDGWYGYHHSNEQGSGYAADKESTQKAIDGVTNKVNSIIDKMNTQFEAVGREFNNLERRIENLNKKMEDGFLDVWTYNAELLVLMENERTLDFHDSNVKNLYDKVRLQLRDNAKELGNGCFEFYHRCDNECMESVRNGTYDYPQYSEEARLKREEISGVKLESIGTYQILSIYSTVASSLALAIMVAGLFLWMCSNGSLQCRICI,H5,N1,0.593226622999078
