Influenza Virus,Virus Type,Dates of Risk Assessment,Potential Emergence Estimate,Potential Impact Estimate,Summary Risk Score Category,HA Sequence,NA Sequence,HA Qnet Sample,NA Qnet Sample,HA Average Qdistance,NA Average Qdistance,Both Average Qdistance
A/swine/Shandong/1207/2016,H1N1,Jul 2020,7.5,6.9,Moderate,MEARLFVLFCAFTTLKADTICVGYHANNSTDTVDTILEKNVTVTHSVNLLENSHNGKLCSLNGKIPLQLGNCNVAGWILGNPKCDLLLTANSWSYIIETSNSKNGACYPGEFADYEELKEQLSTVSSFERFEIFPKATSWPNHDTTRGTTVACSHSGANSFYRNLLWIVKKGNSYPKLSKSYTNNKGKEVLVIWGVHHPPTESDQQTLYQNNHTYVSVGSSKYYKRFTPEIVARPKVREQAGRMNYYWTLLDQGDTITFEATGNLIAPWHAFALKKGSSSGIMRSDAQVHNCTTKCQTPHGALKGNLPFQNVHPVTIGKCPKYVKSTQLRMATGLRNIPSIQSRGLFGAIAGFIEGGWTGMVDGWYGYHHRNEQGSGYAADQKSTQIAIDGISNKVNSVIEKMNIQFTSVGKEFNSLEKRMENLNKKVDDGFLDVWTYNAELLILLENERTLDFHDLNVKNLYEKVKSQLRNNAKEIGNGCFEFYHKCDNECMESVKNGTYNYPKYSEESKLNREEIDGVKLESMGIHQILAIYSTVASSLVLLVSLGAISFWMCSNGSLQCRVCI,MNPNQKIITIGSICMTIGIASLILQIGNIISIWISHSIQIENQNQSKICNQNVITYENNTWVNQTYVNVSNTTFVAEQAVASVKLAGNSSLCPVSGWAIYSKDNSVRIGSKGDVFVIREPFISCSHLECRTFFLTQGALLNDKHSNGTIKDRSPYRTLMSCPIGEVPSPYNSRFESVAWSASACHDGTNWLTIGISGPDNGAVAVLKYNGIITDTIKSWRKNILRTQESECACVNGSCFTVMTDGPSNGQASYKIFKIERGKVVKSVELNAPNYHYEECSCYPESSEIICVCRDNWHGSNRPWVSFNQNLEYQIGYICSGIFGDNPRPNDKTGSCGPVFPNGANGVKGFSFKYGNGVWIGRTKSTSSRMGFEMIWDPDGWTRTDDKFSVKQDIIGITDWSGYSGSFVQHPELTGLNCMRPCFWVELIRGRPKENTIWTSGSSISFCGVNSDTVGWSWPDGAELPFTIDK,1000.0,1000.0,0.0941345191942589,0.020529584506050035,0.05733205185015447
A/duck/New York/1996,H1N1,Nov 2011,2.3,2.4,Low,-1,MNPNQKIITIGSICMAIGIISLVLQIGNIISIWVSHSIQTGSQSHPETCNQSVITYENNTWVNQTYINISNTNLVAEQTVAPVILAGNSSLCPISGWAIYSKDNGIRIGSKGDVFVIREPFISCSHLECRTFFLTQGALLNDKHSNGTVKDRSPYRTLMSCPVGEAPSPYNSRFESVAWSASACHDGISWLTIGISGPDNGAVAVLKYNGIITDTIKSWRNNVLRTQESECACINGSCFTIMTDGPSNGQASYKIFKIEKGKVVKSVELNAPNYHYEECSCYPDASEVMCVCRDNWHGSNRPWVSFNQNLEYQIGYICSGVFGDNPRPNDGTGSCGPVSSNGAYGVKGFSFKYGNGVWIGRTKSTSSRSGFEMIWDPNGWTETDNSFSVKQDIVAITDWSGYSGSFVQHPELTGLDCMRPCFWVELIRGRPKENTIWTSGSSISFCGVNSDTVGWSWPDGAELPFTIDK,1000.0,1000.0,-1.0,-1.0,-1.0
A/California/62/2018,H1N2,Jul 2019,5.8,5.7,Moderate,MKVKLMVLLCTFTATYADTICVGYHANNSTDTVDTVLEKNVTVTHSVNLLEDSHNGKLCLLKGIAPLQLGSCSVAGWILGNPECELLNSKESWSYIVETSNPENGTCYPGYFEDYEELREQLSSVSSFKKFEIFPKKSSWPNHTVTGVSSSCSHNGNSSFYRNLLWLTVKNNLYPNLSKSYTNKEGKEVLVLWGVHHPSNMEDQRALYHTENAYVSVVSSHYSRRFTPEIAKRPKVRNQEGRINYYWTLLEPGDTIIFEASGNLIAPRYAFELSKSFGSGIITSNAPMGECNTKCQTPQGAINSSLPFQNVHPVTIGECPKYVRSAKLRMVTGLRNTPSIQSRGLFGAIAGFIEGGWTGMVDGWYGYHHQNEQGSGYAADQQSTQIAINGITNKVNSVIEKMNTQFTAVGKEFNKLERRMENLNKKVDDGFLDIWTYNAELLVLLENERTLDFHDSNVKNLYEKVKSQLKNNAKEIGNGCFEFYHKCDDECMDSVKNGTYDYPKYSEESKLNREKIDGVKLESMGVYNILAIYSTIASSLVLLISLGAICFWMCSNGSLQCRICI,MNPNQKIITIGSISLTLAAMCFLMQTAILVTNVTLHFNQCECHYPPNNQVILCEPTIIERNTTRIVYLTNTTIEKEKCPKLAEYRNWSKPQCRITGFAPFSKDNSIRLSAGGDIWVTREPYVSCDPDKCYQFALGQGTTLDNRHSNNTFHDRTPYRTLLMNELGIPFHLGTKQVCIAWSSSSCHDGKAWLHVCITGHDENATASIIYNGRLVDSIGSWSKKILRTQESECVCINGTCTVVMTDGSASGRADTRILFIEEGKIIHISPLIGSAQHVEECSCYPRYPGVRCICRDNWKGSNRPVVDINVKDYSIVSSYVCSGLVGDTPRKDDKSSSSNCLNPNNEKGEHGVKGWAFDDGKDVWMGRTINETLRSGYETFKVIEGWSKSNSKLQINRQVIVEKSDRSGYSGIFSVESKSCINRCFYVELIRGRKQENAVWWTSNSIVVFCGTSGTYGSGSWPDGADINLMPV,55.0,55.0,0.10890211191643408,0.06095058601008706,0.08492634896326057
A/Ohio/13/2017,H3N2,Jul 2019,6.6,5.8,Moderate,MKTIIALSHILCLVFAQKLPGNDNNMATLCLGHHAVPNGTIVKTITNDQIEVTNATELVQSFSTGEICNSPYQILDGENCTLIDALLGDPQCDGFQNNKWDLFVERSKAHSNCYPYDVPDYASLRSLVASSGTLEFNNESFNWTGVTQDGASSSCKRRSSNSFFSRLNWLTHLNFKYPALEVTMPNNEQFDKLYIWGVHHPATDKDQISLYAQAAGRIIVSTKRNQQAVIPNIGSRPRVRDIPSRISIYWTIVRPGDILLINSTGNLIAPRGYFKIRSGKSSIMRSDAPIGKCNSACITPNGSIPNDKPFQNVNRITYGACPRYVKQNTLKLATGMRNIPEKQTRGIFGAIAGFIENGWEGMVDGWYGFRHQNSEGRGQAADLKSTQAAIDQINGKLNRLIGKTNEKFHQIEKEFSDVEGRIQDLEKYVEDTKIDLWSYNAELLVALENQHTIDLTDSEMNKLFEKTKKQLRENAEDMGNGCFKIYHKCDNACIGSIRNGTYDHDVYRNEALNNRFQIKGVELKSEYKDWILWISFAISCFLLCVALLGFIMWACQKGNIKCNICI,MNPNQKIITIGSVSLIIATICFLMQIAILVTTITLHFKQHNCDSSPNNHVMFCEPTIIERNKTEIVYLTNTTVEKEICPKPTEYRNWSKPQCNITGFAPFSKDNSIRLSAGGDIWVTREPYVSCDQDKCYQFALGQGTTLNNGHSNDTVHDRTPYRTLLMNELGVPFHLGTRQVCIAWSSSSCHDGKAWLHVCITGDDKNATASLIYNGRLVDSIGSWSKNILRTQESECVCINGTCTVVMTDGSASGKADTKILFIEEGKIIHISTLSGSAQHVEECSCYPRYSGVRCVCRDNWKGSNRPIVDINVKDYSTVSSYICSGLVGDTPRKNDSFSSSNCLDPNNEEGGHGVKGWAFDDGNDLWMGRTISEKSRLGYETFKVVKGWSEPNSKLQSNRQVIVDRGNRSGYSGIFSIEGKNCINRCFYVELIRGRKEETKVLWTSNSIVVFCGTSGTYGTGSWPDGADINLMPI,1000.0,1000.0,0.01843057542890571,0.03062254104625709,0.024526558237581403
A/Indiana/08/2011,H3N2,Dec 2012,6.0,4.5,Moderate,MKTIIAFSCILCLIFAQKLPGSDNSMATLCLGHHAVPNGTLVKTITDDQIEVTNATELVQSSSTGGICNSPHQILDGKNCTLIDALLGDPHCDDFQNKEWDLFVERSTAYSNCYPYYVPDYATLRSLVASSGNLEFTQESFNWTGVAQGGSSYACRRGSVNSFFSRLNWLYNLNYKYPEQNVTMPNNDKFDKLYIWGVHHPGTDKDQTNLYVQASGRVIVSTKRSQQTVIPNIGSRPWVRGVSSIISIYWTIVKPGDILLINSTGNLIAPRGYFKIQSGKSSIMRSDAHIDECNSECITPNGSIPNDKPFQNVNKITYGACPRYVKQNTLKLATGMRNVPEKQTRGIFGAIAGFIENGWEGMVDGWYGFRHQNSEGTGQAADLKSTQAAINQITGKLNRVIKKTNEKFHQIEKEFSEVEGRIQDLEKYVEDTKIDLWSYNAEILVALENQHTIDLTDSEMSKLFERTRRQLRENAEDMGNGCFKIYHKCDNACIGSIRNGTYDHDIYRNEALNNRFQIKGVQLKSGYKDWILWISFAISCFLLCVVLLGFIMWACQKGNIRCNICI,MNPNQKIITIGSVSLIIATICFLMQIAILVTTVTLHFKQHDYNSPPNNQAMLCEPTIIERNTTEIVYLTNITIEKEICPKLAEYRNWSKPQCNITGFAPFSKDNSIRLSAGGDIWVTREPYVSCDPDKCYQFALGQGTTLNNGHSNNTVHDRTPYRTLLMNELGVPFHLGTRQVCMAWSSSSCHDGKAWLHVCITGNDNNATASFIYNGRLVDSIGSWSKNILRTQESECVCINGTCTVVMTDGSASGKADTKILFVEEGKIVHISTLSGSAQHVEECSCYPRFPGVRCVCRDNWKGSNRPIVDINVKNYSIVSSYVCSGLVGDTPRKSDSVSSSYCLDPNNEKGGHGVKGWAFDDGNDVWMGRTINETLRLGYETFKVIEGWSKANSKLQTNRQVIVEKGDRSGYSGIFSVEGKSCINRCFYVELIRGRKEETKVWWTSNSIVVFCGTSGTYGTGSWPDGADINLMPI,1000.0,1000.0,0.052310846025259185,0.009103274199645147,0.030707060112452167
A/canine/Illinois/12191/2015,H3N2,Jun 2016,3.7,3.7,Low,MKTVIALSYIFCLAFGQNLLGNENNAATLCLGHHAVPNGTMVKTITDDQIEVTNATELVQNPSTGKICNNPHKILDGRDCTLIDALLGDPHCDVFQNETWDLFVERSNAFSNCYPYDVPDYASLRSIVASSGTLEFITEGFTWAGVTQNGGSGACKRGPANSFFSRLNWLTKSGNTYPVLNVTMPNNNNFDKLYIWGVHHPSTNQEQTSLYIQASGRVTVSTRRSQQTIIPNIESRPLVRGQSGRISVYWTIVKPGDILVINSNGNLIAPRGYFKMHIGKSSIMRSDAPIDTCISECITPNGSIPNEKPFQNVNKITYGACPKYVKQNTLKLATGMRNVPERQTRGLFGALAGFIENGWEGMVDGWYGFRHQNSEGTGQAADLKSTQAAIDQINGKLNRVIEKTNEKFHQIEKEFSEVEGRIQDLERYVEDTKVDLWSYNAELLVALENQNTIDLTDSEMNKLFEKTRRQLRENAEDMGNGCFKIYHKCDNACIESIRNGTYDHNIYRDEAVNNRFQIKGVELKSGYKDWILWISFAISCFLLCVVLLGFIMWACQRGNIRCNICI,MNPNQKIIAIGSVSLTIATVCFLLQIAILATTVTLYFKQNECNIPSNSQVVPCKPIIIERNITEVVYLNNTTIEKEICSVVLEYRNWSKPQCQITGFAPFSKDNSIRLSAGGDIWVTREPYVSCDHSKCYQFALGQGTTLNNKHSNSTIHDRTSHRTLLMNELGVPFHLGTKQVCIAWSSSSCHDGKAWLHVCVTGDDRNATASFVYNGMLVDSIGSWSRNILRTQESECVCINGTCTVVMTDGSASGRADTRILFIREGKIIHISPLSGSAQHIEECSCYPRYPNVRCVCRDNWKGSNRPVIDINMADYNINSSYVCSGLVGDTPRNDDSSSSSNCKDPNNERGNPGVKGWAFDNDNDVWMGRTISKDLRSGYETFKVIGGWTTANSKSQVNRQVIVDNNNWSGYSGIFSVEGKSCVNRCFYVELIRGGPQETRVWWTSNSIVVFCGTSGTYGTGSWPDGANINFMPI,1000.0,1000.0,0.06066468502351664,0.15085645812587956,0.10576057157469809
A/American wigeon/South Carolina/AH0195145/2021,H5N1,Mar 2022,4.4,5.1,Moderate,MENIVLLLAIVSLVKSDQICIGYHANNSTEQVDTIMEKNVTVTHAQDILEKTHNGKLCDLNGVKPLILKDCSVAGWLLGNPMCDEFIRVPEWSYIVERANPANDLCYPGSLNDYEELKHMLSRINHFEKILIIPKSSWPNHETSLGVSAACPYQGAPSFFRNVVWLIKKNDAYPTIKISYNNTNREDLLILWGIHHSNNAEEQTNLYKNPTTYISVGTSTLNQRLAPKIATRSQVNGQRGRMDFFWTILKPDDAIHFESNGNFIAPEYAYKIVKKGDSTIMKSGVEYGHCNTKCQTPVGAINSSMPFHNIHPLTIGECPKYVKSNKLVLATGLRNSPLREKRRKRGLFGAIAGFIEGGWQGMVDGWYGYHHSNEQGSGYAADKESTQKAIDGVTNKVNSIIDKMNTQFEAVGREFNNLERRIENLNKKMEDGFLDVWTYNAELLVLMENERTLDFHDSNVKNLYDKVRLQLRDNAKELGNGCFEFYHKCDNECMESVRNGTYDYPQYSEEARLKREEISGVKLESVGTYQILSIYSTAASSLALAIMMAGLSLWMCSNGSLQCRICI,MNPNQKITTIGSICMVIGIVSLMLQIGNIISIWVSHSIQTGNQYQPEPCNQSIITYENNTWVNQTYVNISNTNFLAEQAVTSVTLAGNSSLCPISGWAIYSKDNGIRIGSKGDVFVIREPFISCSHLECRTFFLTQGALLNDKHSNGTVKDRSPYRTLMSCPVGEAPSPYNSRFESVAWSASACHDGISWLTIGISGPDNGAVAVLKYNGIITDTIKSWRNNILRTQESECACVNGSCFTVMTDGPSNGQASYKIFKIDKGKVVKSVELNAPNYHYEECSCYPDAGDIMCVCRDNWHGSNRPWVSFNQNLEYQIGYICSGVFGDNPRPNDGTGSCSPMSSNGAYGVKGFSFKYGNGVWIGRTKSTSSRSGFEMIWDPNGWTETDSSFSVKQDIVEITDWSGYSGSFVQHPELTGLDCMRPCFWVELIRGRPKENTIWTSGSSISFCGVNSDTVGWSWPDGAELPFTIDK,335.0,323.0,0.17218049960637447,0.5113873007939745,0.33736849773448596
A/American green-winged teal/Washington/1957050/2014,H5N1,Mar 2015,3.6,4.1,Low-Moderate,MEKIVLLLAVISLVKSDQICIGYHANNSTKQVDTIMEKNVTVTHAQDILEKTHNGKLCDLNGVKPLILKDCSVAGWLLGNPMCDEFIRVPEWSYIVERANPANDLCYPGTLNDYEELKHLLSRINHFEKTLIIPRSSWPNHETSLGVSAACPYQGASSFFRNVVWLIKKNDAYPTIKISYNNTNREDLLILWGIHHSNNAAEQTNLYKNPDTYVSVGTSTLNQRLVPKIATRSQVNGQSGRMDFFWTILKPNDAIHFESNGNFIAPEYAYKIVKKGDSTIMKSEMEYGHCNTKCQTPIGAINSSMPFHNIHPLTIGECPKYVKSNKLVLATGLRNSPLRERRRKRGLFGAIAGFIEGGWQGMVDGWYGYHHSNEQGSGYAADKESTQKAIDGVTNKVNSIIDKMNTQFEAVGREFNNLERRIENLNKKMEDGFLDVWTYNAELLVLMENERTLDFHDSNVKNLYDKVRLQLRDNAKELGNGCFEFYHKCDNECMESVRNGTYDYPKYSEEAILKREKISGVKLESIGTYQILSIYSTVASSLALAIIVAGLSLWMCSNGSLQCRICI,MNPNQKIITIGSICMVIGIISLVLQIGNIISIWVSHSIQTGSQNHPETCNQSVITYENNTWVNQTYINISNTNLIAEQVVNPVALAGNSSLCPISGWAIYSKDNGIRIGSKGDVFVIREPFISCSHLECRTFFLTQGALLNDKHSNGTVKDRSPYRTLMSCPVGEAPSPYNSRFESVAWSASACHDGISWLTIGISGPDNGAVAVLKYNGIITDTIKSWRSNILRTQESECACINGSCFTIMTDGPSNGQASYKIFKVEKGKVVKSVELNAPNYHYEECSCYPDASEVMCVCRDNWHGSNRPWVSFNQNLEYQIGYICSGVFGDNPRPNDGTGSCGPVSSNGAYGVKGFSFKYGNGVWIGRTKSTSSRSGFEMIWDPNGWTETDSSFSVKQEIVAITDWSGYSGSFVQHPELTGLDCMRPCFWVELIRGRPKENTIWTSGSSISFCGVNSDTVGWSWPDGAELPFTIDK,326.0,314.0,0.191126525500972,0.44822757043456984,0.3168561901079979
A/Vietnam/1203/2004,H5N1,Nov 2011,5.2,6.6,Moderate,MEKIVLLFAIVSLVKSDQICIGYHANNSTEQVDTIMEKNVTVTHAQDILEKKHNGKLCDLDGVKPLILRDCSVAGWLLGNPMCDEFINVPEWSYIVEKANPVNDLCYPGDFNDYEELKHLLSRINHFEKIQIIPKSSWSSHEASLGVSSACPYQGKSSFFRNVVWLIKKNSTYPTIKRSYNNTNQEDLLVLWGIHHPNDAAEQTKLYQNPTTYISVGTSTLNQRLVPRIATRSKVNGQSGRMEFFWTILKPNDAINFESNGNFIAPEYAYKIVKKGDSTIMKSELEYGNCNTKCQTPMGAINSSMPFHNIHPLTIGECPKYVKSNRLVLATGLRNSPQRERRRKKRGLFGAIAGFIEGGWQGMVDGWYGYHHSNEQGSGYAADKESTQKAIDGVTNKVNSIIDKMNTQFEAVGREFNNLERRIENLNKKMEDGFLDVWTYNAELLVLMENERTLDFHDSNVKNLYDKVRLQLRDNAKELGNGCFEFYHKCDNECMESVRNGTYDYPQYSEEARLKREEISGVKLESIGIYQILSIYSTVASSLALAIMVAGLSLWMCSNGSLQCR,MNPNQKIITIGSICMVTGIVSLMLQIGNMISIWVSHSIHTGNQHQSEPISNTNFLTEKAVASVKLAGNSSLCPINGWAVYSKDNSIRIGSKGDVFVIREPFISCSHLECRTFFLTQGALLNDKHSNGTVKDRSPHRTLMSCPVGEAPSPYNSRFESVAWSASACHDGTSWLTIGISGPDNGAVAVLKYNGIITDTIKSWRNNILRTQESECACVNGSCFTVMTDGPSNGQASHKIFKMEKGKVVKSVELDAPNYHYEECSCYPNAGEITCVCRDNWHGSNRPWVSFNQNLEYQIGYICSGVFGDNPRPNDGTGSCGPVSSNGAYGVKGFSFKYGNGVWIGRTKSTNSRSGFEMIWDPNGWTETDSSFSVKQDIVAITDWSGYSGSFVQHPELTGLDCIRPCFWVELIRGRPKESTIWTSGSSISFCGVNSDTVGWSWPDGAELPFTIDK,258.0,246.0,0.16725409018898668,0.011074075880513852,0.09134189199921104
A/Northern pintail/Washington/40964/2014,H5N2,Mar 2015,3.8,4.1,Low-Moderate,MEKIVLLLAVISLVKSDQICIGYHANNSTKQVDTIMEKNVTVTHAQDILEKTHNGKLCDLNGVKPLILKDCSVAGWLLGNPMCDEFIRVPEWSYIVERANPANDLCYPGTLNDYEELKHLLSRINHFEKNLIIPRSSWPNHETSLGVSAACPYQGASSFFRNVVWLIKKNDAYPTIKISYNNTNREDLLILWGIHHSNNAAEQTNLYKNPDTYVSVGTSTLNQRLVPKIATRSQVNGQSGRMDFFWTILKPNDAIHFESNGNFIAPEYAYKIVKKGDSTIMKSEMEYGHCNTKCQTPIGAINSSMPFHNIHPLTIGECPKYVKSNKLVLATGLRNSPLRERRRKRGLFGAIAGFIEGGWQGMVDGWYGYHHSNEQGSGYAADKESTQKAIDGVTNKVNSIIDKMNTQFEAVGREFNNLERRIENLNKKMEDGFLDVWTYNAELLVLMENERTLDFHDSNVKNLYDKVRLQLRDNAKELGNGCFEFYHKCDNECMESVRNGTYDYPKYSEEAILKREEISGVKLESIGTYQILSIYSTVASSLALAIIVAGLSLWMCSNGSLQCRICI,MNPNQKIITIGSVSLTIATVCFLMQIAILATTVTLHFKQNECSIPPNNQVVPCEPIIIEKNITEIVYLNNTTIEKEVCPEVPEYRNWSKPQCQITGFAPFSKDNSIRLSAGGDIWVTREPYVSCSPGKCYQFALGQGTTLNNKHSNGTIHDRIPHRTLLMSELGVPFHLGTKQVCIAWSSSSCHDGKAWLHVCVTGDDRNATASFIYDGMLADSIGSWSQNILRTQESECVCINGTCTVVMTDGSASGRADTRILFIKEGKIVHISPLSGSAQHIEECSCYPRYPDVRCVCRDNWKGSNRPVIDINMADYSIDSSYVCSGLVGDTPRNDDSSSSSNCRDPNNERGNPGVKGWAFDNGNDVWMGRTISEDSRSGYETFRVTDGWTTANSKSQVNRQIIVDNNNWSGYSGIFSVEGKSCINRCFYVELIRGRPQETRVWWTSNSIVVFCGTSGTYGTGSWPDGANINFMPI,-1.0,-1.0,-1.0,-1.0,-1.0
A/Sichuan/06681/2021,H5N6,Oct 2021,5.3,6.3,Moderate,MENIVLLLAIVSLVKSDQICIGYHANNSTEQVDTIMEKNVTVTHAQDILEKTHNGKLCDLNGVKPLILKDCSVAGWLLGNPMCDEFIRVPEWSYIVERANPANDLCYPGSLNDYEELKHLLSRINHFEKILIIPKGSWPNHETSLGVSAACPYQGAPSFFRNVVWLVKKNDAYPTIKISYNNTNREDLLILWGIHHSNNAEEQINLYKNPTTYISVGTSTLNQRLVPKIATRSQVNGQRGRMDFFWTILKPDDAIHFESNGNFIAPEYAYKIVKKGDSTIMKSGVEYGHCNTKCQTPIGAINSSMPFHNIHPLTIGECPKYVKSNKLVLATGLRNSPLREKRRKRGLFGAIAGFIEGGWQGMVDGWYGYHHSNEQGSGYAADKESTQKAIDGVTNKVNSIIDKMNTQFEAVGREFNNLERRIENLNKKMEDGFLDVWTYNAELLVLMENERTLDFHDSNVKNLYDKVRLQLRDNAKELGNGCFEFYHKCDNECMESVRNGTYDYPQYSEEARLKREEISGVKLESIGTYQILSIYSTAASSLALAIMMAGLSLWMCSNGSLQCRICI,MNPNQKITCISATGVTLSIVSLLIGITNLGLNIGLHYKVSDSTTINIPNMNETNPTTTNITNTIMNKNEEKTFLKLTKPLCEVNSWHILSKDNAIRIGEDAHILVTREPYLSCDPQGCRMFALSQGTTLRGQHANGTIHDRSPFRALISWEMGQAPSPYNTRVECIGWSSTSCHDGISRMSVCISGPNNNASAVVWYRGRPVTEIPSWAGNILRTQESECVCHKGICPVVMTDGPANNKAATKIVYLKEGKIQKTEELQGNAQHIEECSCYGAARMIKCVCRDNWKGANRPIITIDPERMTHTSKYLCSKILTDTSRPNDPTNGNCDAPIKGGNPDPGVKGFAFLDGENSWLGRTISKDSRSGYEMLKVPNAEIDTQSGPISYQLIVNNQNWSGYSGAFIDYWANKECFNPCFYVELIRGRPKESSVLWTSSSMVALCGSRERLGSWSWHDGAEIIYFK,45.0,45.0,0.3615906035041952,0.051794327409081346,0.20669246545663827
A/Yunnan/14564/2015,H5N6,Apr 2016,5.0,6.6,Moderate,MEKMVLLLAAVSLVKSDQICIGYHANNSTEQVDTIMEKNVTVTHAQDILEKTHNGRLCDLNGVKPLILKDCSVAGWLLGNPMCDEFIRVPEWSYIVERANPANDLCYPGNLNDYEELKHLLSRINHFEKTLIIPKSSWPNHTSSGVSAACPYQGMPSFFRNVVWLTKKNDAYPTIKMSYNNTYREDLLILWGIHHSNNAAEQTNLYKNPTTYVSVGTSTLNQRLEPKIATRSQVNGQRGRMDFFWTILKPNDAIHFESNGNFIAPEYAYKIVKKGDSTIMKSEMEYGHCNTKCQTPIGAINSSMPFHNIHPLTIGECPKYVKSNKLVLATGLRNSPLRERRRKRGLFGAIAGFIEGGWQGMVDGWYGYHHSNEQGSGYAADRESTQKAIDGVTNKVNSIIDKMNTQFEAVGREFNNLERRIENLNKKMEDGFLDVWTYNAELLVLMENERTLDFHDSNVKNLYDKVRLQLRDNAKELGNGCFEFYHKCDNECMESVRNGTYDYPQYSEEARLKREEISGVKLESIGTYQILSIYSTVASSLALAIIVAGLSLWMCSNGSLQCRICI,MNPNQKITCISATGVTLSVVSLLIGIANLGLNIGLHYKVSDSTTINIPNMNETNPTTTNITNIIVNKNEERTFLNLTKPLCEVNSWHILSKDNAIRIGEDAHILVTREPYLSCDPQGCRMFALSQGTTLRGRHANGTIHDKSPFRALISWEMGQAPSPYNTRVECIGWSSTSCHDGISRMSICISGPNNNASAVVWYRGRPVTEIPSWVGNILRTQESECVCHKGICPVVMTDGPANNKAATKIIYFKEGKIQKIEELQGNAQHIEECSCYGAAGMIKCVCRDNWKGANRPIITIDPEMMTHTSKYLCSKILTDTSRPNDPTNGNCDEPITGGSPDPGVKGFAFLDGENSWLGRTISKDSRSGYEMLKVPNAETDTQSGPTSYQLIVNNQNWSGYSGAFIDYWANKECFNPCFYVELIRGRPKEIDVLWASNSMVALCGSRERLGSWSWHDGAEIIYFK,16.0,16.0,-1.0,-1.0,-1.0
A/Astrakhan/3212/2020,H5N8,Mar 2021,4.6,5.2,Moderate,MENIVLLLAIVSLVKSDQICIGYHANNSTEQVDTIMEKNVTVTHAQDILEKTHNGKLCDLNGVKPLILKDCSVAGWLLGNPMCDEFIRVPEWSYIVERANPANDLCYPGSLNDYEELKHLLSRINHFEKILIIPKSSWPNHETSLGVSAACPYQGAPSFFRNVVWLIKKNDAYPTIKISYNNTNREDLLILWGIHHSNNAEEQTNLYKNPTTYISVGTSTLNQRLVPKIATRSQVNGQRGRMDFFWTILKPDDAIHFESNGNFIAPEYAYKIVKKGDSTIMKSGVEYGHCNTKCQTPVGAINSSMPFHNIHPLTIGECPKYVKSNKLVLATGLRNSPLREKRRKRGLFGAIAGFIEGGWQGMVDGWYGYHHSNEQGSGYAADKESTQKAIDGVTNKVNSIIDKMNTQFEAVGREFNNLERRIENLNKKMEDGFLDVWTYNAELLVLMENERTLDFHDSNVKNLYDKVRLQLRDNAKELGNGCFEFYHKCDNECMESVRNGTYDYPQYSEEARLKREEISGVKLESIGTYQILSIYSTAASSLALAIMMAGLSLWMCSNGSLQCRICI,MNPNQKIATIGSISLGLVVFNVLLHALNIILMVLALGKSENNGICKGTIIREYNETVRIEKVTQWYNTSVVEYVPHWNEGAYINNTEPICDVKGFAPFSKDNGIRIGSRGHIFVIREPFVSCSPVECRTFFLTQGALLNDKHSNGTVKDRSPFRTLMSVEVGQSPNVYQARFEAVAWSATACHDGKKWMTIGVTGPDSKAIAVVHYGGVPTDIVNSWAGDILRTQESSCTCIQGNCYWVMTDGPSNRQAQYRIYKANQGKIIDQADVSFSGGHIEECSCYPNDGKVECVCRDNWIGTNRPVLVISPDLSYRVGYLCAGLPSDTPRGEDAQFVGSCTSPMGNQGYGVKGFGFRQGTDVWMGRTISRTSRSGFEIIRIKNGWTQTSKEQIRRQVVVDNLNWSGYSGSFTLPVELSGRECLVPCFWVEMIRGRPEERTIWTSSSSIVMCGVDHEIADWSWHDGAILPFDIDGM,-1.0,-1.0,-1.0,-1.0,-1.0
A/gyrfalcon/Washington/41088/2014,H5N8,Mar 2015,4.2,4.6,Low-Moderate,MEKIVLLLAVISLVKSDQICIGYHANNSTKQVDTIMEKNVTVTHAQDILEKTHNGKLCDLNGVKPLILKDCSVAGWLLGNPMCDEFIRVPEWSYIVERANPANDLCYPGTLNDYEELKHLLSRINHFEKTLIIPRSSWPNHETSLGVSAACPYQGASSFFRNVVWLIKKNDAYPTIKISYNNTNREDLLILWGIHHSNNAAEQTNLYKNPDTYVSVGTSTLNQRLVPKIATRSQVNGQSGRMDFFWTILKPNDAIHFESNGNFIAPEYAYKIVKKGDSTIMKSEMEYGHCNTKCQTPIGAINSSMPFHNIHPLTIGECPKYVKSNKLVLATGLRNSPLRERRRKRGLFGAIAGFIEGGWQGMVDGWYGYHHSNEQGSGYAADKESTQKAIDGVTNKVNSIIDKMNTQFEAVGREFNNLERRIENLNKKMEDGFLDVWTYNAELLVLMENERTLDFHDSNVKNLYDKVRLQLRDNAKELGNGCFEFYHKCDNECMESVRNGTYDYPKYSEEAILKREEISGVKLESIGTYQILSIYSTVASSLALAIIVAGLSLWMCSNGSLQCRICI,MNPNQKIVTIGSLSLGLVVFNVLLHAVSIILTVLALGKSENNGICNGTVVREYNETVRIEKVTQWYNTSVVEYVPHWNEGTYINNTEPICDVKGFAPFSKDNGIRVGSRGHIFVIREPFVSCSPVGCRTFFLTQGSLLNDKHSNGTVKDRSPFRTLMSVEVGQSPNVYQARFEAVAWSATACHDGKKWMAIGVTGPDSKAVAVVHYGGVPTDVVNSWAGDILRTQESSCTCIQGNCYWVMTDGPANRQAQYRIYKANQGKIIGRKDVSFSGGHIEECSCYPNDGKVECVCRDNWTGTNRPVLIISPDLSYRVGYLCAGLPSDTPRGEDTQFVGSCTSPMGNQGYGVKGFGFRQGTDVWVGRTISRTSRSGFEIIRIKNGWTQTSKEQIRRQVVVDNSNWSGYSGSFTLPVELSGRECLVPCFWVEMIRGRPEERTIWTSSSSIVMCGVDYEIADWSWHDGAILPFDIDKM,-1.0,-1.0,-1.0,-1.0,-1.0
A/Netherlands/219/2003,H7N7,Jun 2012,4.6,5.8,Moderate,MNTQILVFALVASIPTNADKICLGHHAVSNGTKVNTLTERGVEVVNATETVERTNVPRICSKGKRTVDLGQCGLLGTITGPPQCDQFLEFSADLIIERREGSDVCYPGKFVNEEALRQILRESGGIDKETMGFTYSGIRTNGTTSACRRSGSSFYAEMKWLLSNTDNAAFPQMTKSYKNTRKDPALIIWGIHHSGSTTEQTKLYGSGNKLITVGSSNYQQSFVPSPGARPQVNGQSGRIDFHWLILNPNDTVTFSFNGAFIAPDRASFLRGKSMGIQSEVQVDANCEGDCYHSGGTIISNLPFQNINSRAVGKCPRYVKQESLLLATGMKNVPEIPKRRRRGLFGAIAGFIENGWEGLIDGWYGFRHQNAQGEGTAADYKSTQSAIDQITGKLNRLIEKTNQQFELIDNEFTEVERQIGNVINWTRDSMTEVWSYNAELLVAMENQHTIDLADSEMNKLYERVKRQLRENAEEDGTGCFEIFHKCDDDCMASIRNNTYDHSKYREEAIQNRIQIDPVKLSSGYKDVILWFSFGASCFILLAIAMGLVFICVKNGNMRCTICI,MNPNQKLFALSGVAIALSVLNLLIGISNVGLNVSLHLKEKGPKQEENLTCTTINQNNTTVVENTYVNNTTIITKGTDLKTPSYLLLNKSLCNVEGWVVIAKDNAVRFGESEQIIVTREPYVSCDPTGCKMYALHQGTTIRNKHSNGTIHDRTAFRGLISTPLGTPPTVSNSDFMCVGWSSTTCHDGIARMTICIQGNNDNATATVYYNRRLTTTIKTWARNILRTQESECVCHNGTCAVVMTDGSASSQAYTKVMYFHKGLVVKEEELRGSARHIEECSCYGHNQKVTCVCRDNWQGANRPIIEIDMSTLEHTSRYVCTGILTDTSRPGDKSSGDCSNPITGSPGVPGVKGFGFLNGDNTWLGRTISPRSRSGFEMLKIPNAGTDPNSRIAERQEIVDNNNWSGYSGSFIDYWNDNSECYNPCFYVELIRGRPEEAKYVWWASNSLIALCGSPFPVGSGSFPDGAQIQYFS,46.0,46.0,0.275670838216928,0.3520597575773421,0.31345460478229414
A/turkey/Indiana/1573-2/2016,H7N8,Jul 2017,3.4,3.9,Low,MNTQILALIACMLIGAKGDKICLGHHAVANGTKVNTLTERGIEVVNATETVETANIKKICTQGKRPTDLGQCGLLGTLIGPPQCDQFLEFDADLIIERREGTDVCYPGKFTNKESLRQILRGSGGIDKESMGFTYSGIRTNGATSACRRSGSSFYAEMKWLLSNSDNAAFPQMTKSYRNPRSKPALIIWGVHHSGSVTEQTXLYGSGNKLITVGSSKYQQSFTPSPGARPQVNGQSGRIDFHWLLLDPNDTVTFTFNGAFIAPDRASFLRGESLGVQSDVPLDSSCKGDCFHNGGTIVSSLPFQNINPRTVGKCPRYVKQTSLLLATGMRNVPENPKTRGLFGAIAGFIENGWEGLIDGWYGFRHQNAQGEGTAADYKSTQSAIDQITGKLNRLIDKTNQQFELIDNEFSEIEQQIGNVINWTRDSMTEVWSYNAELLVAMENQHTIDLADSEMNKLYERVRKQMRENAEEDGTGCFEIFHKCDDQCMESIRNNTYDHTQYRAESLQKRIQIDPVKLSSGYKDIILWFSFGASCFLLLAIAMGLVFICIKNGNMRCTICI,MNPNKKIITIGSVSLGLVVLNILLHIVSITVTVLVLPGNGNNGNCNETVIREYNETVRIEKVTQWHNTNVIEYIERPENDHFMNNTEALCDAKGFAPFSKDNGIRIGSRGHIFVIREPFVSCSPTECRTFFLTQGSLLNDKHSNGTVKDRSPYRTLMSVEIGQSPNVYQARFEAVAWSATACHDGKKWMTIGVTGPDAEAVAVVHYGGIPTDVINSWAGDILRTQESSCTCIQGECYWVMTDGPANRQAQYRAFKAKQGKIVGQTEISFNGGHIEECSCYPNEGKVECVCRDNWTGTNRPVLVISPDLSYRVGYLCAGLPSDTPRGEDSQFTGSCTSPMGNQGYGVKGFGFRQGNDVWMGRTISRTSRSGFEILKVRNGWVQNSKEQIKRQVVVDNLNWSGYSGSFTLPVELTKRNCLVPCFWVEMIRGKPEEKTIWTSSSSIVMCGVDHEIADWSWHDGAILPFDIDKM,-1.0,-1.0,-1.0,-1.0,-1.0
A/chicken/Tennessee/17-007431-3/2017,H7N9,Oct 2017,3.1,3.5,Low,MNTQILALIACMLIGAKGDKICLGHHAVANGTKVNTLTERGIEVVNATETVETANIKKICTQGRKPTDLGQCGLLGTLIGPPQCDQFLEFDADLIIERREGTDVCYPGKFTNEESLRQILRGSGGIDKESMGFTYSGIRTNGATSACRRLDSSFYAEMKWLLSNSNNAAFPQMTKSYRNPRSKPALIIWGVHHSGSADEQTKLYGSGNKLITVGSSKYQQSFTPSPGARPQVNGQSGRIDFHWLLLDPNDTVTFTFNGAFIAPDRASFLRGESLGVQSDVPLDSSCKGDCFHNGGTIVSSLPFQNINPRTVGKCPRYVKQTSLLLATGMRNVPENPKTRGLFGAIAGFIENGWEGLIDGWYGFRHQNAQGEGTAADYKSTQSAIDQITGKLNRLIDKTNQQFELIDNEFSEIEQQIGNVINWTRDSMTEVWSYNAELLVAMENQHTIDLADSEMNKLYERVRKQLRENAEEDGTGCFEIFHKCDDQCMESIRNNTYDHTQYRAESLQNRIQIDPVKLSSGYKDIILWFSFGASCFLLLAIAMGLVFICIKNGNMRCTICI,MNPNQKILCTSATAIVIGTIAVLIGIANLGLNIGLHLKPNCNCSNSQSETSNASQTIINNYYNETNITQISNTNIQMEEKANREFNNLTKGLCTINSWHIYGKDNAVRIGENSDVLVTREPYVSCDPDECRFYALSQGTTIRGKHSNGTIHDRSQYRALISWPLSSPPTVYNSRIECIGWSSASCHDGRARMSICISGPNNNASAVIWYNRRPVTEINTWARNILRTQESECVCHNGICPVVFTDGSATGPAETRVYYFKEGKILKWEPLTGTAKHIEECSCYGVQAGITCTCRDNWQGSNRPVIQIDPVAMTHTSQYICSPVLTDNPRPNDPAVGKCNDPYPGNNNNGVKGFSYLDGGNTWLGRTISTASRSGYEMLKVPNALTDDRSKPTQGQTIVLNTDWSGYSGSFMDYWAEGECYRACFYVELIRGRPKEDKVWWTSNSIVSMCSSTEFLGQWNWPDGAKIEYFL,496.0,495.0,0.1026864126999659,0.2568549293955813,0.1796930433958624
A/chicken/Tennessee/17-007147-2/2017,H7N9,Oct 2017,2.8,3.5,Low,MNTQILALIACMLIGAKGDKICLGHHAVANGTKVNTLTERGIEVVNATETVETANIKKICTQGRRPTDLGQCGLLGTLIGPPQCDQFLEFDADLIIERREGTDVCYPGKFTNEESLRQILRGSGGIDKESMGFTYSGIRTNGATSACRRSGSSFYAEMKWLLSNSNNAAFPQMTKSYRNPRSKPALIIWGVHHSGSAAEQTKLYGSGNKLITVGSSKYQQSFTPSPGARPQVNGQSGRIDFHWLLLDPNDTVTFTFNGAFIAPDRASFLRGESLGVQSDVPLDSSCEGDCFHNGGTIVSSLPFQNINPRTVGKCPRYVKQTSLLLATGMRNVPENPKTDRKSRHRRIRGLFGAIAGFIENGWEGLIDGWYGFRHQNAQGEGTAADYKSTQSAIDQITGKLNRLIDKTNQQFELIDNEFSEIEQQIGNVINWTRDSMTEVWSYNAELLVAMENQHTIDLADSEMNKLYERVRKQLRENAEEDGTGCFEIFHKCDDQCMESIRNNTYDHTQYRAESLQNRIQIDPVKLSSGYKDIILWFSFGASCFLLLAIAMGLVFICIKNGNMRCTICI,MNPNQKILCTSATAIVIGTIAVLIGIANLGLNIGLHLKPNCNCSNSQSETSNASQTIINNYYNETNITQISNTNIQMEEKANREFNNLTKGLCTINSWHIYGKDNAVRIGENSDVLVTREPYVSCDPDECRFYALSQGTTIRGKHSNGTIHDRSQYRALISWPLSSPPTVYNSRIECIGWSSASCHDGRARMSICISGPNNNASAVIWYNRRPVTEINTWARNILRTQESECVCHNGICPVVFTDGSATGPAETRVYYFKEGKILKWEPLTGTAKHIEECSCYGVQAGITCTCRDNWQGSNRPVIQIDPVAMTHTSQYICSPVLTDNPRPNDPAVGKCNDPYPGNNNNGVKGFSYLNGGNTWLGRTISTASRSGYEMLKVPNALTDDRSKPTQGQTIVLNTDWSGYSGSFMDYWAEGECYRACFYVELIRGRPKEDKVWWTSNSIVSMCSSTEFLGQWNWPDGAKIEYFL,496.0,495.0,0.20953177771508086,0.25408988018436274,0.23178839284575944
A/Hong Kong/125/2017,H7N9,May 2017,6.5,7.5,Moderate-High,MNTQILVFALIAIIPTNADKICLGHHAVSNGTKVNTLTERGVEVVNATETVERTNIPRICSKGKRTVDLGQCGLLGTITGPPQCDQFLEFSADLIIERREGSDVCYPGKFVNEEALRQILRESGGIDKETMGFTYNGIRTNGVTSACKRSGSSFYAEMKWLLSNTDNAAFPQMTKSYKNTRKSPAIIVWGIHHSVSTAEQTKLYGSGNKLVTVGSSNYQQSFVPSPGARPQVNGLSGRIDFHWLILNPNDTVTFSFNGAFIAPDRASFLRGKSMGIQSGVQVDANCEGDCYHSGGTIISNLPFQNIDSRAVGKCPRYVKQRSLLLATGMKNVPEIPKGRGLFGAIAGFIENGWEGLIDGWYGFRHQNAQGEGTAADYKSTQSAIDQITGKLNRLIAKTNQQFELIDNEFNEVEKQIGNVINWTRDSITEVWSYNAELLIAMENQHTIDLADSEMDKLYERVKRQLRENAEEDGTGCFEIFHKCDDDCMASIRNNTYDHRKYREEAMQNRIQIDPVKLSSGYKDVILWFSFGASCFILLAIVMGLVFICVKNGNMRCTICI,MNPNQKILCTSATAITIGAIAVLIGIANLGLNIGLHLKPGCNCSHSQPETTNTSQTIINNYYNETNITNIQIEERTSRNFNNLTKGLCTINSWHIYGKDNAVRIGESSDVLVTREPYVSCDPDECRFYALSQGTTIRGKHSNGTIHDRSQYRALISWPLSSPPTVHNSRVECIGWSSTSCHDGKSRMSICISGPNNNASAVVWYNRRPVAEINTWARNILRTQESECVCHNGVCPAVFTDGPATGPADTRIYYFKEGKILKWESLTGTAKHIEECSCYGERTGITCTCRDNWQGSNRPVVQIDPVAMTHTSQYICSPVLTDSPRPNDPNIGKCNDPYPGNNNNGVKGFSYLDGANTWLGRTISTTSRSGYEMLKVPNALTDDRSKPIQGQTIVLNADWSGYSGSFMDYWAEGDCYRACFYVELIRGRPKEDKVWWTSNSIVSMCSSTEFLGQWNWPDGAKIEYFL,437.0,437.0,0.029599021163725342,0.005774554780489838,0.01768678797210759
A/Shanghai/02/2013,H7N9,Apr 2016,6.4,7.2,Moderate-High,MNTQILVFALIAIIPTNADKICLGHHAVSNGTKVNTLTERGVEVVNATETVERTNIPRICSKGKRTVDLGQCGLLGTITGPPQCDQFLEFSADLIIERREGSDVCYPGKFVNEEALRQILRESGGIDKEAMGFTYSGIRTNGATSACRRSGSSFYAEMKWLLSNTDNAAFPQMTKSYKNTRKSPALIVWGIHHSVSTAEQTKLYGSGNKLVTVGSSNYQQSFVPSPGARPQVNGLSGRIDFHWLMLNPNDTVTFSFNGAFIAPDRASFLRGKSMGIQSGVQVDANCEGDCYHSGGTIISNLPFQNIDSRAVGKCPRYVKQRSLLLATGMKNVPEIPKGRGLFGAIAGFIENGWEGLIDGWYGFRHQNAQGEGTAADYKSTQSAIDQITGKLNRLIEKTNQQFELIDNEFNEVEKQIGNVINWTRDSITEVWSYNAELLVAMENQHTIDLADSEMDKLYERVKRQLRENAEEDGTGCFEIFHKCDDDCMASIRNNTYDHSKYREEAMQNRIQIDPVKLSSGYKDVILWFSFGASCFILLAIVMGLVFICVKNGNMRCTICI,MNPNQKILCTSATAIIIGAIAVLIGMANLGLNIGLHLKPGCNCSHSQPETTNTSQTIINNYYNETNITNIQMEERTSRNFNNLTKGLCTINSWHIYGKDNAVRIGESSDVLVTREPYVSCDPDECRFYALSQGTTIRGKHSNGTIHDRSQYRALISWPLSSPPTVYNSRVECIGWSSTSCHDGKSRMSICISGPNNNASAVVWYNRRPVAEINTWARNILRTQESECVCHNGVCPVVFTDGSATGPADTRIYYFKEGKILKWESLTGTAKHIEECSCYGERTGITCTCRDNWQGSNRPVIQIDPVAMTHTSQYICSPVLTDNPRPNDPNIGKCNDPYPGNNNNGVKGFSYLDGANTWLGRTISTASRSGYEMLKVPNALTDDRSKPIQGQTIVLNADWSGYSGSFMDYWAEGDCYRACFYVELIRGRPKEDKVWWTSNSIVSMCSSTEFLGQWNWPDGAKIEYFL,178.0,178.0,0.005494989534933187,0.0035556294780924075,0.004525309506512797
A/Bangladesh/0994/2011,H9N2,Feb 2014,5.6,5.4,Moderate,METVSLMTILLLVTTSNADKICIGHQSTNSTETVDTLTETNVPVTHAKELLHTDHNGMLCATNLGHPLILDTCNVEGLIYGNPSCDLLLGGREWSYIVERPSAVNGTCYPGNVENLEELRTLFSSSSSYQRIQIFPDTIWNVTYTGTSKSCSDSFYRNMRWLTQKNGLYPVQDAQFTNNRGKDILFVWGIHHPPTDTAQTNLYTRTDTTTSVTTENLDRTFKPLIGPRPLVNGLIGRINYYWSVLKPGQTLRVRSNGNLIAPWYGHVLSGESHGRILKTNLNSGNCVVQCQTEKGGLNSTLPFHNISKYAFGNCPKYIGVKSLKLAIGLRNVPAKSSRGLFGAIAGFIEGGWPGLVAGWYGFQHSNDQGVGIAADRVSTQKAVDKITSKVNNIVDKMNKQYEIIDHEFSEVETRLNMINNKIDDQIQDVWAYNAELLVLLENQKTLDEHDANVNNLYNKVKRALGSNALEDGKGCFELYHKCDDQCMETIRNGTYNRRKYQEESRLERQKIEGIKLESEGTYKILTIYSTVASSLVLAMGFAAFLFWAMSNGSCRCNICI,MNPNQKIIALGSASLTIAIICLLIQIAILATTMTLHFMQNEHTNSTRNKVVPCESIIIERNITEIVHLNGTIIEKESCPKAVEYKNWSKPQCQITGFAPFSKDNSIRLSAGGDIWVTREPYVSCSLSKCYQFALGQGTTLNNRHSNGTTHDRSPYRTLLMSELGVPFHLGTKQVCIAWSSSSCHDGRAWLHVCVTGDDKNATASVIYGGMLTDSIGSWSKNILRTQESECVCINGTCTVVMTDGSASGRADTRILFIREGKIVHISPLSGSAQHVEECSCYPRYPEVRCVCRDNWKGSNRPVLYINVADYSIDSSYVCSGLVGDTPRNEDSSSSSNCRDPNNERGGPGVKGWAFDNGDDVWMGRTIKKDSRAGYETFRVVDGWTLANSKSQTNRQVIVDSDNWSGYSGMFSVEGKTCINRCFYVELIRGRPQETRVWWTSNSIIVFCGTSGTYGTGSWPDGADINFMSI,13.0,12.0,-1.0,-1.0,-1.0
A/Anhui-Lujiang/39/2018,H9N2,Jul 2019,6.2,5.9,Moderate,METVSLITILLVATASNADKICIGYQSTNSTETVDTLTENNVPVTHAKELLHTEHNGMLCATSLGQPLILDTCTVEGLIYGNPSCDLSLEGREWSYIVERPSAVNGLCYPGNVENLEELRSLFSSARSYQRIQIFPDTIWNVSYDGTSTACSDSFYRSMRWLTRKDGNYPTQDAQYTNNQGKNILFMWGINHPPTDDTQRNLYTRTDTTTSVATEEINRIFKPLIGPRPLVNGLMGRINYYWSVLKPGQTLRIKSDGNLIAPWYGHILSGESHGRILKTDLKRGSCTVQCQTEKGGLNTTLPFQNVSKYAFGNCSKYIGIKSLKLAVGLRNVPSRSSRGLFGAIAGFIEGGWSGLVAGWYGFQHSNDQGVGMAADRDSTQKAIDKITSKVNNIVDKMNKQYEIIDHEFSEVETRLNMINNKIDDQIQDIWAYNAELLVLLENQKTLDEHDANVNNLYNKVKRALGSNAVEDGKGCFELYHKCNDQCMETIRNGTYNRRKYQEESKLERQKIEGVKLESEGTYKILTIYSTVASSLVIAMGFAAFLFWAMSNGSCRCNICI,MNPNQKITAIGSVSLIIAIICLLMQIAILTTTMTLHFGQKECSNPSNNQVMPCEPIIIEKNTVHLNSTIIEREICPKVAKYKNWSKPQCLITGFAPFSKDNSVRLSAGGDIWVTREPYVSCSPDKCYQFALGQGTTLENKHSNGTTHDRTPHRTLLMNELGVPFHLGTKQVCIAWSSSSCYDGKAWLHICVTGDDKNATASIIYDGMLVDSIGSWSKNILRTQESECVCINGTCAVVMTDGSASGVADTRVLFIREGRIINIRPLSGSAQHVEECSCYPRYPEIRCVCRDNWKGSNRPIIYINMADYSIESSYVCSGLVGDTPRNDDSSSSSNCRDPNNERGAPGVKGWAFDDGNDVWMGRTIKNGSRSGYETFRVINGWTMANSKSQINRQVIVDSDNWSGYSGIFSVEGKECINRCFYVELIRGRPQEPRVWWTSNSIIVFCGTSGTYGTGSWPDGANINFMPI,31.0,30.0,0.029023597626580244,0.16808952256829618,0.09855656009743821
A/Jiangxi-Donghu/346/2013,H10N8,Feb 2014,4.3,6.0,Moderate,MYKIVVIIALLGAVKGLDKICLGHHAVANGTIVKTLTNEQEEVTNATETVESTGINRLCMKGRKHKDLGNCHPIGMLIGTPACDLHLTGMWDTLIERENAIAYCYPGATVNVEALRQKIMESGGINKISTGFTYGSSINSAGTTRACMRNGGNSFYAELKWLVSKSKGQNFPQTTNTYRNTDTAEHLIMWGIHHPSSTQEKNDLYGTQSLSISVGSSTYRNNFVPVVGARPQVNGQSGRIDFHWTLVQPGDNITFSHNGGLIAPSRVSKLIGRGLGIQSDAPIDNNCESKCFWRGGSINTRLPFQNLSPRTVGQCPKYVNRRSLMLATGMRNVPELIQGRGLFGAIAGFLENGWEGMVDGWYGFRHQNAQGTGQAADYKSTQAAIDQITGKLNRLVEKTNTEFESIESEFSEIEHQIGNVINWTKDSITDIWTYQAELLVAMENQHTIDMADSEMLNLYERVRKQLRQNAEEDGKGCFEIYHACDDSCMESIRNNTYDHSQYREEALLNRLNINPVTLSSGYKDIILWFSFGASCFVLLAVVMGLFFFCLKNGNMRCTICI,MNPNQKIITIGSVSLGLVILNILLHIVSITVTVLVLPGNGNNESCNETVIREYNETVRVEKVTQWHNTNVIEYIERPENDHFMNNTEALCDAKGFAPFSKDNGIRIGSRGHVFVIREPFVSCSPTECRTFFLTQGSLLNDKHSNGTVKDRSPYRTLMSVEIGQSPNVYQARFEAVAWSATACHDGKKWMTIGVTGPDAKAVAVVHYGGIPTDVINSWAGDILRTQESSCTCIQGECFWVMTDGPANRQAQYRAFKAKQGKIVGQAEISFNGGHIEECSCYPNEGKVECVCRDNWTGTNRPVLVISPDLSYRVGYLCAGLPSDTPRGEDSQFTGSCTSPMGNQGYGVKGFGFRQGNDVWMGRTISRTSRSGFEILKVRNGWVQNSKEQIKRQVVVDNLNWSGYSGSFTLPAELTKRNCLVPCFWVEMIRGNPEEKTIWTSSSSIVMCGVDHEIADWSWHDGAILPFDIDKM,-1.0,-1.0,-1.0,-1.0,-1.0
