acc,name,date,sequence,acc_na,sequence_na
AJK01918.1 ,A/Niedersachsen/191/2005,2005-09-25,MKVKLLVLLCTFTATYADTICIGYHANNSTDTVDTVLEKNVTVTHSVNLLEDSHNGKLCLLKGIAPLQLGNCSVAGWILGNPECELLISKESWSYIVETPNPENGTCYPGYFADYEELREQLSSVSSFERFEIFPKESSWPNHTVTGVSASCSHNGKSSFYRNLLWLTGKNGLYPNLSKSYANNKEKEVLVLWGVHHPPNIGDQRALYHTENAYVSVVSSHYSRRFTPEIAKRPKVRDQEGRINYYWTLLEPGDTIIFEANGNLIAPRFAFALSRGFGSGIITSNAPMDECDAKCQTPQGAINSSLPFQNVHPVTIGECPKYVRSAKLRMATGLRNIPSIQSRGLFGAIAGFIEGGWTGMVDGWYGYHHQNEQGSGYAADQKSTQNAINGITNKVNSVIEKMNTQFTAVGKEFSKLERRMENLNKKVDDGFLDIWTYNAELLVLLENERTLDFHDSNVKNLYEKVKSQLKNNAKEIGNGCFEFYHKCNDECMESVKNGTYDYPKYSEESKLNREKIDGVKLESMGVYQILAIYSTVASSLVLLVSLGAISFWMCSNGSLQCTICI,ACI32770.1 ,MNPNQKIITIGSISIAIGIISLMLQIGNIISIWASHSIQTGSQNHTGICNQRIITYENSTWVNHTYVNINNTNVVAGKDKTSVTLAGNSSLCSISGWAIYTKDNSIRIGSKGDVFVIREPFISCSHLECRTFFLTQGALLNDKHSNGTVKDRSPYRALMSCPLGEAPSPYNSKFESVAWSASACHDGMGWLTIGISGPDNGAVAVLKYNGIITETIKSWKKRILRTQESECVCVNGSCFTIMTDGPSNGAASYKIFKIEKGKVTKSIELNAPNFHYEECSCYPDTGTVMCVCRDNWHGSNRPWVSFNQNLDYQIGYICSGVFGDNPRPKDGKGSCNPVTVDGADGVKGFSYKYGNGVWIGRTKSNRLRKGFEMIWDPNGWTDTDSDFSVKQDVVAITDWSGYSGSFVQHPELTGLDCIRPCFWVELVRGLPRENTTIWTSGSSISFCGVDSDTANWSWPDGAELPFTI
AJK00673.1 ,A/Niedersachsen/218/2005,2005-09-25,MKVKLLVLLCTFTATYADTICIGYHANNSTDTVDTVLEKNVTVTHSVNLLEDSHNGKLCLLKGIAPLQLGNCSVAGWILGNPECELLISKESWSYIVETPNPENGTCYPGYFADYEELREQLSSVSSFERFEIFPKESSWPNHTVTGVSASCSHNGKSSFYRNLLWLTGKNGLYPNLSKSYANNKEKEVLVLWGVHHPPNIGDQRALYHTENAYVSVVSSHYSRRFTPEIAKRPKVRDQEGRINYYWTLLEPGDTIIFEANGNLIAPRFAFALSRGFGSGIITSNAPMDECDAKCQTPQGAINSSLPFQNVHPVTIGECPKYVRSAKLRMATGLRNIPSIQSRGLFGAIAGFIEGGWTGMVDGWYGYHHQNEQGSGYAADQKSTQNAINGITNKVNSVIEKMNTQFTAVGKEFSKLERRMENLNKKVDDGFLDIWTYNAELLVLLENERTLDFHDSNVKNLYEKVKSQLKNNAKEIGNGCFEFYHKCNDECMESVKNGTYDYPKYSEESKLNREKIDGVKLESMGVYQILAIYSTVASSLVLLVSLGAISFWMCSNGSLQCRICF,ACI32774.1 ,MNPNQKIITIGSISIAIGIISLMLQIGNIISIWASHSIQTGSQNHTGICNQRIITYENSTWVNHTYVNINNTNVVAGKDKTSVTLAGNSSLCSISGWAIYTKDNSIRIGSKGDVFVIREPFISCSHLECRTFFLTQGALLNDKHSNGTVKDRSPYRALMSCPLGEAPSPYNSKFESVAWSASACHDGMGWLTIGISGPDNGAVAVLKYNGIITETIKSWKKRILRTQESECVCVNGSCFTIMTDGPSNGAASYKIFKIEKGKVTKSIELNAPNFHYEECSCYPDTGTVMCVCRDNWHGSNRPWVSFNQNLDYQIGYICSGVFGDNPRPKDGKGSCNPVTVDGADGVKGFSYKYGNGVWIGRTKSNRLRKGFEMIWDPNGWTDTDSDFSVKQDVVAITDWSGYSGSFVQHPELTGLDCIRPCFWVELVRGLPRENTTIWTSGSSISFCGVDSDTANWSWPDGAELPFTI
AJK01100.1 ,A/South Australia/51/2005,2005-09-25,MKVKLLVLLCTFTATYADTICIGYHANNSTDTVDTVLEKNVTVTHSVNLLEDSHNGKLCLLKGIAPLQLGNCSVAGWILGNPECELLISKESWSYIVETPNPENGTCYPGYFADYEELREQLSSVSSFERFEIFPKESSWPNHTVTGVSASCSHNGKSSFYRNLLWLTGKNGLYPNLSKSYANNKEKEVLVLWGIHHPPNIGDQRALYHTENAYVSVVSSHYSRRFTPEIAKRPKVRDQEGRINYYWTLLEPGDTIIFEANGNLIAPRFAFALSRGFGSGIITSNAPMDECDAKCQTPQGAINSSLPFQNVHPVTIGECPKYVRSAKLRMVTGLRNIPSIQSRGLFGAIAGFIEGGWTGMVDGWYGYHHQNEQGSGYAADQKSTQNAINGITNKVNSVIEKMNTQFTAVGKEFNKLERRMENLNKKVDDGFLDIWTYNAELLVLLENERTLDFHDSNVKNLYEKVKSQLKNNAKEIGNGCFEFYHKCNDECMESVKNGTYDYPKYSEESKLNRERIDGVKLESMGVYQILAIYSTVASSLVLLVSLGAISFWMCSNGSLQCRICI,ABP49396.1 ,MNPNQKIITIGSISIAIGIISLMLQIGNIISIWASHSIQTGSQNHTGICNQRIITYENSTWVNHTYVNINNTNVVAGKDKTSVTLAGNSSLCSISGWAIYTKDNSIRIGSKGDVFVIREPFISCSHLECRTFFLTQGALLNDKHSNGTVKDRSPYRALMSCPLGEAPSPYNSKFESVAWSASACHDGMGWLTIGISGPDNGAVAVLKYNGIITETIKSWKKRILRTQESECVCVNGSCFTIMTDGPSNGAASYKIFKIEKGKVTKSIELNAPNFHYEECSCYPDTGTVMCVCRDNWHGSNRPWVSFNQNLDYQIGYICSGVFGDNPRPKDGKGSCNPVTVDGADGVKGFSYKYGNGVWIGRTKSNRLRKGFEMIWDPNGWTDTDSDFSVKQDVVAITDWSGYSGSFVQHPELTGLDCIRPCFWVELVRGLPRENTTIWTSGSSISFCGVDSDTANWSWPDGAELPFTI
AJK02793.1 ,A/Nordrhein-Westfalen/6/2005,2005-09-25,MKVKLLVLLCTFTATYADTICIGYHANNSTDTVDTVLEKNVTVTHSVNLLEDSHNGKLCLLKGIAPLQLGNCSVAGWILGNPECELLISKESWSYIVETPNPENGTCYPGYFADYEELREQLSSVSSFERFEIFPKESSWPNHTVTGVSASCSHNGKSSFYRNLLWLTGKNGLYPNLSKSYANNKEKEVLVLWGVHHPPNIGDQRALYHTENAYVSVVSSHYSRRFTPEIAKRPKVRDQEGRINYYWTLLKPGDTIIFEANGNLIAPRFAFALSRGFGSGIITSNAPMDECDAKCQTPQGAINSSLPFQNVHPVTIGECPKYVRSAKLRMATGLRNIPSIQSRGLFGAIAGFIEGGWTGMVDGWYGYHHQNEQGSGYAADQKSTQNAINGITNKVNSVIEKMNTQFTAVGKEFSKLERRMENLNKKVDDGFLDIWTYNAELLVLLENERTLDFHDSNVKNLYEKVKSQLKNNAKEIGNGCFEFYHKCNDECMESVKNGTYDYPKYSEESKLNREKIDGVKLESMGVYQILAIYSTVASSLVLLVSLGAISFWMCSNGSLQCKICI,ACI32775.1 ,MNPNQKIITIGSISIAIGIISLMLQIGNIISIWASHSIQTGSQNHTGICNQRIITYENSTWVNHTYVNINNTNVVAGKDKTSVTLAGNSSLCSISGWAIYTKDNSIRIGSKGDVFVIREPFISCSHLECRTFFLTQGALLNDKHSNGTVKDRSPYRALMSCPLGEAPSPYNSKFESVAWSASACHDGMGWLTIGISGPDNGAVAVLKYNGIITETIKSWKKRILRTQESECVCVNGSCFTIMTDGPSNGAASYKIFKIEKGKVTKSIELNAPNFHYEECSCYPDTGTVMCVCRDNWHGSNRPWVSFNQNLDYQIGYICSGVFGDNPRPKDGKGSCNPVTVDGADGVKGFSYKYGNGVWIGRTKSNRLRKGFEMIWDPNGWTDTDSDFSVKQDVVAITDWSGYSGSFVQHPELTGLDCIRPCFWVELVRGLPRENTTIWTSGSSISFCGVDSDTANWSWPDGAELPFTI
AJK01167.1 ,A/Berlin/60/2005,2005-09-25,MKVKLLVLLCTFTATYADTICIGYHANNSTDTVDTVLEKNVTVTHSVNLLEDSHNGKLCLLKGIAPLQLGNCSVAGWILGNPECELLISKESWSYIVETPNPENGTCYPGYFADYEELREQLSSVSSFERFEIFPKESSWPNHTVTGVSASCSHNGKSSFYRNLLWLTGKNGLYPNLSKSYANNKEKEVLVLWGVHHPPNIGDQRALYHTENAYVSVVSSHYSRRFTPEIAKRPKVRDQEGRINYYWTLLEPGDTIIFEANGNLIAPRFAFALSRGFGSGIITSNAPMDECDAKCQTPQGAINSSLPFQNVHPVTIGECPKYVRSAKLRMATGLRNIPSIQSRGLFGAIAGFIEGGWTGMVDGWYGYHHQNEQGSGYAADQKSTQNAINGITNKVNSVIEKMNTQFTAVGKEFSKLERRMENLNKKVDDGFLDIWTYNAELLVLLENERTLDFHDSNVKNLYEKVKSQLKNNAKEIGNGCFEFYHKCNDECMESVKNGTYDYPKYSEESKLNREKIDGVKLESMGVYQILAIYSTVASSLVLLVSLGAISFWMCSNGSLQCTICI,ACI32765.1 ,MNPNQKIITIGSISIAIGIISLMLQIGNIISIWASHSIQTGSQNHTGICNQRIITYENNTWVNHTYVNINNTNVVARKDKTSVTLAGNSSLCSISGWAIYTKDNSIRIGSKGDVFVIREPFISCSHLECRTFFMTQGALLNDKHSNGTVKDRSPYRALMSCPLGEAPSPYNSKFESVAWSASACHDGMGWLTIGISGPDNGAVAVLKYNGIITETIKSWKKRILRTQESECVCVNGSCFTIMTDGPSNGAASYKIFKIEKGKVTKSVELNAPNFHYEECSCYPDTGTVMCVCRDNWHGSNRPWVSFNQNLDYQIGYICSGVFGDNPRPKDGKGSCNPVTVDGADGVKGFSYKYGNGVWIGRTKSNRLRKGFEMIWDPNGWTDTDSDFSVKQDVVAITDWSGYSGSFVQHPELTGLDCIRPCFWVELVRGLPRENTTIWTSGSSISFCGVDSDTANWSWPDGAELPFTI
AJK01238.1 ,A/Niedersachsen/217/2005,2005-09-25,MKVKLLVLLCTFTATYADTICIGYHANNSTDTVDTVLEKNVTVTHSVNLLEDSHNGKLCLLKGIAPLQLGNCSVAGWILGNPECELLISKESWSYIVETPNPENGTCYPGYFADYEELREQLSSVSSFERFEIFPKESSWPNHTVTGVSASCSHNGKSSFYRNLLWLTGKNGLYPNLSKSYANNKEKEVLVLWGVHHPPNIGDQRALYHTENAYVSVVSSHYSRRFTPEIAKRPKVRDQEGRINYYWTLLEPGDTIIFEANGNLIAPRFAFALSRGFGSGIITSNAPMDECDAKCQTPQGAINSSLPFQNVHPVTIGECPKYVRSAKLRMATGLRNIPSIQSRGLFGAIAGFIEGGWTGMVDGWYGYHHQNEQGSGYAADQKSTQNAINGITNKVNSVIEKMNTQFTAVGKEFSKLERRMENLNKKVDDGFLDIWTYNAELLVLLENERTLDFHDSNVKNLYEKVKSQLKNNAKEIGNGCFEFYHKCNDECMESVKNGTYDYPKYSEESKLNREKIDGVKLESMGVYQILAIYSTVASSLVLLVSLGAISFWMCSNGSLQCTICI,ACI32773.1 ,MNPNQKIITIGSISIAIGIISLMLQIGNIISIWASHSIQTGSQNHTGICNQRIITYENSTWVNHTYVNINNTNVVAGKDKTSVTLAGNSSLCSISGWAIYTKDNSIRIGSKGDVFVIREPFISCSHLECRTFFLTQGALLNDKHSNGTVKDRSPYRALMSCPLGEAPSPYNSKFESVAWSASACHDGMGWLTIGISGPDNGAVAVLKYNGIITETIKSWKKRILRTQESECVCVNGSCFTIMTDGPSNGAASYKIFKIEKGKVTKSIELNAPNFHYEECSCYPDTGTVMCVCRDNWHGSNRPWVSFNQNLDYQIGYICSGVFGDNPRPKDGKGSCNPVTVDGADGVKGFSYKYGNGVWIGRTKSNRLRKGFEMIWDPNGWTDTDSDFSVKQDVVAITDWSGYSGSFVQHPELTGLDCIRPCFWVELVRGLPRENTTIWTSGSSISFCGVDSDTANWSWPDGAELPFTI
AJK01602.1 ,A/Bremen/5/2005,2005-09-25,MKVKLLVLLCTFTATYADTICIGYHANNSTDTVDTVLEKNVTVTHSVNLLEDSHNGKLCLLKGIAPLQLGNCSVAGWILGNPECELLISKESWSYIVETPNPENGTCYPGYFADYEELREQLSSVSSFERFEIFPKESSWPNHTVTGVSASCSHNGKSSFYRNLLWLTGKNGLYPNLSKSYANNKEKEVLVLWGVHHPPNIGDQRALYHTENAYVSVVSSHYSRRFTPEIAKRPKVRDQEGRINYYWTLLEPGDTIIFEANGNLIAPRFAFALSRGFGSGIITSNAPMDECDAKCQTPQGAINSSLPFQNVHPVTIGECPKYVRSAKLRMATGLRNIPSIQSRGLFGAIAGFIEGGWTGMVDGWYGYHHQNEQGSGYAADQKSTQNAINGITNKVNSVIEKMNTQFTAVGKEFSKLERRMENLNKKVDDGFLDIWTYNAELLVLLENERTLDFHDSNVKNLYEKVKSQLKNNAKEIGNGCFEFYHKCNDECMESVKNGTYDYPKYSEESKLNREKIDGVKLESMGVYQILAIYSTVASSLVLLVSLGAISFWMCSNGSLQCTICI,ACI32767.1 ,MNPNQKIITIGSISIAIGIISLMLQIGNIISIWASHSTQTGSQNHTGICNQRIITYENSTWVNHTYVNINNTNVVAGKDKTSVTLAGNSSLCSISGWAIYTKDNSVRIGSKGDVFVIREPFISCSHLECRTFFLTQGALLNDKHSNGTVKDRSPYRALMSCPLGEAPSPYNSKFESVAWSASACHDGMGWLTIGISGPDNGAVAVLKYNGIITETIKSWKKRILRTQESECVCVNGSCFTIMTDGPSNGAASYKIFKIEKGKVTKSIELNAPNFHYEECSCYPDTGTVMCVCRDNWHGSNRPWVSFNQNLDYQIGYICSGVFGDNPRPKDGKGSCNPVTVDGADGVKGFSYKYGNGVWIGRTKSNRLRKGFEMIWDPNGWTDTDSDFSVKQDVVAITDWSGYSGSFVQHPELTGLDCIRPCFWVELVRGLPRENTTIWTSGSSISFCGVDSDTANWSWPDGAELPFTI
AJK01842.1 ,A/Thueringen/40/2005,2005-09-25,MKVKLLVLLCTFTATYADTICIGYHANNSTDTVDTVLEKNVTVTHSVNLLEDSHNGKLCLLKGIAPLQLGNCSVAGWILGNPECELLISKESWSYIVETPNPENGTCYPGYFADYEELREQLSSISSFERFEIFPKESSWPNHTVTGVSASCSHNGKSSFYRNLLWLTGKNGLYPNLSKSYANNKEKEVLVLWGVHHPPNIGDQRALYHTENAYVSVVSSHYSRRFTPEIAKRPKVRDQEGRINYYWTLLEPGDTIIFEANGNLIAPRFAFALSRGFGSGIITSNAPMDECDAKCQTPQGAINSSLPFQNVHPVTIGECPKYVRSAKLRMATGLRNIPSIQSRGLFGAIAGFIEGGWTGMVDGWYGYHHQNEQGSGYAADQKSTQNAINGITNKVNSVIEKMNTQFTAVGKEFSKLERRMENLNKKVDDGFLDIWTYNAELLVLLENERTLDFHDSNVKNLYEKVKSQLKNNAKEIGNGCFEFYHKCNDECMESVKNGTYDYPKYSEESKLNREKIDGVKLESMGVYQILAIYSTVASSLVLLVTLGAISFWMCSNGSLQCTICI,ACI32778.1 ,MNPNQKIITIGSISIAIGIISLMLQIGNIISIWASHSIQTGSQNHTGICNQRIITYENSTWVNHTYVNINNTNVVAGKDKTSVTLAGNSSLCSISGWAIYTKDNSIRIGSKGDVFVIREPFISCSHLECRTFFLTQGALLNDKHSNGTVKDRSPYRALMSCPLGEAPSPYNSKFESVAWSASACHDGMGWLTIGISGPDNGAVAVLKYNGIITETIKSWKKRILRTQESECVCVNGSCFTIMTDGPSNGAASYKIFKIEKGKVTKSIELNAPNFHYEECSCYPDTGTVMCVCRDNWHGSNRPWVSFNQNLDYQIGYICSGVFGDNPRPKDGKGSCNPVTVDGADGVKGFSYKYGNGVWIGRTKSNRLRKGFEMIWDPNGWTDTDSDFSVKQDVVAITDWSGYSGSFVQHPELTGLDCIRPCFWVELVRGLPRENTTIWTSGSSISFCGVDSDTANWSWPDGAELPFTI
AJK00757.1 ,A/Rheinland-Pfalz/58/2005,2005-09-25,MKVKLLVLLCTFTATYADTICIGYHANNSTDTVDTVLEKNVTVTHSVNLLEDSHNGKLCLLKGIAPLQLGNCSVAGWILGNPECELLISKESWSYIVETPNPENGTCYPGYFADYEELREQLSSVSSFERFEIFPKESSWPNHTVTGVSASCSHNGKSSFYRNLLWLTGKNGLYPNLSKSYANNKEKEVLVLWGVHHPPNIGDQRALYHTENAYVSVVSSHYSRRFTPEIAKRPKVRDQEGRINYYWTLLEPGDTIIFEANGNLIAPRFAFALSRGFGSGIITSNAPMDECDAKCQTPQGAINSSLPFQNVHPVTIGECPKYVRSAKLRMATGLRNIPSIQSRGLFGAIAGFIEGGWTGMVDGWYGYHHQNEQGSGYAADQKSTQNAINGITNKVNSVIEKMNTQFTAVGKEFSKLERRMENLNKKVDDGFLDIWTYNAELLVLLENERTLDFHDSNVKNLYEKVKSQLKNNAKEIGNGCFEFYHKCNDECMESVKNGTYDYPKYSEESKLNREKIDGVKLESMGVYQILAIYSTVASSLVLLVSLGAISFWMCSNGSLQCRICI,ACI32776.1 ,MNPNQKIITIGSISIAIGIISLMLQIGNIISIWASHSIQTGSQNHTGICNQRIITYKNSTWVNHTYVNINNTNVVAGKDKTSVTLAGNSSLCSISGWAIYTKDNSIRIGSKGDVFVIREPFISCSHLECRTFFLTQGALLNDKHSNGTVKDRSPYRALMSCPLGEAPSPYNSKFESVAWSASACHDGMGWLTIGISGPDNGAVAVLKYNGIITETIKSWKKRILRTQESECVCVNGSCFTIMTDGPSNGAASYKIFKIEKGKVTKSIELNAPNFHYEECSCYPDTGTVMCVCRDNWHGSNRPWVSFNQNLDYQIGYICSGVFGDNPRPKDGKGSCNPVTVDGADGVKGFSYKYGNGVWIGRTKSNRLRKGFEMIWDPNGWTDTDSDFSVKQDVVAITDWSGYSGSFVQHPELTGLDCIRPCFWVELVRGLPRENTTIWTSGSSISFCGVDSDTANWSWPDGAELPFTI
AJK00698.1 ,A/Sachsen/14/2005,2005-09-25,MKVKLLVLLCTFTATYADTICIGYHANNSTDTVDTVLEKNVTVTHSVNLLEDSHNGKLCLLKGIAPLQLGNCSVAGWILGNPECELLISKESWSYIVETPNPENGTCYPGYFADYEELREQLSSVSSFERFEIFPKESSWPNHTVTGVSASCSHNGKSSFYRNLLWLTGKNGLYPNLSKSYANNKEKEVLVLWGVHHPPNIGDQRALYHTENAYVSVVSSHYSRRFTPEIAKRPKVRDQEGRINYYWTLLEPGDTIIFEANGNLIAPRFAFALSRGFGSGIITSNAPMDECDAKCQTPQGAINSSLPFQNVHPVTIGECPKYVRSAKLRMATGLRNIPSIQSRGLFGAIAGFIEGGWTGMVDGWYGYHHQNEQGSGYAADQKSTQNAINGITNKVNSVIEKMNTQFTAVGKEFSKLEKRMENLNKKVDDGFLDIWTYNAELLVLLENERTLDFHDSNVKNLYEKVKSQLKNNAKEIGNGCFEFYHKCNDECMESVKNGTYDYPKYSEESKLNREKIDGVKLESMGIYQILAIYSTVTSSLVLLVSLGAISFWMCSNGSLQCRICI,ACI32777.1 ,MNPNQKIITIGSISIAIGIISLMLQIGNIISIWASHSIQTGSQNHTGICNQRIITYKNSTWVNHTYVNINNTNVVAGKDKTSVTLAGNSSLCSISGWAIYTKDNSIRIGSKGDVFVIREPFISCSHLECRTFFLTQGALLNDKHSNGTVKDRSPYRALMSCPLGEAPSPYNSKFESVAWSASACHDGMGWLTIGISGPDNGAVAVLKYNGIITETIKSWKKRILRTQESECVCVNGSCFTIMTDGPSNGAASYKIFKIEKGKVTKSIELNAPNFHYEECSCYPDTGTVMCVCRDNWHGSNRPWVSFNQNLDYQIGYICSGVFGDNPRPKDGKGSCNPVTVDGADGVKGFSYKYGNGVWIGRTKSNRLRKGFEMIWDPNGWTDTDSDFSVKQDVVAITDWSGYSGSFVQHPELTGLDCIRPCFWVELVRGLPRENTTIWTSGSSISFCGVDSDTANWSWPDGAELPFAI
AJK02908.1 ,A/Hessen/4/2005,2005-09-25,MKVKLLVLLCTFTATYADTICIGYHANNSTDTVDTVLEKNVTVTHSVNLLEDSHNGKLCLLKGIAPLQLGNCSVAGWILGNPECELLISKESWSYIVETPNPENGTCYPGYFADYEELREQLSSVSSFERFEIFPKESSWPNHTATGVSASCSHNGKSSFYRNLLWLTGKNGLYPNLSKSYANNKEKEVLVLWGVHHPPNIGDQRALYHTENAYVSVVSSHYSRRFTPEIAKRPKVRDQEGRINYYWTLLEPGDTIIFEANGNLIAPRFAFALSRGFGSGIITSNAPMDECDAKCQTPQGAINSSLPFQNVHPVTIGECPKYVRSAKLRMATGLRNIPSIQSRGLFGAIAGFIEGGWTGMVDGWYGYHHQNEQGSGYAADQKSTQNAINGITNKVNSVIEKMNTQFTAVGKEFSKLERRMENLNKKVDDGFLDIWTYNAELLVLLENERTLDFHDSNVKNLYEKVKSQLKNNAKEVGNGCFEFYHKCNDECMESVKNGTYDYPKYSEESKLNREKIDGVKLESMGVYQILAIYSTVASSLVLLVSLGAISFWMCSNGSLQCTICI,ACI32769.1 ,MNPNQKIITIGSISIAIGIISLMLQIGNIISIWASHSIQTGSQNHTGICNQRIITYENSTWVNHTYVNINNTNVVAGKDKISVTLAGNSSLCSISGWAIYTKDNSIRIGSKGDVFVIREPFISCSHLECRTFFLTQGALLNDKHSNGTVKDRSPYRALMSCPLGEAPSPYNSKFESVAWSASACHDGMGWLTIGISGPDNGAVAVLKYNGIITETIKSWKKRILRTQESECVCVNGSCFTIMTDGPSNGAASYKIFKIEKGKVTKSIELNAPNFHYEECSCYPDTGTVMCVCRDNWHGSNRPWVSFNQNLDYQIGYICSGVFGDNPRPKDGKGSCNPVTVDGADGVKGFSYKYGNGVWIGRTKSNRLRKGFEMIWDPNGWTDTDSDFSVKQDVVAITDWSGYSGSFVQHPELTGLDCIRPCFWVELVRGLPRENTTIWTSGSSISFCGVDSDTANWSWPDGAELPFTI
AJK02242.1 ,A/Niedersachsen/192/2005,2005-09-25,MKVKLLVLLCTFTATYADTICIGYHANNSTDTVDTVLEKNVTVTHSVNLLEDSHNGKLCLLKGIAPLQLGNCSVAGWILGNPECELLISKESWSYIVETPNPENGTCYPGYFADYEELREQLSSVSSFERFEIFPKESSWPNHTVTGVSASCSHNGKSSFYRNLLWLTGKNGLYPNLSKSYANNKEKEVLVLWGVHHPPNIGDQRALYHTENAYVSVVSSHYSRRFTPEIAKRPKVRDQEGRINYYWTLLEPGDTIIFEANGNLIAPRFAFALSRGFGSGIITSNAPMDECDAKCQTPQGAINSSLPFQNVHPVTIGECPKYVRSAKLRMATGLRNIPSIQSRGLFGAIAGFIEGGWTGMVDGWYGYHHQNEQGSGYAADQKSTQNAINGITNKVNSVIEKMNTQFTAVGKEFSKLERRMENLNKKVDDGFLDIWTYNAELLVLLENERTLDFHDSNVKNLYEKVKSQLKNNAKEIGNGCFEFYHKCNDECMESVKNGTYDYPKYSEESKLNREKIDGVKLESMGVYQILAIYSTVASSLVLLVSLGAISFWMCSNGSLQCTICI,ACI32771.1 ,MNPNQKIITIGSISIAIGIISLMLQIGNIISIWASHSIQTGSQNHTGICNQRIITYKNSTWVNHTYVNINNTNVVAGKGKTSVTLAGNSSLCSISGWAIYTKDNSIRIGSKGDVFVIREPFISCSHLECRTFFLTQGALLNDKHSNGTVKDRSPYRALMSCPLGEAPSPYNSKFESVAWSASACHDGMGWLTIGISGPDNGAVAVLKYNGIITETIKSWKKRILRTQESECVCVNGSCFTIMTDGPSNGAASYKIFKIEKGKVTKSIELNAPNFHYEECSCYPDTGTVMCVCRDNWHGSNRPWVSFNQNLDYQIGYICSGVFGDNPRPKDGKGSCNPVTVDGADGVKGFSYKYGNGVWIGRTKSNRLRKGFEMIWDPNGWTDTDSDFSVKQDVVAITDWSGYSGSFVQHPELTGLDCIRPCFWVELVRGLPRENTTIWTSGSSISFCGVDSDTANWSWPDGAELPFTI
AJK03303.1 ,A/Niedersachsen/202/2005,2005-09-25,MKVKLLVLLCTFTATYADTICIGYHANNSTDTVDTVLEKNVTVTHSVNLLEDSHNGKLCLLKGIAPLQLGNCSVAGWILGNPECELLISKESWSYIVETPNPENGTCYPGYFADYEELREQLSSVSSFERFEIFPKESSWPNHTVTGVSASCSHNGKSSFYRNLLWLTGKNGLYPNLSKSYANNKEKEVLVLWGVHHPPNIGDQRALYHTENAYVSVVSSHYSRRFTPEIAKRPKVRDQEGRISYYWTLLEPGDTIIFEANGNLIAPRFAFALSRGFGSGIITSNAPMDECDAKCQTPQGAINSSLPFQNVHPVTIGECPKYVRSAKLRMATGLRNIPSIQSRGLFGAIAGFIEGGWTGMVDGWYGYHHQNEQGSGYAADQKSTQNAINGITNKVNSVIEKMNTQFTAVGKEFSKLERRMENLNKKVDDGFLDIWTYNAELLVLLENERTLDFHDSNVKNLYEKVKSQLKNNAKEIGNGCFEFYHKCNDECMESVKNGTYDYPKYSEESKLNREKIDGVKLESMGVYQILAIYSTVASSLVLLVSLGAISFWMCSNGSLQCRICI,ACI32772.1 ,MNPNQKIITIGSISIAIGIISLMLQIGNIISIWASHSIQTGSQNHTGICNQRIITYENSTWVNHTYVNINNTNVVAGKDKTSVTLAGNSSLCSISGWAIYTKDNSIRIGSKGDVFVIREPFISCSHLECRTFFLTQGALLNDKHSNGTVKDRSPYRALMSCPLGEAPSPYNSKFESVAWSASACHDGMGWLTIGISGPDNGAVAVLKYNGIITETIKSWKKRILRTQESECVCVNGSCFTIMTDGPSNGAASYKIFKIEKGKVTKSIELNAPNFHYEECSCYPDTGTVMCVCRDNWHGSNRPWVSFNQNLDYQIGYICSGVFGDNPRPKDGKGSCNPVTVDGADGVKGFSYKYGNGVWIGRTKSNRLRKGFEMIWDPNGWTDTDSDFSVKQDVVAITDWSGYSGSFVQHPELTGLDCIRPCFWVELVRGLPRENTTIWTSGSSISFCGVDSDTANWSWPDGAELPFTI
AJK03451.1 ,A/South Australia/55/2005,2005-09-25,MKVKLLVLLCTFTATYADTICIGYHANNSTDTVDTVLEKNVTVTHSVNLLEGSHNGKLCLLKGIAPLQLGNCSVAGWILGNPECELLISKESWSYIVETPNPENGTCYPGYFADYEELREQLSSVSSFERFEIFPKESSWPNHTVTGVSASCSHNGKSSFYRNLLWLTGKNGLYPNLSKSYANNKEKEVLVLWGVHHPPNIGBQRALYHTENAYVSVVSSHYSRRFTPEIAKRPKVRDQEGRINYYWTLLEPGDTIIFEANGNLIAPRFAFALSRGFGSGIITSNAPMDECDAKCQTPQGAINSSLPFQNVHPVTIGECPKYVRSAKLRMVTGLRNIPSIQSRGLFGAIAGFIEGGWTGMVDGWYGYHHQNEQGSGYAADQKSTQNAINGITNKVNSVIEKMNTQFTAVGKEFNKLERRMENLNKKVDDGFLDIWTYNAELLVLLENERTLDFHDSNVKNLYEKVKSQLKNNAKEIGNGCFEFYHKCNDECMESVKNGTYDYPKYSEESKLNRERIDGVKLESMGVYQILAIYSTVASSLVLLVSLGAISFWMCSNGSLQCRICI,ABJ16656.1 ,MNPNQKIITIGSISIAIGIISLMLQIGNIISIWASHSIQTGSQNHTGICNQRIITYENSTWVNHTYVNINNTNVVAGKDKTSVTLAGNSSLCSISGWAIYTKDNSIRIGSKGDVFVIREPFISCSHLECRTFFLTQGALLNDKHSNGTVKDRSPYRALMSCPLGEAPSPYNSKFESVAWSASACHDGMGWLTIGISGPDNGAVAVLKYNGIITETIKSWKKRILRTQESECVCVNGSCFTIMTDGPSNGAASYKIFKIEKGKVTKSIELNAPNFHYEECSCYPDTGTVMCVCRDNWHGSNRPWVSFNQNLDYQIGYICSGVFGDNPRPKDGKGSCNPVTVDGADGVKGFSYKYGNGVWIGRTKSNRLRKGFEMIWDPNGWTDTDSDFSVKQDVVAITDWSGYSGSFVQHPELTGLDCIRPCFWVELVRGLPRENTTIWTSGSSISFCGVDSDTANWSWPDGAELPFTI
AJK02535.1 ,A/Bremen/4/2005,2005-09-25,MKVKLLVLLCTFTATYADTICIGYHANNSTDTVDTVLEKNVTVTHSVNLLEDSHNGKLCLLKGIAPLQLGNCSVAGWILGNPECELLISKESWSYIVETPNPENGTCYPGYFADYEELREQLSSVSSFERFEIFPKESSWPNHTVTGVSASCSHNGKSSFYRNLLWLTGKNGLYPNLSKSYANNKEKEVLVLWGVHHPPNIGDQRALYHTENAYVSVVSSHYSRRFTPEIAKRPKVRDQEGRINYYWTLLEPGDTIIFEANGNLIAPRFAFALSRGFGSGIITSNAPMDECDAKCQTPQGAINSSLPFQNVHPVTIGECPKYVRSAKLRMATGLRNIPSIQSRGLFGAIAGFIEGGWTGMVDGWYGYHHQNEQGSGYAADQKSTQNAINGITNKVNTVIEKMNTQFTAVGKEFSKLERRMENLNKKVDDGFLDIWTYNAELLVLLENERTLDFHDSNVKNLYEKVKSQLKNNAKEIGNGCFEFYHKCNDECMESVKNGTYDYPKYSEESKLNREKIDGVKLESMGVYQILAIYSTVASSLVLLVSLGAISFWMCSNGSLQCRICI,ACI32766.1 ,MNPNQKIITIGSISIAIGIISLMLQIGNIISIWASHSIQTGSQNHTGICNQRIITYENSTWVNHTYVNINNTNVVAGKDKTSVTLAGNSSLCSISGWAIYTKDNSIRIGSKGDVFVIREPFISCSHLECRTFFLTQGALLNDKHSNGTVKDRSPYRALMSCPLGEAPSPYNSKFESVAWSASACHDGMGWLTIGISGPDNGAVAVLKYNGIITETIKSWKKRILRTQESECVCVNGSCFTIMTDGPSNGAASYKIFKIEKGKVTKSIELNAPNFHYEECSCYPDTGTVMCVCRDNWHGSNRPWVSFNQNLDYQIGYICSGVFGDNPRPKDGKGSCNPVTVDGADGVKGFSYKYGNGVWIGRTKSNRLRKGFEMIWDPNGWTDTDSDFSVKQDVVAITDWSGYSGSFVQHPELTGLDCIRPCFWVELVRGLPRENTTIWTSGSSISFCGVDSDTANWSWPDGAELPFTI
ABJ16664.1 ,A/South Australia/56/2005,2005-09-25,MKVKLLVLLCTFTATYADTICIGYHANNSTDTVDTVLEKNVTVTHSVNLLEDSHNGKLCLLKGIAPLQLGNCSVAGWILGNPECELLISKESWSYIVETPNPENGTCYPGHFADYEELREQLSSVSSFERFEIFPKESSWPNHTVTGVSASCSHNGKSSFYRNLLWLTGKNGLYPNLSKSYANNKEKEVLVLWGVHHPPNIGDQRALYHTENAYVSVVSSHYSRRFTPEIAKRPKVRDQEGRINYYWTLLEPGDTIIFEANGNLIAPRFAFALSRGFGSGIITSNAPMDECDAKCQTPQGAINSSLPFQNVHPVTIGECPKYVRSAKLRMVTGLRNIPSIQSRGLFGAIAGFIEGGWTGMVDGWYGYHHQNEQGSGYAADQKSTQNAINGITNKVNSVIEKMNTQFTAVGKEFNKLERRMENLNKKVDDGFLDIWTYNAELLVLLENERTLDFHDSNVKNLYEKVKSQLKNNAKEIGNGCFEFYHKCNDECMESVKNGTYDYPKYSEESKLNRERIDGVKLESMGVYQILAIYSTVASSLVLLVSLGAISFWMCSNGSLQCRICI,ABJ16667.1 ,MNPNQKIITIGSISIAIGIISLMLQIGNIISIWASHSIQTGSQNHTGICNQRIITYENSTWVNHTYVNINNTNVVAGKDKTSVTLAGNSSLCSISGWAIYTKDNSIRIGSKGDVFVIREPFISCSHLECRTFFLTQGALLNDKHSNGTVKDRSPYRALMSCPLGEAPSPYNSKFESVAWSASACHDGMGWLTIGISGPDNGAVAVLKYNGIITETIKSWKKRILRTQESECVCVNGSCFTIMTDGPSNGAASYKIFKIEKGKVTKSIELNAPNFHYEECSCYPDTGTVMCVCRDNWHGSNRPWVSFNQNLDYQIGYICSGVFGDNPRPKDGKGSCNPVTVDGADGVKGFSYKYGNGVWIGRTKSNRLRKGFEMIWDPNGWTDTDSDFSVKQDVVAITDWSGYSGSFVQHPELTGLDCIRPCFWVELVRGLPRENTTIWTSGSSISFCGVDSDTANWSWPDGAELPFTI
ABJ16675.1 ,A/South Australia/57/2005,2005-09-25,MKVKLLVLLCTFTATYADTICIGYHANNSTDTVDTVLEKNVTVTHSVNLLEDSHNGKLCLLKGIAPLQLGNCSVAGWILGNPECELLISKESWSYIVETPNPENGTCYPGYFADYEELREQLSSVSSFERFEIFPKESSWPNHTVTGVSASCSHNGKSSFYRNLLWLTGKNGLYPNLSKSYANNKEKEVLVLWGVHHPPNIGDQRALYHTENAYVSVVSSHYSRRFTPEIAKRPKVRDQEGRINYYWTLLEPGDTIIFEANGNLIAPRFAFALSRGFGSGIITSNAPMDECDAKCQTPQGAINSSLPFQNVHPVTIGECPKYVRSAKLRMVTGLRNIPSIQSRGLFGAIAGFIEGGWTGMVDGWYGYHHQNEQGSGYAADQKSTQNAINGITNKVNSVIEKMNTQFTAVGKEFNKLERRMENLNKKVDDGFLDIWTYNAELLVLLENERTLDFHDSNVKNLYEKVKSQLKNNAKEIGNGCFEFYHKCNDECMESVKNGTYDYPKYSEESKLNRERIDGVKLESMGVYQILAIYSTVASSLVLLVSLGAISFWMCSNGSLQCRICI,ABJ16678.1 ,MNPNQKIITIGSISIAIGIISLMLQIGNIISIWASHSIQTGSQNHTGICNQRIITYENSTWVNHTYVNINNTNVVAGKDKTSVTLAGNSSLCSISGWAIYTKDNSIRIGSKGDVFVIREPFISCSHLECRTFFLTQGALLNDKHSNGTVKDRSPYRALMSCPLGEAPSPYNSKFESVAWSASACHDGMGWLTIGISGPDNGAVAVLKYNGIITETIKSWKKRILRTQESECVCVNGSCFTIMTDGPSNGAASYKIFKIEKGKVTKSIELNAPNFHYEECSCYPDTGTVMCVCRDNWHGSNRPWVSFNQNLDYQIGYICSGVFGDNPRPKDGKGSCNPVTVDGADGVKGFSYKYGNGVWIGRTKSNRLRKGFEMIWDPNGWTDTDSDFLVKQDVVAITDWSGYSGSFVQHPELTGLDCIRPCFWVELVRGLPRENTTIWTSGSSISFCGVDSDTANWSWPDGAELPFTI
ABJ16686.1 ,A/South Australia/58/2005,2005-09-25,MKVKLLVLLCTFTATYADTICIGYHANNSTDTVDTVLEKNVTVTHSVNLLEDSHNGKLCLLKGIAPLQLGNCSVAGWILGNPECELLISKESWSYIVETPNPENGTCYPGYFADYEELREQLSSVSSFERFEIFPKESSWPNHTVTGVSASCSHNGKSSFYRNLLWLTGKNGLYPNLSKSYANNKEKEVLVLWGVHHPPNIGDQRALYHTENAYVSVVSSHYSRRFTPEIAKRPKVRDQEGRINYYWTLLEPGDTIIFEANGNLIAPRFAFALSRGFGSGIITSNAPMDECDAKCQTPQGAINSSLPFQNVHPVTIGECPKYVRSAKLRMATGLRNIPSIQSRGLFGAIAGFIEGGWTGMVDGWYGYHHQNEQGSGYAADQKSTQNAINGITNKVNSVIEKMNTQFTAVGKEFSKLERRMENLNKKVDDGFLDIWTYNAELLVLLENERTLDFHDSNVKNLYEKVKSQLKNNAKEIGNGCFEFYHKCNDECMESVKNGTYDYPKYSEESKLNREKIDGVKLESMGVYQILAIYSTVASSLVLLVSLGAISFWMCSNGSLQCRICI,ABJ16689.1 ,MNPNQKIITIGSISIAIGIISLMLQIGNIISIWASHSIQTGSQNHTGICNQRIITYENSTWVNHTYVNINNTNVVAGKDKTSVTLAGNSSLCSISGWAIYTKDNSIRIGSKGDVFVIREPFISCSHLECRTFFLTQGALLNDKHSNGTVKDRSPYRALMSCPLGEAPSPYNSKFESVAWSASACHDGMGWLTIGISGPDNGAVAVLKYNGIITETIKSWKKRILRTQESECVCVNGSCFTIMTDGPSNGAASYKIFKIEKGKVTKSIELNAPNFHYEECSCYPDTGTVMCVCRDNWHGSNRPWVSFNQNLDYQIGYICSGVFGDNPRPKDGKGSCNPVTVDGADGVKGFSYKYGNGVWIGRTKSNRLRKGFEMIWDPNGWTDTDSDFSVKQDVVAITDWSGYSGSFVQHPELTGLDCIRPCFWVELVRGLPRENTTIWTSGSSISFCGVDSDTANWSWPDGAELPFTI
AJK02205.1 ,A/Hamburg/1/2005,2005-09-25,MKVKLLVLLCTFTATYADTICIGYHANNSTDTVDTVLEKNVTVTHSVNLLEDSHNGKLCLLKGIAPLQLGNCSVAGWILGNPECELLISKESWSYIVETPNPENGTCYPGYFADYEELREQLSSVSSFERFEIFPKESSWPNHTVTGVSASCSHNGKSSFYRNLLWLTGKNGLYPNLSKSYANNKEKEVLVLWGVHHPPNIGDQRALYHTENAYVSVVSSHYSRRFTPEIAKRPKVRDQEGRINYYWTLLEPGDTIIFEANGNLIAPRFAFALSRGFGSGIITSNAPMDECDAKCQTPQGAMNSSLPFQNVHPVTIGECPKYVRSAKLRMATGLRNIPSIQSRGLFGAIAGFIEGGWTGMVDGWYGYHHQNEQGSGYAADQKSTQNAINGITNKVNSVIEKMNTQFTAVGKEFSKLERRMENLNKKVDDGFLDIWTYNAELLVLLENERTLDFHDSNVKNLYEKVKSQLKNNAKEIGNGCFEFYHKCNDECMESVKNGTYDYPKYSEESKLNREKIDGVKLESMGVYQILAIYSTVASSLVLLVSLGAINFWMCSNGSLQCKICI,ACI32768.1 ,MNPNQKIITIGSISIAIGIISLMSQIGNIISIWASHSIQTGSQNHTGICNQRIITYENSTWVNHTYVNINNTNVVAGKDKTSVTLAGNSSLCSISGWAIYTKDNSIRIGSKGDVFVIREPFISCSHLECRTFFLTQGALLNDKHSNGTVKDRSPYRALMSCPLGEAPSPYNSKFESVAWSASACHDGMGWLTIGISGPDNGAVAVLKYNGIITETIKSWKKRILRTQESECVCVNGSCFTIMTDGPSNGAASYKIFKIEKGKVTKSIELNAPNFHYEECSCYPDTGTVMCVCRDNWHGSNRPWVSFNQNLDYQIGYICSGVFGDNPRPKDGKGSCNPVTVDGADGVKGFSYKYGNGVWIGRTKSNRLRKGFEMIWDPNGWTDTDSDFSVKQDVVAITDWSGYSGSFVQHPELTGLDCIRPCFWVELVRGLPRENTTIWTSGSSISFCGVDSDTANWSWPDGAELPFTI
AJK01403.1 ,A/Wellington/14/2005,2005-10-05,MKVKLLVLLCTFTATYADTICIGYHANNSTDTVDTVLEKNVTVTHSVNLLEDSHNGKLCLLKGIAPLQLGNCSVAGWILGNPECELLISKESWSYIVETPNPENGTCYPGYFADYEELREQLSSVSSFERFEIFPKESSWPNHTVTGVSASCSHNGKSSFYRNLLWLTGKNGLYPNLSKSYANNKEKEVLVLWGVHHPPNIGDQRALYHTENAYVSVVSSHYSRRFTPEIAKRPKVRDQEGRINYYWTLLEPGDTIIFEANGNLIAPRFAFALSRGFGSGIITSNAPMDECDAKCQTPQGAINSSLPFQNVHPVTIGECPKYVRSAKLRMVTGLRNIPSIQSRGLFGAIAGFIEGGWTGMVDGWYGYHHQNEQGSGYAADQKSTQNAINGITNKVNSVIEKMNTQFTAVGKEFNKLERRMENLNKKVDDGFLDIWTYNAELLVLLENERTLDFHDSNVKNLYEKVKSQLKNNAKEIGNGCFEFYHKCNDECMESVKNGTYDYPKYSEESKLNRERIDGVKLESMGVYQILAIYSTVASSLVLLVSLGAISFWMCSNGSLQCRICI,ABI92382.1 ,MNPNQKIITIGSISIAIGIISLMLQIGNIISIWASHSIQTGSQNHTGICNQRIITYENSTWVNHTYVNINNTNVVAGKDKTSVTLAGNSSLCSISGWAIYTKDNSIRIGSKGDVFVIREPFISCSHLECRTFFLTQGALLNDKHSNGTVKDRSPYRALMSCPLGEAPSPYNSKFESVAWSASACHDGMGWLTIGISGPDNGAVAVLKYNGIITETIKSWKKRILRTQESECVCVNGSCFTIMTDGPSNGAASYKIFKIEKGKVTKSIELNAPNFHYEECSCYPDTGTVMCVCRDNWHGSNRPWVSFNQNLDYQIGYICSGVFGDNPRPKDGKGSCNPVTVDGADGVKGFSYKYGNGVWIGRTKSNRLRKGFEMIWDPNGWTDTDSDFSVKQDVVAITDWSGYSGSFVQHPELTGLDCIRPCFWVELVRGLPRENTTIWTSGSSISFCGVDSDTANWSWPDGAELPFTI
AFJ78452.1 ,A/Malaysia/33132/2005,2005-11-30,MKVKLLVLLCTFTATYADTICIGYHANNSTDTVDTVLEKNVTVTHSVNLLEDSHNGKLCLLKGIAPLQLGNCSVAGWILGNPECELLISKESWSYIVEKPNPENGTCYPGHFADYEELREQLSSVSSFERFEIFPKESSWPNHTVTGVSASCSHNGKSSFYKNLLWLTGKNGLYPNLSKSYANNKEKEVLVLWGVHHPPNIGDQKALYHTENAYVSVVSSHYSRKFIPEIAKRPKVRDQEGRINYYWTLLEPGDTIIFEANGNLIAPRYAFALSRGFGSGIINSNAPMDECDAKCQTPQGAINSSLPFQNVHPVTIGECPKYVRSAKLRMVTGLRNIPSIQSRGLFGAIAGFIEGGWTGMVDGWYGYHHQNEQGSGYAADQKSTQNAINGITNKVNSVIEKMNTQFTAVGKEFNKLERRMENLNKKVDDGFIDIWTYNAELLVLLENERTLDFHDSNVKNLYEKVKSQLKNNAKEIGNGCFEFYHKCNDECMESVKNGTYDYPKYSEESKLNREKIDGVKLESMGVYQILAIYSTVASSLVLLVSLGAISFWMCSNGSLQCRICI,AFJ78455.1 ,MNPNQKIITIGSISIAIGIISLMLQIGNIISIWASHSIQTGSQNHTGICNQRIITYENSTWVNHTYVNINNTNVVAGKDKTSVTLAGNSSLCSISGWAIYTKDNSIRIGSKGDVFVIREPFISCSHLECRTFFLTQGALLNDKHSNGTVKDRSPYRALMSCPLGEAPSPYNSKFESVAWSASACHDGIGWLTIGISGPDNGAVAVLKYNGIITGTIKSWKKQILRTQESECVCINGSCFTIMTDGPSNGAASYKIFKIEKGKVTKSIELNAPNFHYEECSCYPDTGTVMCVCRDNWHGSNRPWVSFNQNLDYQIGYICSGVFGDNPRPKDGEGRCNPVTVDGADGVKGFSYKYGNGVWIGRTKSNRLRKGFEMIWDPNGWTNTDSDFSVKQDVVAITDWSGYSGSFVQHPELTGLDCIRPCFWVELVRGLPRENTTIWTSGSSISFCGVNSDTANWSWPDGAELPFTI
AFJ78463.1 ,A/Malaysia/33166/2005,2005-12-06,MKVKLLVLLCTFTATYADTICIGYHANNSTDTVDTVLEKNVTVTHSVNLLEDSHNGKLCLLKGIAPLQLGNCSVAGWILGNPECELLISKESWSYIVEKPNPENGTCYPGHFADYEELREQLSSVSSFERFEIFPKESSWPNHTVTGVSASCSHNGKSSFYKNLLWLTGKNGLYPNLGKSYANNKEKEVLVLWGVHHPPNIGDQKALYHTENAYVSVVSSHYSRKFIPEIAKRPKVRDQEGRINYYWTLLEPGDTIIFEANGNLIAPRYAFALSRGFGSGIINSNAPMDECDAKCQTPQGAINSSLPFQNVHPVTIGECPKYVRSAKLRMVTGLRNIPSIQSRGLFGAIAGFIEGGWTGMVDGWYGYHHQNEQGSGYAADQKSTQNAINGITNKVNSVIEKMNTQFTAVGKEFNKLERRMENLNKKVDDGFIDIWTYNAELLVLLENERTLDFHDSNVKNLYEKVKSQLKNNAKEIGNGCFEFYHKCNDECMESVKNGTYDYPKYSEESKLNREKIDGVKLESMGVYQILAIYSTVASSLVLLVSLGAISFWMCSNGSLQCRICI,AFJ78466.1 ,MNPNQKIITIGSISIAIGIISLMLQIGNIISIWASHSIQTGSQNHTGICNQRIITYENSTWVNHTYVNINNTNVVAGKDKTSVTLAGNSSLCSISGWAIYTKDNSIRIGSKGDVFVIREPFISCSHLECRTFFLTQGALLNDKHSNGTVKDRSPYRALMSCPLGEAPSPYNSKFESVAWSASACHDGIGWLTIGISGPDNGAVAVLKYNGIITGTIKSWKKQILRTQESECVCINGSCFTIMTDGPSNGAASYKIFKIEKGKVTKSIELNAPNFHYEECSCYPDTGTVMCVCRDNWHGSNRPWVSFNQNLDYQIGYICSGVFGDNPRPKDGEGRCNPVTVDGADGVKGFSYKYGNGVWIGRTKSNRLRKGFEMIWDPNGWTNTDSDFSVKQDVVAITDWSGYSGSFVQHPELTGLDCIRPCFWVELVRGLPRENTTIWTSGSSISFCGVNSDTANWSWPDGAELPFTI
ADN92771.1 ,A/Taiwan/10393/2005,2005-12-28,MKVKLLVLLCTFTATYADTICIGYHANNSTDTVDTVLEKNVTVTHSVNLLEDSHNGKLCLLKGIAPLQLGNCSVAGWILGNPECELLISKESWSYIVEKPNPENGTCYPGHFADYEELREQLSSVSSFERFEIFPKESSWPNHTATGVSASCSHNGKSSFYKNLLWLTGKNGLYPNLSKSYANNKEKEVLVLWGVHHPPNIGDQRALYHTENAYVSVVSSHYSRKFTPEIAKRPKVRDQEGRINYYWTLLEPGDTIIFEANGNLIAPRYAFALSRGFGSGIINSNAPMDECDAKCQTPQGAINSSLPFQNVHPVTIGECPKYVRSAKLRMVTGLRNIPSIQSRGLFGAIAGFIEGGWTGMVDGWYGYHHQNEQGSGYAADQKSTQNAINGITNKVNSVIEKMNTQFTAVGKEFNKLERRMENLNKKVDDGFIDIWTYNAELLVLLENERTLDFHDSNVKNLYEKVKSQLKNNAKEIGNGCFEFYHKCNDECMESVKNGTYDYPKYSEESKLNREKIDGVKLESMGVYQILAIYSTVASSLVLLVSLGAISFWMCSNGSLQCRICI,ADN92796.1 ,MNPNQKIITIGSISIAIGIISLMLQIGNIISIWASHSIQTGSQNHTGICNQRIITYENSTWVNNTYVNINNTNVVAEKDKTSVTLAGNSSLCSISGWAIYTKDNSIRIGSKGDVFVIREPFISCSHLECRTFFLTQGALLNDKHSNGTVKDRSPYRALMSCPLGEAPSPYNSRFESVAWSASACHDGMGWLTIGISGPDNGAVAVLKYNGIITETIKSWKKRILRTQESECVCMNGSCFTIMTDGPSNGAASYKIFKIEKGKVTKTIELNAPNFHYEECSCYPDTGTVMCVCRDNWHGSNRPWVSFNQNLDYQIGYICSGVFGDNPRPKDGEGSCNPVTVDGADGVKGFSYKYGNGVWIGRTKSNRLRKGFEMIWDPNGWTNTDSDFSVKQDVVAITDWSGYSGSFVQHPELTGLDCIRPCFWVELVRGLPRENTTIWTSGSSISFCGVNSGTANWSWPDGAELPFTI
ADG23217.1 ,A/Azarbayejan-Sharghi/147/2005,2005-12-31,MKAKLLVLLCTFTATYADTICIGYHANNSTDTVDTVLEKNVTVTHSVNLLEDRHNGKLCLLKGIAPLQLGNCSVAGWILGNPECELLISKESWSYIVETPNPENGTCYPGYFADYEELREQLSSVSSFERFEIFPKESSWPKHTVTGVSASCSHNGKSSFYRNLLWLTGKNGLYPNLSKSYANNKEKEVLVLWGVHHPPNIGDQRALYHTENAYVSVVSSHYSRRFTPEIAKRPKVRDQEGRINYYWTLLEPGDTIIFEANGNLIAPRFAFALSRGFGSGIITSNAPMDECDAKCQTPQGAINSSLPFQNVHPVTIGECPKYVRSAKLRMVTGLRNIPSIQSRGLFGAIAGFIEGGWTGMVDGWYGYHHQNEQGSGYAADQKSTQNAINGIQTKVNSVIEKMNTQFTAVGKEFNKLERRMENLNKKLDDGFLDIWTYNAELLVLLENERTLDFHDSNVKNLYEKVKSQLKNNAKEIGNGCFEFYHKCNDECMESVKNGTYDYPNYSEESKLNREKIDGVKLESMGVYQILAIYSTVASSLVLLVSLGAISFWMCSNGSLQCRICI,ACY01426.1 ,MNPNQKIITIGSISIAIGIISLMLQIGNIISIWASHSIQTGSQNPTGICNQRIITYENSTWVNHTYVNINNTNVVAGKDKTSVTLAGNSSLCSISGWAIYTKDNSIRIGSKGDVFVIREPFISCSHLECRTFFLTQGALLNDKHSNGTVKDRSPYRALMSCPLGEAPSPYNSKFESVAWSASACHDGMGWLTIGISGPDNGAVAVLKYNGIITETIKSWKKRILRTQESECVCVNGSCFTIMTDGPSNGAASYKIFKIEKGKVTKSIELNAPNFHYEECSCYPDTGTVMCVCRDNWHGSNRPWVSFNQNLDYQIGYICSGVFGDNPRPKDGKGSCNPVTVDGADGVKGFSYKYGNGVWIGRTKSNRLRKGFEMIWDPNGWTDTDSDFSVKQDVVAITDWSGYSGSFVQHPELTGLDCIRPCFWVELVRGLPRENTTIWTSGSSISFCGVDSDTANWSWPDGAELPFTI
AET84449.2 ,A/Philippines/WRAIR1736P/2006,2006-01-01,MKVKLLVLLCTFTATYADTICIGYHANNSTDTVDTVLEKNVTVTHSVNLLEDSHNGKLCLLKGIAPLQLGNCSVAGWILGNPECELLISRESWSYIVEKPNPENGTCYPGHFADYEELREQLSSVSSFERFEIFPKESSWPNHTTTGVSASCSHNGESSFYKNLLWLTGKNGLYPNLSKSYANNKEKEVLVLWGVHHPPNIGDQRALYHTENAYVSVVSSHYSRKFTPEIAKRPKVRDQEGRINYYWTLLEPGDTIIFEANGNLIAPRYAFALSRGFGSGIINSNAPMDGCDAKCQTPQGAINSSLPFQNVHPVTIGECPKYVRSAKLRMVTGLRNIPSIQSRGLFGAIAGFIEGGWTGMVDGWYGYHHQNEQGSGYAADQKSTQNAINGITNKVNSVIEKMNTQFTAVGKEFNKLERRMENLNKKVDDGFIDIWTYNAELLVLLENERTLDFHDSNVKNLYEKVKSQLKNNAKEIGNGCFEFYHKCNDECMESVKNGTYDYPKYSEESKLNREKIDGVKLESMGVYQILAIYSTVASSLVLLVSLGAISFWMCSNGSLQCRICI,AET84451.1 ,MNPNQKIITIGSISIAIGIISLILQIGNIISIWASHSIQTGSQNHTGICNQRIITYENSTWVNNTYVNINNTNVVAEKDKTSVTLAGNSSLCSISGWAIYTKDNSIRIGSKGDVFVIREPFISCSHLECRTFFLTKGALLNDKHSNGTVTDRSPYRALMSCPLGEAPSPYNSRFESVAWSASACHDGMGWLTIGISGPDNGAVAVLKYNGIITETIKSWKKRILRTQESECVCMNGSCFTIMTDGPSNGAASYKIFKIEKGKVTKTIELNAPNFHYEECSCYPDTGTVMCVCRDNWHGSNRPWVSFNQNLDYQIGYICSGVFGDNPRPKDGEGSCNPVTVDGADGVKGFSYKYGNGVWIGRTKSNRLRKGFEMIWDPNGWTNTDSDFSVKQDVVAITDWSGYSGSFVQHPELTGLDCIRPCFWVELVRGLPRENTTIWTSGSSISFCGVNSGTANWSWPDGAELPFTI
ADN92776.1 ,A/Taiwan/5505/2006,2006-01-04,MKVKLLVLLCTFTATYADTICIGYHANNSTDTVDTVLEKNVTVTHSVNLLEDSHNGKLCLLKGIAPLQLGNCSVAGWILGNPECELLISRESWSYIVEKPNPENGTCYPGHFADYEELREQLSSVSSFERFEIFPKESSWPNHTTTGVSASCSHNGKSSFYKNLLWLTGKNGLYPNLSKSYANNKEKEVLVLWGVHHPPNIGDQRALYHTENAYVSVVSSHYSRKFTPEIAKRPKVRDQEGRINYYWTLLEPGDTIIFEANGNLIAPRYAFALSRGFGSGIINSNAQMDECDAKCQTPQGAINSSLPFQNVHPVTIGECPKYVRSAKLRMVTGLRNIPSIQSRGLLGAIAGFIEGGWTGMVDGWYGYHHQNEQGSGYAADQKSTQNAINGITNKVNSVIEKMNTQFTAVGKEFNKLERRMENLNKKVDDGFIDIWTYNAELLVLLENERTLDFHDSNVKNLYEKVKSQLKNNAKEIGNGCFEFYHKCNDECMESVKNGTYDYPKYSEESKLNREKIDGVKLESMGVYQILAIYSTVASSLVLLVSLGAISFWMCSNGSLQCRICI,ADN92801.1 ,MNPNQKIITIGSISIAIGIISLILQIGNIISIWASHSIQTGSQNHTGICNQRIITYENSTWVNNTYVNINNTNVVAEKDKTSVTLAGNSSLCSISGWAIYTKDNSIRIGSKGDVFVIREPFISCSHLECRTFFLTQGALLNDKHSNGTVKDRSPYRALMSCPLGEAPSPYNSRFESVAWSASACHDGMGWLTIGISGPDNGAVAVLKYNGIITETIKSWKKRILRTQESECVCMNGSCFTIMTDGPSNGAASYKIFKIEKGKVTKTIELNAPNFHYEECSCYPDTGTVMCVCRDNWHGSNRPWVSFNQNLDYQLGYICSGVFGDNPRPKDGEGSCNPVTVDGADGVKGFSYKYGNGVWIGRTKSNRLRKGFEMIWDPNGWANTDSDFSVKQDVVAITDWSGYSGSFVQHPELTGLDCIRPCFWVELVRGLPRENTTIWTSGSSISFCGVNSGTANWSWPDGAELPFTI
ADG23227.1 ,A/Khorasan/166/2006,2006-01-07,MKAKLLVLLCTFTATYADTICIGYHANNSTDTVDTVLEKNVTVTHSVNLLEDRHNGKLCLLKGIAPLQLGNCSVAGWILGNPECELLISKESWSYIVETPNPENGTCYPGYFADYEELREQLSSVSSFERFEIFPKESSWPNHTVTGVSASCSHNGKSSFYRNLLWLTGKNGLYPNLSKSYANNKEKEVLVLWGVHHPPNIGDQRALYHTENAYVSVVSSHYSRRFTPEIAKRPKVRDQEGRINYYWTLLEPGDTIIFEANGNLIAPRFAFALSRGFGSGIITSNAPMDECDAKCQTPQGAINSSLPFQNVHPVTIGECPKYVRSAKLRMVTGLRNIPSIQSRGLFGAIAGFIEGGWTGMVDGWYGYHHQNEQGSGYAADQKSTQNAINGITNKVNSVIEKMNTQFTAVGKEFNKLERRMENLNKKVDDGFLDIWTYNAELLVLLENERTLDFHDSNVKNLYEKVKSQLKNNAKEIGNGCFEFYHKCNDECMESVKNGTYDYPKYSEESKLNRGKIDGVKLESMGVYQILAIYSTVASSLVLLVSLGAISFWMCSNGSLQCRICI,ACY01430.1 ,MNPNQKIITIGSISIAIGIISLMLQIGNIISIWASHSIQTGSQNHTGICNQRIITYENSTWVNHTYVNINNTNVVAGKDKTSVTLAGNSSLCSISGWAIYTKDNSIRIGSKGDVFVIREPFISCSHLECRTFFLTQGALLNDKHSNGTVKDRSPYRALMSCPLGEAPSPYNSKFESVAWSASACHDGMGWLTIGISGPDNGAVAVLKYNGIITETIKSWKKRILRTQESECVCVNGSCFTIMTDGPSNGAASYKIFKIEKGKVTKSIELNAPNFHYEECSCYPDTGTVMCVCRDNWHGSNRPWVSFNQNLDYQIGYICSGVFGDNPRPKDGKGSCNPVTVDGADGVKGFSYKYGNGVWIGRTKSNRLRKGFEMIWDPNGWTDTDSDFSVKQDVVAITDWSGYSGSFVQHPELTGLDCIRPCFWVELVRGLPRENTTIWTSGSSISFCGVDSDTANWSWPDGAELPFTI
ADG23245.1 ,A/Yazd/144/2006,2006-01-08,MKAKLLVLLCTFTATYADTICIGYHANNSTDTVDTVLEKNVTVTHSVNLLEDRHNGKLCLLKGIAPLQLGNCSVAGWILGNPECELLISKESWSYIVETPNPENGTCYPGYFADYEELREQLSSVSSFERFEIFPKESSWPNHTVTGVSASCSHNGKSSFYRNLLWLTGKNGLYPNLSKSYANNKEKEVLVLWGVHHPPNIGDQRALYHTENAYVSVVSSHYSRRFTPEIAKRPKVRDQEGRINYYWTLLEPGDTIIFEANGNLIAPRFAFALSRGFGSGIITSNAPMDECDAKCQTPQGAINSSLPFQNVHPVTIGECPKYVRSAKLRMVTGLRNIPSIQSRGLFGAIAGFIEGGWTGMVDGWYGYHHQNEQGSGYAADQKSTQNAINGITNKVNSVIEKMNTQFTAVGKEFNKLERRMENLNKKVDDGFLDIWTYNAELLVLLENERTLDFHDSNVKNLYEKVKSQLKNNAKEIGNGCFEFYHKCNDECMESVKNGTYDYPKYSEESKLNREKIDGVKLESMGVYQILAIYSTVASSLVLLVSLGAISFWMCSNGSLQCRICI,ACY01425.1 ,MNPNQKIITIGSISIAIGIISLMLQIGNIISIWASHSIQTGSQNHTGICNQRIITYENSTWVNHTYVNINNTNVVAGKDKTSVTLAGNSSLCSISGWAIYTKDNSIRIGSKGDVFVIREPFISCSHLECRTFFLTQGALLNDKHSNGTVKDRSPYRALMSCPLGEAPSPYNSKFESVAWSASACHDGMGWLTIGISGPDNGAVAVLKYNGIITETIKSWKKRILRTQESECVCVNGSCFTIMTDGPSNGAASYKIFKIEKGKVTKSIELNAPNFHYEECSCYPDTGTVMCVCRDNWHGSNRPWVSFNQNLDYQIGYICSGVFGDNPRPKDGKGSCNPVTVDGADGVKGFSYKYGNGVWIGRTKSNRLRKGFEMIWDPNGWTDTDSDFSVKQDVVAITDWSGYSGSFVQHPELTGLDCIRPCFWVELVRGLPRENTTIWTSGSSISFCGVDSDTANWSWPDGAELPFTI
ADG23221.1 ,A/Azarbayejan_Sharghi/153/2006,2006-01-08,MKAKLLVLLCTFTATYADTICIGYHANNSTDTVDTVLEKNVTVTHSVNLLEDRHNGKLCLLKGIAPLQLGNCSVAGWILGNPECELLISKESWSYIVETPNPENGTCYPGYFADYEELREQLSSVSSFERFEIFPKESSWPKHTVTGVSASCSHNGKSSFYRNLLWLTGKNGLYPNLSKSYANNKEKEVLVLWGVHHPPNIGDQRALYHTENAYVSVVSSHYSRRFTPEIAKRPKVRDQEGRINYYWTLLEPGDTIIFEANGNLIAPRFAFALSRGFGSGIITSNAPMDECDAKCQTPQGAINSSLPFQNVHPVTIGECPKYVRSAKLRMVTGLRNIPSIQSRGLFGAIAGFIEGGWTGMVDGWYGYHHQNEQGSGYAADQKSTQNAINGITNKVNSVIEKMNTQFTAVGKEFNKLERRMENLNKKVDDGFLDIWTYNAELLVLLENERTLDFHDSNVKNLYEKVKSQLKNNAKEIGNGCFEFYHKCNDECMESVKNGTYDYPKYSEESKLNRGKIDGVKLESMGVYQILAIYSTVASSLVLLVSLGAISFWMCSNGSLQCRICI,ACY01428.1 ,MNPNQKIITIGSISIAIGIISLMLQIGNIISIWASHSIQTGSQNNTGICNQRIITYENSTWVNHTYVNINNTNVVAGEDKTSVTLAGNSSLCSISGWAIYTKDNSIRIGSKGDVFVIREPFISCSHLECRTFFLTQGALLNDKHSNGTVKDRSPYRALMSCPLGEAPSPYNSKFESVAWSASACHDGMGWLTIGISGPDNGAVAVLKYNGIITETIKSWKKRILRTQESECVCVNGSCFTIMTDGPSNGAASYKIFKIEKGKVTKSIELNAPNFHYEECSCYPDTGTVMCVCRDNWHGSNRPWVSFNQNLDYQIGYICSGVFGDNPRPKDGKGSCNPVTVDGADGVKGFSYKYGNGVWIGRTKSNRLRKGFEMIWDPNGWTDTDSDFSVKQDVVAITDWSGYSGSFVQHPELTGLDCIRPCFWVELVRGLPRENTTIWTSGSSISFCGVDSDTANWSWPDGAELPFTI
ADG23222.1 ,A/Azarbayejan_Sharghi/155/2006,2006-01-10,MKAKLLVLLCTFTATYADTICIGYHANNSTDTVDTVLEKNVTVTHSVNLLEDRHNGKLCLLKGIAPLQLGNCSVAGWILGNPECELLISKESWSYIVETPNPENGTCYPGYFADYEELREQLSSVSSFERFEIFPKESSWPNHTVTGVSASCSHNGKSSFYRNLLWLTGKNGLYPNLSKSYANNKEKEVLVLWGVHHPPNIGNQRALYHTENAYVSVVSSHYSRRFTPEIAKRPKVRDQEGRINYYWTLLEPGDTIIFEANGNLIAPRFAFALSRGFGSGIITSNAPMDECDAKCQTPQGAINSSLPFQNVHPVTIGECPKYVRSAKLRMVTGLRNIPSIQSRGLFGAIAGFIEGGWTGMVDGWYGYHHQNEQGSGYAADQKSTQNAINGITNKVNSVIEKMNTQFTAVGKEFNKLERRMENLNKKVDDGFLDIWTYNAELLVLLENERTLDFHDSNVKNLYEKVKSQLKNNAKEIGNGCFEFYHKCNDECMESVKNGTYDYPKYSEESKLNRGKIDGVKLESMGVYQILAIYSTVASSLVLLVSLGAISFWMCSNGSLQCRICI,ACY01429.1 ,MNPNQKIITIESISIAIGIISLMLQIGNIISIWASHSIQTGSQNHTGICNQRIITYENSTWVNHTYVNINNTNVVAGKDKTSVTLAGNSSLCSISGWAIYTKDNSIRIGSKGDVFVIREPFISCSHLECRTFFLTQGALLNDKHSNGTVKDRSPYRALMSCPLGEAPSPYNSKFESVAWSASACHDGMGWLTIGISGPDNGAVAVLKYNGIITETIKSWKKRILRTQESECVCVNGSCFTIMTDGPSNGAASYKIFKIEKGKVTKSIELNAPNFHYEECSCYPDTGTVMCVCRDNWHGSNRPWVSFNQNLDYQIGYICSGVFGDNPRPKDGKGSCNPVTVDGADGVKGFSYKYGNGVWIGRTKSNRLRKGFEMIWDPNGWTDTDSDFSVKQDVVAITDWSGYSGSFVQHPELTGLDCIRPCFWVELVRGLPRENTTIWTSGSSISFCGVDSDTANWSWPDGAELPFTI
ADG23220.1 ,A/Azarbayejan_Sharghi/150/2006,2006-01-10,MKAKLLVLLCTFTATYADTICIGYHANNSTDTVDTVLEKNVTVTHSVNLLEDRHNGKLCLLKGIAPLQLGNCSVAGWILGNPECELLISKESWYYIVETPNQQNGTCYPGYFAGYEELREQLSSVSSFERFEIFPQESSWPKHTVTGVSASCSHNGKSSFYRNLLWLTGKNGLYPNLSKSYANNKEKEVLVLWGVHHPPNIGDQRALYHTENAYVSVVSSHYSRRFTPEIAKRPKVRDQEGRINYYWTLLEPGDTIIFEANGNLIAPRFAFALSRGFGSGIITSNAPMDECDAKCQTPQGAINSSLPFQNVHPVTIGECPKYVRSAKLRMVTGLRNIPSIQSRGLFGAIAGFIEGGWTGMVDGWYGYHHQNEQGSGYAADQKSTQNAINGITNKVNSVIEKMNTQFTAVGKEFNKLERRMENLNKKVDDGFLDIWTYNAELLVLLENERTLDFHDSNVKNLYEKVKSQLKNNAKEIGNGCFEFYHKCNDECMESVKNGTYDYPKYSEESKLNREKIDGVKLESMGVYQILAIYSTVASSLVLLVSLGAISFWMCSNGSLQCRICI,ACY01427.1 ,MNPNQKIITIGSISIAIGIISLMLQIGNIISIWASHSIQTGSQNHTGICNQRIITYENSTWVNHTYVNINNTNVVAGKDKTSVTLAGNSSLCSISGWAIYTKDNSIRIGSKGDVFVIREPFISCSHLECRTFFLTQGALLNDKHSNGTVKDRSPYRALMSCPLGEAPSPYNSKFESVAWSASACHDGMGWLTIGISGPDNGAVAVLKYNGIITETIKSWKKRILRTQESECVCVNGSCFTIMTDGPSNGAASYKIFKIEKGKVTKSIELNAPNFHYEECSCYPDTGTVMCVCRDNWHGSNRPWVSFNQNLDYQIGYICSGVFGDNPRPKDGKGSCNPVTVDGADGVKGFSYKYGNGVWIGRTKSNRLRKGFEMIWDPNGWTDTDSDFSVKQDVVAITDWSGYSGSFVQHPELTGLDCIRPCFWVELVRGLPRENTTIWTSGSSISFCGVDSDTANWSWPDGAELPFTI
ADN92775.1 ,A/Taiwan/2900/2006,2006-01-13,MKVKLLVLLCTFTATYADTICIGYHANNSTDTVDTVLEKNVTVTHSVNLLEDSHNGKLCLLKGIAPLQLGNCSVAGWILGNPECELLISRESWSYIVEKPNPENGTCYPGHFADYEELREQLSSVSSFERFEIFPKESSWPNHTTTGVSASCSHNGESSFYKNLLWLTGKKGLYPNLSKSYANNKEKEVLVLWGVHHPPNIGDQRALYHTENAYVSVVSSHYSRKFTPEIAKRPKVRDQEGRINYYWTLLEPGDTIIFEANGNLIAPRYAFALSRGFGSGIINSNAPMDECDTKCQTPQGAINSSLPFQNVHPVTIGECPKYVRSAKLRMVTGLRNIPSIQSRGLFGAIAGFIEGGWTGMVDGWYGYHHQNEQGSGYAADQKSTQNAINGITNKVNSVIEKMNTQFTAVGKEFNKLERRMENLNKKVDDGFIDIWTYNAELLVLLENERTLDFHDSNVKNLYEKVKSQLKNNAKEIGNGCFEFYHKCNDECMESVKNETYDYPKYSEESKLNREKIDGVKFESIGVYQILAIYSTVASSLVLLVSLGAISFWMCSNGSLQCRICI,ADN92800.1 ,MNPNQKIITIGSISIAIGIISLILQIGNIISIWASHSIQTGSQNHTGICNQRIITYENSTWVNNTYVNINNTNVVAEKDKTSVTLAGNSSLCSISGWAIYTKDNSIRIGSKGDVFVIREPFISCSHLECRTFFLTQGALLNDKHSNGTVKDRSPYRALMSCPLGEAPSPYNSRFESVAWSASACHDGMGWLTIGISGPDNGAVAVLKYNGIITETIKSWKKRILRTQESECVCMNGSCFTIVTDGPSNGAASYKIFKIEKGKVTKTIELNAPNFHYEECSCYPDTGTVMCVCRDNWHGSNRPWVSFNQNLDYQIGYICSGVFGDNPRPKDGEGSCNPVTVDGADGVKGFSYKYGNGVWIGRTKSNRLRKGFEMIWDPNGWTNTDSDFSVKQDVVAITDWSGYSGSFVQHPELTGLDCIRPCFWVELVRGLPRENTTIWTSGSSISFCGVNSGTANWSWPDGAELPFTI
AJK03348.1 ,A/Fukushima/141/2006,2006-01-17,MKVKLLVLLCTFTATYADTICIGYHANNSTDTVDTVLEKNVTVTHSVNLLEDSHNGKLCLLKGIAPLQLGNCSVAGWILGNPECELLISRESWSYIVEKPNPENGTCYPGHFADYEELREQLSSVSSFERFEIFPKESSWPNHTTTGVSASCSHNGESSFYKNLLWLTGKNGLYPNLSKSYANNKEKEVLVLWGVHHPPNIGNQRALYHTENAYVSVVSSHYSRKFTPEIAKRPKVRDQEGRINYYWTLLEPGDTIIFEANGNLIAPRYAFALSRGFGSGIINSNAPMDECDAKCQTPQGAINSSLPFQNVHPVTIGECPKYVRSAKLRMVTGLRNIPSIQSRGLFGAIAGFIEGGWTGMVDGWYGYHHQNEQGSGYAADQKSTQNAINGITNKVNSVIEKMNTQFTAVGKEFNKLERRMENLNKKVDDGFIDIWTYNAELLVLLENERTLDFHDSNVKNLYEKVKSQLKNNAKEIGNGCFEFYHKCNDECMESVKNGTYDYPKYSEESKLNREKIDGVKLESMGVYQILAIYSTVASSLVLLVSLGAISFWMCSNGSLQCRICI,EPI155235,MNPNQKIITIGSISIAIGIISLILQIGNIISIWASHSIQTGSQNHTGICNQRIITYENSTWVNNTYVNINNTNVVAEKDKTSVTLAGNSSLCSISGWAIYTKDNSIRIGSKGDVFVIREPFISCSHLECRTFFLTQGALLNDKHSNGTVKDRSPYRALMSCPLGEAPSPYNSRFESVAWSASACHDGMGWLTIGISGPDNGAVAVLKYNGIITETIKSWKKRILRTQESECVCMNGSCFTIMTDGPSNGAASYKIFKIEKGKVTKTIELNAPNFHYEECSCYPDTGTVMCVCRDNWHGSNRPWVSFNQNLDYQIGYICSGVFGDNPRPKDGEGSCNPVTVDGADGVKGFSYKYGNGVWIGRTKSNRLRKGFEMIWDPNGWTNTDSDFSVKQDVVAITDWSGYSGSFVQHPELTGLDCIRPCFWVELVRGLPRENTTIWTSGSSISFCGVNSGTANWSWPDGAELPFTI
EPI155493,A/Fukushima/141/2006_IVR-146,2006-01-17,MKVKLLVLLCTFTATYADTICIGYHANNSTDTVDTVLEKNVTVTHSVNLLEDSHNGKLCLLKGIAPLQLGNCSVAGWILGNPECELLISRESWSYIVEKPNPENGTCYPGHFADYEELREQLSSVSSFERFEIFPKESSWPNHTTTGVSASCSHNGESSFYKNLLWLTGKNGLYPNLSKSYANNKEKEVLVLWGVHHPPNIGNQRALYHTENAYVSVVSSHYSRKFTPEIAKRPKVRDQEGRINYYWTLLEPGDTIIFEANGNLIAPRYAFALSRGFGSGIINSNAPMDECDAKCQTPQGAINSSLPFQNVHPVTIGECPKYVRSAKLRMVTGLRNIPSIQSRGLFGAIAGFIEGGWTGMVDGWYGYHHQNEQGSGYAADQKSTQNAINGITNKVNSVIEKMNTQFTAVGKEFNKLERRMENLNKKVDDGFIDIWTYNAELLVLLENERTLDFHDSNVKNLYEKVKSQLKNNAKEIGNGCFEFYHKCNDECMESVKNGTYDYPKYSEESKLNREKIDGVKLESMGVYQILAIYSTVASSLVLLVSLGAISFWMCSNGSLQCRICI,EPI155492,MNPNQKIITIGSISIAIGIISLILQIGNIISIWASHSIQTGSQNHTGICNQRIITYENSTWVNNTYVNINNTNVVAEKDKTSVTLAGNSSLCSISGWAIYTKDNSIRIGSKGDVFVIREPFISCSHLECRTFFLTQGALLNDKHSNGTVKDRSPYRALMSCPLGEAPSPYNSRFESVAWSASACHDGMGWLTIGISGPDNGAVAVLKYNGIITETIKSWKKRILRTQESECVCMNGSCFTIMTDGPSNGAASYKIFKIEKGKVTKTIELNAPNFHYEECSCYPDTGTVMCVCRDNWHGSNRPWVSFNQNLDYQIGYICSGVFGDNPRPKDGEGSCNPVTVDGADGVKGFSYKYGNGVWIGRTKSNRLRKGFEMIWDPNGWTNTDSDFSVKQDVVAITDWSGYSGSFVQHPELTGLDCIRPCFWVELVRGLPRENTTIWTSGSSISFCGVNSGTANWSWPDGAELPFTI
EPI685738,A/YAMAGUCHI/20/2006,2006-01-17,MKVKLLVLLCTFTATYADTICIGYHANNSTDTVDTVLEKNVTVTHSVNLLEDSHNGKLCLLKGIAPLQLGNCSVAGWILGNPECEXLISRESWSYIIEKPSPENGTCYPGHFADYEELREQLSSVSSFERFEIFPKESSWPNHTATGVSASCSHNGKSSFYKNLLWLTGKNGLYPNLSKSYANNKEKEVLVLWGVHHPPNIGDQRALYHTENAYVSVVSSHYSRKFTPEIAKRPKVRDQEGRINYYWTLLEPGDTIIFEANGNLIAPRYAFALSRGFGSGIINSNAPMDECDAKCQTPQGAINSSLPFQNVHPVTIGECPKYVRSAKLRMVTGLRNIPSIQSRGLFGAIAGFIEGGWTGMVDGWYGYHHQNEQGSGYAADQKSTQNAINGITNKVNSVIEKMNTQFTAVGKEFNKLERRMENLNKKVDDGFIDIWTYNAELLVLLENERTLDFHDSNVKNLYEKVKSQLKNNAKEIGNGCFEFYHKCNDECMESVKNGTYDYPKYSEESKLNREKIDGVKLESMGVYQILAIYSTVASSLVLLVSLGAISFWMCSNGSLQCRICI,EPI685737,MNPNQKIITIGSISIAIGIISLILQIGNIISIWASHSIQTGSQNHTGICNQRIITYENSTWVNNTYVNINNTNVVAEKDKTSVTLAGNSSLCSISGWAIYTKDNSIRIGSKGDVFVIREPFISCSHLECRTFFLTQGALLNDKHSNGTVKDRSPYRALMSCPLGEAPSPYNSRFESVAWSASACHDGMGWLTIGISGPDNGAVAVLKYNGIITETIKSWKKRILRTQESECVCMNGSCFTIMTDGPSNGAASYKIFKIEKGKVTKTIELNAPNFHYEECSCYPDTGTVMCVCRDNWHGSNRPWVSFNQNLDYQIGYICSGVFGDNPRPKDGEGSCNPVTVDGADGVKGFSYKYGNGVWIGRTKSNRLRKGFEMIWDPNGWTNTDSDFSVKQDIVAITDWSGYSGSFVQHPELTGLDCIRPCFWVELVRGLPRENTTIWTSGSSISFCGVNSGTANWSWPDGAELPFTI
ADG23218.1 ,A/Azarbayejan-Sharghi/179/2006,2006-01-17,MKAKLLVLLCTFTATYADTICIGYHANNSTDTVDTVLEKNVTVTHSVNLLEDRHNGKLCLLKGIAPLQLGNCSVAGWILGNPECELLISKESWSYIVETPNPENGTCYPGYFADYEELREQLSSVSSFERFEIFPKESSWPNHTVTGVSASCSHNGKSSFYRNLLWLTGKNGLYPNLSKSYANNKEKEVLVLWGVHHPPNIGDQRALYHTENAYVSVVSSHYSRRFTPEIAKRPKVRDQEGRISYYWTLLEPGDTIIFEANGNLIAPRFAFALSRGFGSGIITSNAPMDECDAKCQTPQGAINSSLPFQNVHPVTIGECPKYVRSAKLRMATGLRNIPSIQSRGLFGAIAGFIEGGWTGMVDGWYGYHHQNEQGSGYAADQKSTQNAINGITNKVNSVIEKMNTQFTAVGKEFNKLERRMENLNKKVDDGFLDIWTYNAELLVLLENERTLDFHDSNVKNLYEKVRSQLKNNAKEIGNGCFEFYHKCNDECMESVKNGTYDYPKYSEESKLNREKIDGVKLESMGVYQILAIYSTVASSLVLLVSLGAISFWMCSNGSLQCRICI,ACY01432.1 ,MNPNQKIITIGSISIAIGIISLMLQIGNIISIWASHSIQTGNQNHTGICNQRIITYENSTWVNHTYVNINNTNVVAGKDKTSVTLAGNSSLCSISGWAIYTKDNSIRIGSKGDVFVITEPFISCSHLECRTFFLTQGALLNDKHSNGTVKDRSPYRALMSCPLGEAPSPYNSKFESVAWSASACHDGMGWLTIGISGPDNGAVAVLKYNGIITETIKSWKKRILRTQESECVCVNGSCFTIMTDGPSNGAASYKIFKIEKGKVTKSIELNAPNFHYEECSCYPDTGTVMCVCRDNWHGSNRPWVSFNQNLDYQIGYICSGVFGDNPRPKDGKGSCNPVTVDGADGVKGFSYKYGNGVWIGRTKSNRLRKGFEMIWDPNGWTDTDSDFSVKQDVVAITDWSGYSGSFVQHPELTGLDCIRPCFWVELVRGLPRENTTIWTSGSSISFCGVDSDTANWSWPDGAELPFTI
ADG23219.1 ,A/Azarbayejan-Sharghi/181/2006,2006-01-18,MKAKLLVLLCTFTATYADTICIGYHANNSTDTVDTVLEKNVTVTHSVNLLEDRHNGKLCLLKGIAPLQLGNCSVAGWILGNPECELLISKESWSYIVETPNPENGTCYPGYFADYEELREQLSSVSSFERFEIFPKESSWPNHTVTGVSASCSHNGKSSFYRNLLWLTGKNGLYPNLSKSYANNKEKEVLVLWGVHHPPNIGDQRALYHTENAYVSVVSSHYSRRFTPEIAKRPKVRDQEGRISYYWTLLEPGDTIIFEANGNLIAPRFAFALSRGFGSGIITSNAPMDECDAKCQTPQGAINSSLPFQNVHPVTIGECPKYVRSAKLRMATGLRNIPSIQSRGLFGAIAGFIEGGWTGMVDGWYGYHHQNEQGSGYAADQKSTQNAINGITNKVNSVIEKMNTQFTAVGKEFNKLERRMENLNKKVDDGFLDIWTYNAELLVLLENERTLDFHDSNVKNLYEKVRSQLKNNAKEIGNGCFEFYHKCNDECMESVKNGTYDYPKYSEESKLNREKIDGVKLESMGVYQILAIYSTVASSLVLLVSLGAISFWMCSNGSLQCRICI,ACY01433.1 ,MNPNQKIITIGSISIAIGIISLMLQIGNIISIWASHSIQTGSQNHTGICNQRIITYENSTWVNHTYVNINNTNVVAGKDKTSVTLAGNSSLCSISGWAIYTKDNSIRIGSKGDVFVIREPFISCSHLECRTFFLTQGALLNDKHSNGTVKDRSPYRALMSCPLGEAPSPYNSKFESVAWSASACHDGMGWLTIGISGPDNGAVAVLKYNGIITETIKSWKKRILRTQESECVCVNGSCFTIMTDGPSNGAASYKIFKIEKGKVTKSIELNAPNFHYEECSCYPDTGTVMCVCRDNWHGSNRPWVSFNQNLDYQIGYICSGVFGDNPRPKDGKGSCNPVTVDGADGVKGFSYKYGNGVWIGRTKSNRLRKGFEMIWDPNGWTDTDSDFSVKQDVVAITDWSGYSGSFVQHPELTGLDCIRPCFWVELVRGLPRENTTIWTSGSSISFCGVDSDTANWSWPDGAELPFTI
ADG23238.1 ,A/Tehran/171/2006,2006-01-18,MKAKLLVLLCTFTATYADTICIGYHANNSTDTVDTVLEKNVTVTHSVNLLEDRHNGKLCLLKGIAPLQLGNCSVAGWILGNPECELLISKESWSYIVETPNPENGTCYPGYFADYEELREQLSSVSSFERFEIFPKESSWPNHTVTGVSASCSHNGKSSFYRNLLWLTGKNGLYPNLSKSYANNKEKEVLVLWGVHHPPNIGDQRALYHTENAYVSVVSSHYSRRFTPEIAKRPKVRDQEGRINYYWTLLEPGDTIIFEANGNLIAPRFAFALSRGFGSGIITSNAPMDECDAKCQTPQGAINSSLPFQNVHPVTIGECPKYVRSAKLRMVTGLRNIPSIQSRGLFGAIAGFIEGGWTGMVDGWYGYHHQNEQGSGYAADQKSTQNAINGITNKVDSVIEKMNTQFTAVGKEFNKLERRMENLNKKVDDGFLDIWTYNAELLVLLENERTLDFHDSNVKNLYEKVKSQLKNNAKEIGNGCFEFYHKCNDECMESVKNGTYDYPKYSEESKLNRGKIDGVKLESMGVYQILAIYSTVASSLVLLVSLGAISFWMCSNGSLQCRICI,ACY01431.1 ,MNPNQKIITIGSISIAIGIISLMLQIGNIISIWASHSIQTGSQNHTGICNQRIITYENSTWVNHTYVNINNTNVVAGKDKTSVTLAGNSSLCSISGWAIYTKDNSIRIGSKGDVFVIREPFISCSHLECRTFFLTQGALLNDKHSNGTVKDRSPYRALMSCPLGEAPSPYNSKFESVAWSASACHDGMGWLTIGISGPDNGAVAVLKYNGIITETIKSWKKRILRTQESECVCVNGSCFTIMTDGPSNGAASYKIFKIEKGKVTKSIELNAPNFHYEECSCYPDTGTVMCVCRDNWHGSNRPWVSFNQNLDYQIGYICSGVFGDNPRPKDGKGSCNPVTVDGADGVKGFSYKYGNGVWIGRTKSNRLRKGFEMIWDPNGWTDTDSDFSVKQDVVAITDWSGYSGSFVQHPELTGLDCIRPCFWVELVRGLPRENTTIWTSGSSISFCGVDSDTANWSWPDGAELPFTI
ADG23224.1 ,A/Gholestan/215/2006,2006-01-23,MKAKLLVLLCTFTATYADTICIGYHANNSTDTVDTVLEKNVTVTHSVNLLEDRHNGKLCLLKGIAPLQLGNCSVAGWILGNPECELLISKESWSYIVETPNPENGTCYPGYFADYEELREQLSSVSSFERFEIFPKESSWPNHTVTGVSASCSHNGKSSFYRNLLWLTGKNGLYPNLSKSYANNKEKEVLVLWGVHHPPNIGDQRALYHTENAYVSVVSSHYSRRFTPEIAKRPKVRDQEGRINYYWTLLEPGDTIIFEANGNLIAPRFAFALSRGFGSGIITSNAPMDECDAKCQTPQGAINSSLPFQNVHPVTIGECPKYVRSAKLRMVTGLRNIPSIQSRGLFGAIAGFIEGGWTGMVDGWYGYHHQNEQGSGYAADQKSTQNAINGITNKVNSVIEKMNTQFTAVGKEFNKLERRMENLNKKVDDGFLDLWTYNAELLVLLENERTLDFHDSNVKNLYEKVKSQLKNNAKEIGNGCFEFYHKCNDECMESVKNGTYDYPKYSEESKLNREKIDGVKLESMGVYQILAIYSTVASSLVLLVSLGAISFWMCSNGSLQCRICI,ACY01434.1 ,MNPNQKIITIGSISIAIGIISLMLQIGNIISIWASHSIQTGSQNHTGICNQRIITYENSTWVNHTYVNINNTNVVAGKDKTSVTLAGNSSLCSISGWAIYTKDNSIRIGSKGDVFVIREPFISCSHLECRTFFLTQGALLNDKHSNGTVKDRSPYRALMSCPLGEAPSPYNSKFESVAWSASACHDGMGWLTIGISGPDNGAVAVLKYNGIITETIKSWKKRILRTQESECVCVNGSCFTIMTDGPSNGAASYKIFKIEKGKVTKSIELNAPNFHYEECSCYPDTGTVMCVCRDNWHGSNRPWVSFNQNLDYQIGYICSGVFGDNPRPKDGKGSCNPVTVDGADGVKGFSYKYGNGVWIGRTKSNRLRKGFEMIWDPNGWTDTDSDFSVKQDVVAITDWSGYSGSFVQHPELTGLDCIRPCFWVELVRGLPRENTTIWTSGSSISFCGVDSDTANWSWPDGAELPFTI
ADG23228.1 ,A/Khorasan/280/2006,2006-02-02,MKAKLLVLLCTFTATYADTICIGYHANNSTDTVDTVLEKNVTVTHSVNLLEDRHNGKLCLLKGIAPLQLGNCSVAGWILGNPECELLISKESWSYIVETPNPENGTCYPGYFADYEELREQLSSVSSFERFEIFPKESSWPNHTVTGVSASCSHNGKSSFYRNLLWLTGKNGLYPNLSKSYANNKEKEVLVLWGVHHPPNIGDQRALYHTENAYVSVVSSHYSRRFTPEIAKRPKVRDQEGRINYYWTLLEPGDTIIFEANGNLIAPRFAFALSRGFGSGIITSNAPMDECDAKCQTPQGAINSSLPFQNVHPVTIGECPKYVRSAKLRMVTGLRNIPSIQSRGLFGAIAGFIEGGWTGMVDGWYGYHHQNEQGSGYAADQKSTQNAINGITNKVNSVIEKMNTQFTAVGKEFNKLERRMENLNKKVDDGFLDIWTYNAELLVLLENERTLDFHDSNVKNLYEKVKSQLKNNAKEIGNGCFEFYHKCNDECMESVKNGTYDYPKYSEESKLNREKIDGVKLESMGVYQILAIYSTVASSLVLLVSLGAISFWMCSNGSLQCRICI,ACY01436.1 ,MNPNQKIITIGSISIAIGIISLMLQIGNIISIWASHSIQTGSQNHTGICNQRIITYENSTWVNHTYVNINNTNVVAGKDKTSVTLAGNSSLCSISGWAIYTKDNSIRIGSKGDVFVIREPFISCSHLECRTFFLTQGALLNDKHSNGTVKDRSPYRALMSCPLGEAPSPYNSKFESVAWSASACHDGMGWLTIGISGPDNGAVAVLKYNGIITETIKSWKKRILRTQESECVCVNGSCFTIMTDGPSNGAASYKIFKIEKGKVTKSIELNAPNFHYEECSCYPDTGTVMCVCRDNWHGSNRPWVSFNQNLDYQIGYICSGVFGDNPRPKDGKGSCNPVTVDGADGVKGFSYKYGNGVWIGRTKSNRLRKGFEMIWDPNGWTDTDSDFSVKQDVVAITDWSGYSGSFVQHPELTGLDCIRPCFWVELVRGLPRENTTIWTSGSSISFCGVDSDTANWSWPDGAELPFTI
ADG23232.1 ,A/Khozestan/380/2006,2006-02-12,MKAKLLVLLCTFTATYADTICIGYHANNSTDTVDTVLEKNVTVTHSVNLLEDSHNGKLCLLKGIAPLQLGNCSVAGWILGNPECELLISKESWSYIVETPNPENGTCYPGYFADYEELREQLSSVSSFERFEIFPKESSWPNHTVTGVSASCSHNGKSSFYRNLLWLTGKNGLYPNLSKSYANNKEKEVLVLWGVHHPPNIGDQRALYHTENAYVSVVSSHYSRRFTPEIAKRPKVRDQEGRINYYWTLLEPRDTIIFEANGNLIAPRFAFALSRGFGSGIITSNAPMDECDAKCQTPQGAINSSLPFQNVHPVTIGECPKYVRSAKLRMVTGLRNIPSIQSRGLFGAIAGFIEGGWTGMVDGWYGYHHQNEQGSGYAADQKSTQNAINGITNKVNSVIEKMNTQFTAVGKEFNKLERRMENLNKKVDDGFLDIWTYNAELLVLLENERTLDFHDSNVKNLYEKVKSQLKNNAKEIGNGCFEFYHKCNDECMESVKNGTYDYPKYSEESKLNREKIDGVKLESMGVYQILAIYSTVASSLVLLVSLGAISFWMCSNGSLQCRICI,ACY01441.1 ,MNPNQKIITIGSISIAIGIISLMLQIGNIISIWASHSIQTGSQNHTGICNQRIITYENSTWVNHTYVNINNTNVVAGKDKTSVTLAGNSSLCSISGWAIYTKDNSIRIGSKGDVFVIREPFISCSHLECRTFFLTQGALLNDKHSNGTVKDRSPYRALMSCPLGEAPSPYNSKFESVAWSASACHDGMGWLTIGISGPDNGAVAVLKYNGIITETIKSWKKRILRTQESECVCVNGSCFTIMTDGPSNGAASYKIFKIEKGKVTKSIELNAPNFHYEECSCYPDTGTVMCVCRDNWHGSNRPWVSFNQNLDYQIGYICSGVFGDNPRPKDGKGSCNPVTVDGADGVKGFSYKYGNGVWIGRTKSNRLRKGFEMIWDPNGWTDTDSDFSVKQDVVAITDWSGYSGSFVQHPELTGLDCIRPCFWVELVRGLPRENTTIWTSGSSISFCGVDSDTANWSWPDGAELPFTI
ADN92774.1 ,A/Taiwan/0586/2006,2006-02-14,MKVKLLVLLCTFTATYADTICIGYHANNSTDTVDTVLEKNVTVTHSVNLLEDSHNGKLCLLKGIAPLQLGNCSVAGWILGNPECESLISRESWSYIVEKPSPGNGTCYPGHFADYEELREQLSSVSSFERFEIFPKESSWPNHTATGVSASCSHNGKSSFYKNLLWLTGKNGLYPNLSKSYANNKEKEVLVLWGVHHPPNIGDQRALYHTENAYVSVVSSHYSRKFTPEIAKRPKVRDQEGRINYYWTLLEPGDTIIFEANGNLIAPRYAFALSRGFGSGIINSNAPMDECDAKCQTPQGAINSSLPFQNVHPVTIGECPKYVRSAKLRMVTGLRNIPSIQSRGLFGAIAGFIEGGWTGMVDGWYGYHHQNEQGSGYAADQKSTQNAINGVTNKVNSVIEKMNTQFTAVGKEFNKLERRMENLNKKVDDGFIDIWTYNAELLVLLENERTLDFHDSNVKNLYEKVKSQLKNNAKEIGNGCFEFYHKCNDECMESVKNGTYDYPKYSEESKLNREKIDGVKLESMGVYQILAIYSTVASSLVLLVSLGAISFWMCSNGSLQCRICI,ADN92799.1 ,MNPNQKIITIGSISIAIGIISLILQIGNIISIWASHSIQTGSQNHTGICNQRIITYENSTWVNNTYVNINNTNVVAEKDKTSVTLAGNSSLCSISGWAIYTKDNSIRIGSKGDVFVIREPFISCSHLECRTFFLTQGALLNDKHSNGTVKDRSPYRALMSCPLGEAPSPYNSRFESVAWSASACHDGMGWLTIGISGPDNGAVAVLKYNGIITETIKSWKKRILRTQESECVCMNGSCFTIMTDGPSNGAASYKIFKIEKGKVTKTIELNAPNFHYEECSCYPDTGTVMCVCRDNWHGSNRPWVSFNQNLDYQIGYICSGVFGDNPRPKDGEGSCNPVTVDGADGVKGFSYKYGNGVWIGRTKSNRLRKGFEMIWDPNGWTNTDSDFSVKQDVVAITDWSGYSGSFVQHPELTGLDCIRPCFWVELVRGLPRENTTIWTSGSSISFCGVNSGTANWSWPDGAELPFTI
ADG23243.1 ,A/Tehran/371/2006,2006-02-15,MKAKLLVLLCTFTATYADTICIGYHANNSTDTVDTVLEKNVTVTHSVNLLEDRHNGKLCLLKGIAPLQLGNCSVAGWILGNPECELLISKESWSYIVETPNPENGTCYPGYFADYEELREQLSSVSSFERFEIFPKESSWPNHTVTGVSASCSHNGKSSFYRNLLWLTGKNGLYPNLSKSYANNKEKEVLVLWGVHHPPNIGDQRALYHTENAYVSVVSSHYSRRFTPEIAKRPKVRDQEGRINYYWTLLEPGDTIIFEANGNLIAPRFAFALSRGFGSGIITSNAPMDECDAKCQTPQGAINSSLPFQNVHPVTIGECPKYVRSAKLRMVTGLRNIPSIQSRGLFGAIAGFIEGGWTGMVDGWYGYHHQNEQGSGYAADQKSTQNAINGITNKVNSVIEKMNTQFTAVGKEFNKLERRMENLNKKVDDGFLDIWTYNAELLVLLENERTLDFHDSNVKNLYEKVKSQLKNNAKEIGNGCFEFYHKCNDECMESVKNGTYDYPKYSEESKLNREKIDGVKLESMGVYQILAIYSTVASSLVLLVSLGAISFWMCSNGSLQCRICI,ACY01440.1 ,MNPNQKIITIGSISIAIGIISLMLQIGNIISIWASHSIQTGSQNHTGICNQRIITYENSTWVNHTYVNINNTNVVAGKDKTSVTLAGNSSLCSISGWAIYTKDNSIRIGSKGDVFVIREPFISCSHLECRTFFLTQGALLNDKHSNGTVKDRSPYRALMSCPLGEAPSPYNSKFESVAWSASACHDGMGWLTIGISGPDNGAVAVLKYNGIITETIKSWKKRILRTQESECVCVNGSCFTIMTDGPSNGAASYKIFKIEKGKVTKSIELNAPNFHYEECSCYPDTGTVMCVCRDNWHGSNRPWVSFNQNLDYQIGYICSGVFGDNPRPKDGKGSCNPVTVDGADGVKGFSYKYGNGVWIGRTKSNRLRKGFEMIWDPNGWTDTDSDFSVKQDVVAITDWSGYSGSFVQHPELTGLDCIRPCFWVELVRGLPRENTTIWSSGSSISFCGVDSDTANWSWPDGAELPFTI
EPI685740,A/KITAKYUSYU/10/2006,2006-02-17,MKVKLLVLLCTFTATYADTICIGYHANNSTDTVDTVLEKNVTVTHSVNLLEDSHNGKLCLLKGIAPLQLGNCSVAGWILGNPECESLISRESWSYIIEKPSPENGTCYPGHFADYEELREQLSSVSSFERFEIFPKESSWPNHTATGVSASCSHNGKSSFYKNLLWLTGKNGLYPNLSKSYANNKEKEVLVLWGVHHPPNIGDQRALYHTENAYVSVVSSHYSRKFTPEIAKRPKVRXQEGRINYYWTLLEPGDTIIFEANGNLIAPRYAFALSRGFGSGIINSNAPMDECDAKCQTPQGAINSSLPFQNVHPVTIGECPKYVRSAKLRMVTGLRNIPSIQSRGLFGAIAGFIEGGWTGMVDGWYGYHHQNEQGSGYAADQKSTQNAINGITNKVNSVIEKMNTQFTAVGKEFNKLERRMENLNKKVDDGFIDIWTYNAELLVLLENERTLDFHDSNVKNLYEKVKSQLKNNAKEIGNGCFEFYHKCNDECMESVKNGTYDYPKYSEESKLNREKIDGVKLESMGVYQILAIYSTVASSLVLLVSLGAISFWMCSNGSLQCRICI,EPI685739,MNPNQKIITIGSISIAIGIISLILQIGNIISIWASHSIQTGSQNHTGICNQRIITYENSTWVNNTYVNINNTNVVAEKDKTSVTLAGNSSLCSISGWAIYTKDNSIRIGSKGDVFVIREPFISCSHLECRTFFLTQGALLNDKHSNGTVKDRSPYRALMSCPLGEAPSPYNSRFESVAWSASACHDGMGWLTIGISGPDNGAVAVLKYNGIITETIKSWKKRILRTQESECVCMNGSCFTIMTDGPSNGAASYKIFKIEKGKVTKTIELNAPNFYYEECSCYPDTGTVMCVCRDNWHGSNRPWVSFNQNLDYQIGYICSGVFGDNPRPKDGEGSCNPVTVDGADGVKGFSYKYGNGVWIGRTKSNRLRKGFEMIWDPNGWTNTDSDFSVKQDIVAITDWSGYSGSFVQHPELTGLDCIRPCFWVELVRGLPRENTTIWTSGSSISFCGVNSGTANWSWPDGAELPFTI
ADG23233.1 ,A/Khozestan/459/2006,2006-02-21,MKAKLLVLLCTFTATYADTICIGYHANNSTDTVDTVLEKNVTVTHSVNLLEDRHNGKLCLLKGIAPLQLGNCSVAGWILGNPECELLISKESWSYIVETPNPENGTCYPGYFADYEELREQLSSVSSFERFEIFPKESSWPNHTVTGVSASCSHNGKSSFYRNLLWLTGKNGLYPNLSKSYANNKEKEVLVLWGVHHPPNIGDQRALYHTENAYVSVVSSHYSRRFTPEIAKRPKVRDQEGRINYYWTLLEPGDTIIFEANGNLIAPRFAFALSRGFGSGIITSNAPMDECDAKCQTPQGAINSSLPFQNVHPVTIGECPKYVRSAKLRMVTGLRNIPSIQSRGLFGAIAGFIEGGWTGMVDGWYGYHHQNEQGSGYAADQKSTQNAINGITNKVNSVIEKMNTQFTAVGKEFNKLERRMENLNKKVDDGFLDIWTYNAELLVLLENERTLDFHDSNVKNLYEKVKSQLKNNAKEIGNGCFEFYHKCNDECMESVKNGTYDYPKYSEESKLNREKIDGVKLESMGVYQILAIYSTVASSLVLLVSLGAISFWMCSNGSLQCRICI,ACY01442.1 ,MNPNQKIITIGSISIAIGIISLMLQIGNIISIWASHSIQTGSQNHTGICNQRIITYENSTWVNHTYVNINNTNVVAGKDKTSVTLAGNSSLCSISGWAIYTKDNSIRIGSKGDVFVIREPFISCSHLECRTFFLTQGALLNDKHSNGTVKDRSPYRALMSCPLGEAPSPYNSKFESVAWSASACHDGMGWLTIGISGPDNGAVAVLKYNGIITETIKSWKKRILRTQESECVCVNGSCFTIMTDGPSNGAASYKIFKIEKGKVTKSIELNAPNFHYEECSCYPDTGTVMCVCRDNWHGSNRPWVSFNQNLDYQIGYICSGVFGDNPRPKDGKGSCNPVTVDGADGVKGFSYKYGNGVWIGRTKSNRLRKGFEMIWDPNGWTDTDSDFSVKQDVVAITDWSGYSGSFVQHPELTGLDCIRPCFWVELVRGLPRENTTIWTSGSSISFCGVDSDTANWSWPDGAELPFTI
AEX33902.1 ,A/Hanoi/Q137/2006,2006-03-07,MKVKLLVLLCTFTATYADTICIGYHANNSTDTVDTVLEKNVTVTHSVNLLEDSHNGKLCLLKGIAPLQLGNCSVAGWILGNPECELLISKESWSYIVETPNPENGTCYPGYFADYEELREQLSSVSSFERFEIFPKESSWPNHXVTGVSASCSHNGKSSFYRNLLWLTGKNGLYPNLSKSYANNKEKEVLVLWGVHHPPNIGBQRALYHTENAYVSVVSSHYSRRFTPEIAKRPKVRDQEGRINYYWTLLEPGDTIIFEANGNLIAPRFAFALSRGFGSGIITSNAPMDECDAKCQTPQGAINSSLPFQNVHPVTIGECPKYVRSAKLRMATGLRNIPSIQSRGLFGAIAGFIEGGWTGMVDGWYGYHHQNEQGSGYAADQKSTQNAINGITNKVNSVIEKMNTQFTAVGKEFSKLERRMENLNKKVDDGFLDIWTYNAELLVLLENERTLDFHDSNVKNLYEKVKSQLKNNAKEIGNGCFEFYHKCNDECMESVKNGTYDYPKYSEESKLNREKIDGVKLESMGVYQILAIYSTVASSLVLLVSLGAISFWMCSNGSLQCRICI,AEX33905.1 ,MNPNQKIITIGSISIAIGIISLMLQIGNIISIWASHSIQTGSQNHTGICNQRIITYENSTWVNHTYVNINNTNVVAGKDKTSVTLAGNSSLCSISGWAIYTKDNSIRIGSKGDVFVIREPFISCSHLECRTFFLTQGALLNDKHSNGTVKDRSPYRALMSCPLGEAPSPYNSKFESVAWSASACHDGMGWLTIGISGPDNGAVAVLKYNGIITETIKSWKKRILRTQESECVCVNGSCFTIMTDGPSNGAASYKIFKIEKGKVTKSRELNAPNFHYEECSCYPDTGTVMCVCRDNWHGSNRPWVSFNQNLDYQIGYICSGVFGDNPRPKDGKGSCNPVTADGADGVKGFSYKYGNGVWIGRTKSNRLRKGFEMIWDPNGWTDTDSDFSVKQDVVAITDWSGYSGSFVQHPELTGLDCIRPCFWVELVRGLPRENTTIWTSGSSISFCGVDSDTANWSWPDGAELPFTI
AEX34661.1 ,A/Hanoi/Q177/2006,2006-03-15,MKVKLLVLLCTFTATYADTICIGYHANNSTDTVDTVLEKNVTVTHSVNLLEDSHNGKLCLLKGIAPLQLGNCSVAGWILGNPECELLISKESWSYIVETPNPENGTCYPGYFADYEELREQLSSVSSFERFEIFPKESSWPNHTVTGVSASCSHNGKSSFYRNLLWLTGKKGLYPNLSKSYANNKEKEVLVLWGVHHPPNIGDQRALYHTENAYVSVVSSHYSRRFTPEIAKRPKVRDQEGRINYYWTLLEPGDTIIFEANGNLIAPRFAFALSRGFGSGIITSNAPMDECDAKCQTPQGAINSSLPFQNVHPVTIGECPKYVRSAKLRMATGLRNIPSIQSRGLFGAIAGFIEGGWTGMVDGWYGYHHQNEQGSGYAADQKSTQNAINGITKKVNSVIEKMNTQFTAVGKEFSKLERRMENLNKKVDDGFLDIWTYNAELLVLLENERTLDFHDSNVKNLYEKVKSQLKNNAKEIGNGCFEFYHKCNDECMESVKNGTYDYPKYSEESKLNREKIDGVKLESMGVYQILAIYSTVASSLVLLVSLGAISFWMCSNGSLQCRICI,AEX34664.1 ,MNPNQKIITIGSISIAIGIISLMLQIGNIISIWASHSIQTGSQNHTGICNQRIITYENSTWVNHTYVNINNTNVVAGKDKTSVTLAGNSSLCSISGWAIYTKDNSIRIGSKGDVFVIREPFISCSHLECRTFFLTQGALLNDKHSNGTVKDRSPYRALMSCPLGEAPSPYNSKFESVAWSASACHDGMGWLTIGISGPDNGAVAVLKYNGIITETIKSWKKRILRTQESECVCVNGSCFTIMTDGPSNGAASYKIFKIEKGKVTKSRELNAPNFHYEECSCYPDTGTVMCVCRDNWHGSNRPWVSFNQNLDYQIGYICSGVFGDNPRPKDGKGSCNPVTADGADGVKGFSYKYGNGVWIGRTKSNRLRKGFEMIWDPNGWTDTDSDFSVKQDVVAITDWSGYSGSFVQHPELTGLDCIRPCFWVELVRGLPRENTTIWTSGSSISFCGVDSDTANWSWPDGAELPFTI
EPI357240,A/HaNoi/Q177/2006,2006-03-15,MKVKLLVLLCTFTATYADTICIGYHANNSTDTVDTVLEKNVTVTHSVNLLEDSHNGKLCLLKGIAPLQLGNCSVAGWILGNPECELLISKESWSYIVETPNPENGTCYPGYFADYEELREQLSSVSSFERFEIFPKESSWPNHTVTGVSASCSHNGKSSFYRNLLWLTGKKGLYPNLSKSYANNKEKEVLVLWGVHHPPNIGDQRALYHTENAYVSVVSSHYSRRFTPEIAKRPKVRDQEGRINYYWTLLEPGDTIIFEANGNLIAPRFAFALSRGFGSGIITSNAPMDECDAKCQTPQGAINSSLPFQNVHPVTIGECPKYVRSAKLRMATGLRNIPSIQSRGLFGAIAGFIEGGWTGMVDGWYGYHHQNEQGSGYAADQKSTQNAINGITKKVNSVIEKMNTQFTAVGKEFSKLERRMENLNKKVDDGFLDIWTYNAELLVLLENERTLDFHDSNVKNLYEKVKSQLKNNAKEIGNGCFEFYHKCNDECMESVKNGTYDYPKYSEESKLNREKIDGVKLESMGVYQILAIYSTVASSLVLLVSLGAISFWMCSNGSLQCRICI,EPI357242,MNPNQKIITIGSISIAIGIISLMLQIGNIISIWASHSIQTGSQNHTGICNQRIITYENSTWVNHTYVNINNTNVVAGKDKTSVTLAGNSSLCSISGWAIYTKDNSIRIGSKGDVFVIREPFISCSHLECRTFFLTQGALLNDKHSNGTVKDRSPYRALMSCPLGEAPSPYNSKFESVAWSASACHDGMGWLTIGISGPDNGAVAVLKYNGIITETIKSWKKRILRTQESECVCVNGSCFTIMTDGPSNGAASYKIFKIEKGKVTKSRELNAPNFHYEECSCYPDTGTVMCVCRDNWHGSNRPWVSFNQNLDYQIGYICSGVFGDNPRPKDGKGSCNPVTADGADGVKGFSYKYGNGVWIGRTKSNRLRKGFEMIWDPNGWTDTDSDFSVKQDVVAITDWSGYSGSFVQHPELTGLDCIRPCFWVELVRGLPRENTTIWTSGSSISFCGVDSDTANWSWPDGAELPFTI
AJK03082.1 ,A/Ohio/04/2006,2006-03-21,MKVKLLVLLCTFTATYADTICIGYHANNSTDTVDTVLEKNVTVTHSVNLLEDSHNGKLCLLKGIAPLQLGNCSVAGWILGNPECELLIPKESWSYIVEIPNPENGTCYPGYFADYEELKEQLSSVSSFERFEIFPKESSWPNHTVTGVSASCSHNGKSSFYRNLLWLTGKNGLYPNLSKSYANNKEKEVLVLWGVHHPPNIGBQRALYHTENAYVSVVSSHYSRRFTPEIAKRPKVRDQEGRINYYWTLLEPGDTIIFEANGNLIAPRFAFALSRGLGSGIITSNAPMDECDAKCQTPQGAINSSLPFQNVHPVTIGECPKYVRSAKLRMVTGLRNIPSIQSRGLFGAIAGFIEGGWTGMVDGWYGYHHQNEQGSGYAADQKSTQNAINGITNKVNSVIEKMNTQFTAVGKEFNKLERRMENLNKKVDDGFLDIWTYNAELLVLLENERTLDFHDSNVKNLYEKVKSQLKNNAKEIGNGCFEFYHKCNDECMESVKNGTYDYPKYSEESKLNREKIDGVKLESMGVYQILAIYSTVASSLVLLVSLGAISFWMCSNGSLQCRICI,ACA33574.1 ,MNPNQKIITIGSISIAIGIISLMLQIGNIISIWASHSIQTGSQNHTGICNQRIITYENNTWVNHTYVNINNTNVVAGKDKTSVTLAGNSSLCSISGWAIYTKDNSIRIGSKGDVFVIREPFISCSHLECRTFFLTQGALLNDKHSNGTFKDRSPYRALMSCPLGEAPSPYNSKFESVAWSASACHDGKGWLTIGISGPDNGAVAVLKYNGIITETIKSWKKRILRTQESECVCVNGSCFTIMTDGPSNGAASYKIFKIEKGKVTKSIELNAPNFHYEECSCYPDTGTVMCVCRDNWHGSNRPWVSFNQNLDYQIGYICSGVFGDNPRPKDGKGSCSPVTVDGADGVKGFSYKYGNGVWIGRTKSNKLRKGFEMIWDPNGWTDTDSDFSVKQDVVAITDWSGYSGSFVQHPELTGLDCIRPCFWVELVRGLPRENTTIWTSGSSISFCGVDSDTANWSWPDGAELPFTI
AJK01352.1 ,A/England/593/2006,2006-03-24,MKVKLLVLLCTFTATYADTICIGYHANNSTDTVDTVLEKNVTVTHSVNLLEDSHNGKLCLLKGIAPLQLGNCSVAGWILGNPECELLISKESWSYIVEKPNPENGTCYPGHFADYEELREQLSSVSSFERFEIFPKESSWPNHTVTGVSASCSHNGKSSFYKNLLWLTGKNGLYPNLSKSYANNKEKEVLVLWGVHHPPNIGDQKALYHTENAYVSVVSSHYSRKFTPEIAKRPKVRDQEGRINYYWTLLEPGDTIIFEANGNLIAPRYAFALSRGFGSGIINSNAPMDKCDAKCQTPQGAINSSLPFQNVHPVTIGECPKYVRSAKLRMVTGLRNIPSIQSRGLFGAIAGFIEGGWTGMVDGWYGYHHQNEQGSGYAADQKSTQNAINGITNKVNSVIEKMNTQFTAVGKEFNKLERRMENLNKKVDDGFIDIWTYNAELLVLLENERTLDFHDSNVKNLYEKVKSQLKNNAKEIGNGCFEFYHKCNDECMESVKNGTYDYPKYSEESKLNREKIDGVKLESMGVYQILAIYSTVASSLVLLVSLGAISFWMCSNGSLQCRICI,ACJ25111.1 ,MNPNQKIITIGSISIAIGIISLMLQIGNIISIWASHSIQTGSQNHTGICNQRIITYENSTWVNHTYVNINNTNVVAGKDKTSVTLAGNSSLCSISGWAIYTKDNSIRIGSKGDVFVIREPFISCSHLECRTFFLTQGALLNDKHSNGTVKDRSPYRALMSCPLGEAPSPYNSKFESVAWSASACHDGMGWLTIGISGPDNGAVAVLKYNGIITGTIKSWKKQILRTQESECVCMNGSCFTIMTDGPSNRAASYKIFKIKKGKVTKSIELNAPNFHYEECSCYPDTGIVMCVCRDNWHGSNRPWVSFNQNLDYQIGYICSGVFGDNPRPKDGEGSCNPVTVDGADGVKGFSYKYDNGVWIGRTKSNRLRKGFEMIWDPNGWTNTDSDFSVKQDVVAITDWSGYSGSFVQHPELTGLDCIRPCFWVELVRGLPRENTTIWTSGSSISFCGVNSDTANWSWPDGAELPFTI
AHL89546.1 ,A/New York/1049/2006,2006-03-28,MKVKLLVLLCTFTATYADTICIGYHANNSTDTVDTVLEKNVTVTHSVNLLEDSHNGKLCLLKGIAPLQLGNCSVAGWILGNPECELLISKESWSYIVETPNPENGTCYPGYFADYEELREQLSSVSSFERFEIFPKESSWPNHTVTGVSASCSHNGKSSFYRNLLWLTGKNGLYPNLSKSYANNKEKEVLVLWGVHHPPNIGDQRALYHTESAYVSVVSSHYSRRFTPEIAKRPKVRDQEGRINYYWTLLEPGDTIIFEANGNLIAPRFAFALSRGFGSGIITSNAPMDECDAKCQTPQGAINSSLPFQNVHPVTIGECPKYVRSAKLRMVTGLRNIPSIQSRGLFGAIAGFIEGGWTGMVDGWYGYHHQNEQGSGYAADQKSTQNAINGITNKVNSVIEKMNTQFTAVGKEFNKLERRMENLNKKVDDGFLDIWTYNAELLVLLENERTLDFHDSNVKNLYEKVKSQLKNNAKEIGNGCFEFYHKCNDECMESVKNGTYDYPKYSEESKLNRERIDGVKLESMGVYQILAIYSTVASSLVLLVSLGAISFWMCSNGSLQCRICI,AHL89549.1 ,MNPNQKIITIGSISIAIGIISLMLQIGNIISIWASHSIQTGSQNHTGICNQRIITYENSTWVNHTYVNINNTNVVAGKDKTSVTLAGNSSLCSISGWAIYTKDNSIRIGSKGDVFVIREPFISCSHLECRTFFLTQGALLNDKHSNGTVKDRSPYRALMSCPLGEAPSPYNSKFESVAWSASACHDGMGWLTIGISGPDNGAVAVLKYNGIITETIKSWKKRILRTQESECVCVNGSCFTIMTDGPSNGAASYKIFKIEKGKVTKSIELNAPNFHYEECSCYPDTGTVMCVCRDNWHGSNRPWVSFNQHLDYQIGYICSGVFGDNPRPKDGKGSCNPVTVDGADGVKGFSYKYGNGVWIGRTKSNRLRKGFEMIWDPNGWTDTDSDFSVKQDVVAITDWSGYSGSFVQHPELTGLDCIRPCFWVELVRGLPRENTTIWTSGSSISFCGVDSDTANWSWPDGAELPFTI
EPI524815,A/New_York/1049/2006,2006-03-28,MKVKLLVLLCTFTATYADTICIGYHANNSTDTVDTVLEKNVTVTHSVNLLEDSHNGKLCLLKGIAPLQLGNCSVAGWILGNPECELLISKESWSYIVETPNPENGTCYPGYFADYEELREQLSSVSSFERFEIFPKESSWPNHTVTGVSASCSHNGKSSFYRNLLWLTGKNGLYPNLSKSYANNKEKEVLVLWGVHHPPNIGDQRALYHTESAYVSVVSSHYSRRFTPEIAKRPKVRDQEGRINYYWTLLEPGDTIIFEANGNLIAPRFAFALSRGFGSGIITSNAPMDECDAKCQTPQGAINSSLPFQNVHPVTIGECPKYVRSAKLRMVTGLRNIPSIQSRGLFGAIAGFIEGGWTGMVDGWYGYHHQNEQGSGYAADQKSTQNAINGITNKVNSVIEKMNTQFTAVGKEFNKLERRMENLNKKVDDGFLDIWTYNAELLVLLENERTLDFHDSNVKNLYEKVKSQLKNNAKEIGNGCFEFYHKCNDECMESVKNGTYDYPKYSEESKLNRERIDGVKLESMGVYQILAIYSTVASSLVLLVSLGAISFWMCSNGSLQCRICI,EPI524817,MNPNQKIITIGSISIAIGIISLMLQIGNIISIWASHSIQTGSQNHTGICNQRIITYENSTWVNHTYVNINNTNVVAGKDKTSVTLAGNSSLCSISGWAIYTKDNSIRIGSKGDVFVIREPFISCSHLECRTFFLTQGALLNDKHSNGTVKDRSPYRALMSCPLGEAPSPYNSKFESVAWSASACHDGMGWLTIGISGPDNGAVAVLKYNGIITETIKSWKKRILRTQESECVCVNGSCFTIMTDGPSNGAASYKIFKIEKGKVTKSIELNAPNFHYEECSCYPDTGTVMCVCRDNWHGSNRPWVSFNQHLDYQIGYICSGVFGDNPRPKDGKGSCNPVTVDGADGVKGFSYKYGNGVWIGRTKSNRLRKGFEMIWDPNGWTDTDSDFSVKQDVVAITDWSGYSGSFVQHPELTGLDCIRPCFWVELVRGLPRENTTIWTSGSSISFCGVDSDTANWSWPDGAELPFTI
AJK02303.1 ,A/England/594/2006,2006-03-31,MKVKLLVLLCTFTATYADTICIGYHANNSTDTVDTVLEKNVTVTHSVNLLEDSHNGKLCLLKGIAPLQLGNCSVAGWILGNPECELLISKESWSYIVEKPNPENGTCYPGHFADYEELREQLSSVSSFERFEIFPKESSWPNHTVTGVSASCSHNGKSSFYKNLLWLTGKNGLYPNLSKSYANNKEKEVLVLWGVHHPPNIGDQKALYHTENAYVSVVSSHYSRKFTPEIAKRPKVRDQEGRINYYWTLLEPGDTIIFEANGNLIAPRYAFALSRGFGSGIINSNAPMDKCDAKCQTPQGAINSSLPFQNVHPVTIGECPKYVRSAKLRMVTGLRNIPSIQSRGLFGAIAGFIEGGWTGMVDGWYGYHHQNEQGSGYAADQKSTQNAINGITNKVNSVIEKMNTQFTAVGKEFNKLERRMENLNKKVDDGFIDIWTYNAELLVLLENERTLDFHDSNVKNLYEKVKSQLKNNAKEIGNGCFEFYHKCNDECMESVKNGTYDYPKYSEESKLNREKIDGVKLESMGVYQILAIYSTVASSLVLLVSLGAISFWMCSNGSLQCRICI,ACJ25093.1 ,MNPNQKIITIGSISIAIGIISLMLQIGNIISIWASHSIQTGSQNHTGICNQRIITYENSTWVNHTYVNINNTNVVAGKDKTSVTLAGNSSLCSISGWAIYTKDNSIRIGSKGDVFVIREPFISCSHLECRTFFLTQGALLNDKHSNGTVKDRSPYRALMSCPLGEAPSPYNSKFESVAWSASACHDGMGWLTIGISGPDNGAVAVLKYNGIITGTIKSWKKQILRTQESECVCMNGSCFTIMTDGPSNRAASYKIFKIKKGKVTKSIELNAPNFYYEECSCYPDTGIVMCVCRDNWHGSNRPWVSFNQNLDYQIGYICSGVFGDNPRPKDGEGSCNPVTVDGADGVKGFSYKYDNGVWIGRTKSNRLRKGFEMIWDPNGWTNTDSDFSVKQDVVAITDWSGYSGSFVQHPELTGLDCIRPCFWVELVRGLPRENTTIWTSGSSISFCGVNSDTANWSWPDGAELPFTI
AJK03136.1 ,A/England/493/2006,2006-04-10,MKVKLLVLLCTFTATYADTICIGYHANNSTDTVDTVLEKNVTVTHSVNLLEDSHNGKLCLLKGIAPLQLGNCSVAGWILGNPECELLISKESWSYIVETPNPENGTCYPGYFADYEELREQLSSVSSFERFEIFPKESSWPNHTVTGVSASCSHNGKSSFYRNLLWLTGKNGLYPNLSKSYANNKEKEVLVLWGVHHPPNIGDQRALYHTENAYVSVVSSHYSRRFTPEIAKRPKVRDQEGRINYYWTLLEPGDTIIFEANGNLIAPRFAFALSRGFGSGIITSNAPMDECDAKCQTPQGAINSSLPFQNVHPVTIGECPKYVRSAKLRMATGLRNIPSIQSRGLFGAIAGFIEGGWTGMVDGWYGYHHQNEQGSGYAADQKSTQNAINGITNKVNSVIEKMNTQFTAVGKEFSKLERRMENLNKKVDDGFLDIWTYNAELLVLLENERTLDFHDSNVKNLYEKVKSQLKNNAKEIGNGCFEFYHKCNDECMESVKNGTYDYPKYSEESKLNREKIDGVKLESMGVYQILAIYSTVASSLVLLVSLGAISFWMCSNGSLQCRICI,ACJ25141.1 ,MNPNQKIITIGSISIAIGIISLMLQIGNIISIWASHSIQTGSQNHTGICNQRIITYENSTWVNHTYVNINNTNVVAGKDKTSVTLAGNSSLCSISGWAIYTKDNSIRIGSKGDVFVIREPFISCSHLECRTFFLTQGALLNDKHSNGTVKDRSPYRALMSCPLGEAPSPYNSKFESVAWSASACHDGMGWLTIGISGPDNGAVAVLKYNGIITETIKSWKKRILRTQESECVCVNGSCFTIMTDGPSNGAASYKIFKIEKGKVTKSRELNAPNFHYEECSCYPDTGTVMCVCRDNWHGSNRPWVSFNQNLDYQIGYICSGVFGDNPRPKDGKGSCNPVTADGADGVKGFSYKYGNGVWIGRTKSNRLRKGFEMIWDPNGWTDTDSDFSVKQDVVAITDWSGYSGSFVQHPELTGLDCIRPCFWVELVRGLPRENTTTWTSGSSISFCGVDSDTANWSWPDGAELPFTI
AJK02363.1 ,A/England/494/2006,2006-04-11,MKVKLLVLLCTFTATYADTICIGYHANNSTDTVDTVLEKNVTVTHSVNLLEDSHNGKLCLLKGIAPLQLGNCSVAGWILGNPECELLISKESWSYIVETPNPENGTCYPGYFADYEELREQLSSVSSFERFEIFPKESSWPNHTVTGVSASCSHNGKSSFYRNLLWLTGKNGLYPNLSKSYANNKEKEVLVLWGVHHPPNIGDQRALYHTENAYVSVVSSHYSRRFTPEIAKRPKVRDQEGRINYYWTLLEPGDTIIFEANGNLIAPRFAFALSRGFGSGIITSNAPMDECDAKCQTPQGAINSSLPFQNVHPVTIGECPKYVRSAKLRMVTGLRNIPSIQSRGLFGAIAGFIEGGWTGMVDGWYGYHHQNEQGSGYAADQKSTQNAINGITNKVNSVIEKMNTQFTAVGKEFNKLERRMENLNKKVDDGFLDIWTYNAELLVLLENERTLDFHDSNVKNLYEKVKSQLKNNAKEIGNGCFEFYHKCNDECMESVKNGTYDYPKYSEESKLNREKIDGVKLESMGVYQILAIYSTVASSLVLLVSLGAISFWMCSNGSLQCRICI,ACJ25084.1 ,MNPNQKIITIGSISIAIGIISLMLQIGNIISIWASHSIQTGSQNHTGICNQRIITYENSTWVNHTYVNINNTHVVTGKDKTSVTLAGNSSLCSISGWAIYTKDNSIRIGSKGDVFVIREPFISCSHLECRTFFLTQGALLNDKHSNGTVKDRSPYRALMSCPLGEAPSPYNSKFESVAWSASACHDGMGWLTIGISGPDNGAVAVLKYNGIITETIKSWKKRILRTQESECVCMNGSCFTIMTDGPSNGAASYKIFKIEKGKVTKSIELNAPNFYYEECSCYPDTGTVMCVCRDNWHGSNRPWVSFNQNLDYQIGYICSGVFGDNPRPKDGKGSCNPVTVDGADGVKGFSYKYGNGVWIGRTKSNRLRKGFEMIWDPNGWTDTDSDFSVKQDVVAITDWSGYSGSFVQHPELTGLDCIRPCFWVELVRGLPRENTTIWTSGSSISFCGVDSDTANWSWPDGAELPFTI
AFJ75058.1 ,A/Malaysia/34291/2006,2006-04-14,MKVKLLVLLCTFTATYADTICIGYHANNSTDTVDTVLEKNVTVTHSVNLLEDSHNGKLCLLKGIAPLQLGNCSVAGWILGNPECELLISRESWSYIVEKPNPENGTCYPGHFADYEELREQLSSVSSFERFEIFPKESSWPNHTVTGVSASCSHNGKSSFYKNLLWLTGKNGLYPNLSKSYANNKEKEVLVLWGVHHPPNIGDQRALYHTENAYVSVVSSHYSRKFTPEIAKRPKVRDQEGRINYYWTLLEPGDTIIFEANGNLIAPRYAFALSRGFGSGIINSNAPMDECDAKCQTPQGAINSSLPFQNVHPVTIGECPKYVRSAKLRMVTGLRNIPSIQSRGLFGAIAGFIEGGWTGMVDGWYGYHHQNEQGSGYAADQKSTQNAINGITNKVNSVIEKMNTQFTAVGKEFNKLERRMENLNKKVDDGFIDIWTYNAELLVLLENERTLDFHDSNVKNLYEKVKSQLKNNAKEIGNGCFEFYHKCNDECMESVKNGTYDYPKYSEESKLNREKIDGVKLESMGVYQILAIYSTVASSLVLLVSLGAISFWMCSNGSLQCRICI,AFJ75061.1 ,MNPNQKIITIGSISIAIGIISLMLQIGNIISIWASHSIQTGSQNHTGICNQRIITYENSTWVNNTYVNINNTNVVAEKDKTSVTLAGNSSLCSISGWAIYTKDNSIRIGSKGDVFVIREPFISCSHLECRTFFLTQGALLNDKHSNGTVKDRSPYRALMSCPLGEAPSPYNSRFESVAWSASACHDGMGWLTIGISGPDNGAVAVLKYNGIITETIKSWKKRILRTQESECVCMNGSCFTIMTDGPSNGAASYKIFKIEKGKVTKSIELNAPNFHYEECSCYPDTGTVMCVCRDNWHGSNRPWVSFNQNLDYQIGYICSGVFGDNPRPKDGEGSCNPVTVDGADGVKGFSYKYGNGVWIGRTKSNRLRKGFEMIWDPNGWTNTDSDFSVKQDVVAITDWSGYSGSFVQHPELTGLDCIRPCFWVELVRGLPRENTTIWTSGSSISFCGVNSGTANWSWPDGAELPFTI
AEX35175.1 ,A/HoChiMinh/HCM395/2006,2006-04-28,MKVKLLVLLCTFTATYADTICIGYHANNSTDTVDTVLEKNVTVTHSVDLLEDSHNGKLCLLKGIAPLQLGNCSVAGWILGNPECELLISKESWSYIVETPNPENGTCYPGYFADYEELREQLSSVSSFERFEIFPKESSWPNHTVTGVTASCSHNGKSSFYRNLLWLTGKNGLYPNLSKSYANNKEKEVLVLWGVHHPPNIGDQRALYHTENAYVSVVSSHYSRRFTPEIAKRPKVRDQEGRINYYWTLLEPGDTIIFEANGNLIAPRFAFALNRGFGSGIITSNAPMDGCDAKCQTPQGAINSSLPFQNVHPVTIGECPKYVRSAKLRMATGLRNIPSIQSRGLFGAIAGFIEGGWTGMVDGWYGYHHQNEQGSGYAADQKSTQNAINGITNKVNSVIEKMNTQFTAVGKEFSKLERRMENLNKKVDDGFLDIWTYNAELLVLLENERTLDFHDSNVKNLYEKVKSQLKNNAKEIGNGCFEFYHKCNDECMESVKNGTYDYPKYSEESKLNREKIDGVKLESMGVYQILAIYSTVASSLVLLVSLGAISFWMCSNGSLQCRICI,AEX35178.1 ,MNPNQKIITIGSISIAIGIISLMLQIGNIISIWASHSIQTGSQNHTGICNQRIITYENSTWVNHTYVNINNTNVVAGKDKTSVTLAGNSSLCSISGWAIYTKDNSIRIGSKGDVFVIREPFISCSHLECRTFFLTQGALLNDKHSNGTVKDRSPYRALMSCPLGEAPSPYNSKFESVAWSASACHDGMGWLTIGISGPDNGAVAVLKYNGIITETIKSWKERILRTQESECVCVNGSCFTIMTDGPSNGAASYKIFKIEKGKVTKSRELNAPNFHYEECSCYPDTGTVMCVCRDNWHGSNRPWVSFNQNLDYQIGYICSGVFGDNPRPKDGKGSCNPVTADGADGVKGFSYKYGNGVWIGRTKSNRLRKGFEMIWDPNGWTDTDSDFSVKQDVVAITDWSGYSGSFVQHPELTGLDCIRPCFWVELVRGLPRENTTIWTSGSSISFCGVDSDTANWSWPDGAELPFTI
AFJ78474.1 ,A/Malaysia/34450/2006,2006-05-03,MKVKLLVLLCTFTATYADTICIGYHANNSTDTVDTVLEKNVTVTHSVNLLEDSHNGKLCLLKGIAPLQLGNCSVAGWILGNPECELLISRESWSYIVEKPNPENGTCYPGHFADYEELREQLSSVSSFERFEIFPKESSWPNHTVTGVSASCSYNGKSSFYKNLLWLTGKNGLYPNLSKSYANNKEKEVLVLWGVHHPPNIGDQRALYHTENAYVSVVSSHYSRKFTPEIAKRPKVRDQEGRINYYWTLLEPGDTIIFEANGNLIAPRYAFALSRGFGSGIINSNAPMDECDAKCQTPQGAINSSLPFQNVHPVTIGECPKYVRSAKLRMVTGLRNIPSIQSRGLFGAIAGFIEGGWTGMVDGWYGYHHQNEQGSGYAADQKSTQNAINGITNKVNSVIEKMNTQFTAVGKEFNKLERRMENLNKKVDDGFIDIWTYNAELLVLLENERTLDFHDSNVKNLYEKVKSQLKNNAKEIGNGCFEFYHKCNDECMESVKNGTYDYPKYSEESKLNREKIDGVKLESMGVYQILAIYSTVASSLVLLVSLGAISFWMCSNGSLQCRICI,AFJ78477.1 ,MNPNQKIITIGSISIAIGIIGLMLQIGNIISIWASHSIQTGSQNHTGICSQRIITYENSTWVNNTYVNINNTNVVAEKDKTSVTLAGNSSLCSISGWAIYTKDNSIRIGSKGDVFVIREPFISCSHLECRTFFLTQGALLNDKHSNGTVKDRSPYRALMSCPLGEAPSPYNSRFESVAWSASACHDGMGWLTIGISGPDNGAVAVLKYNGIITETIKSWKKRILRTQESECVCMNGSCFTIMTDGPSNGAASYKIFKIEKGKVTKSIELNAPNFHYEECSCYPDTGTVMCVCRDNWHGSNRPWVSFNQNLDYQIGYICSGVFGDNPRPKDGEGSCNPVTVDGADGVKGFSYKYGNGVWIGRTKSNRLRKGFEMIWDPNGWTNTDSDFSVKQDVVAITDWSGYSGSFVQHPELTGLDCIRPCFWVELVRGLPRENTTIWTSGSSISFCGVNSGTANWSWPDGAELPFTI
AEX34418.1 ,A/LongAn/HCM504/2006,2006-05-17,MKVKLLVLLCTFTATYADTICIGYHANNSTDTVDTVLEKNVTVTHSVNLLEDSHNGKLCLLKGIAPLQLGNCSVAGWILGNPECELLISRESWSYIVEKPNPENGTCYPGHFADYEELREQLSSVSSFERFEIFPKESSWPNHTTTGVSASCSHNGESSFYKNLLWLTGKNGLYPNLSKSYANNKEKEVLVLWGVHHPPNIGXQRALYHTENAYVSVVSSHYSRKFTPEIAKRPKVRDQEGRINYYWTLLEPGDTIIFEANGNLIAPRYAFALSRGFGSGIINSNAPMDECDAKCQTPQGAINSSLPFQNVHPVTIGECPKYVRSAKLRMVTGLRNIPSIQSRGLFGAIAGFIEGGWTGMVDGWYGYHHQNEQGSGYAADQKSTQNAINGITNKVNSVIEKMNTQFTAVGKEFNKLERRMENLNKKVDDGFIDIWTYNAELLVLLENERTLDFHDSNVKNLYEKVKSQLKNNAKEIGNGCFEFYHKCNDECMESVKNGTYDYPKYSEESKLNREKIDGVKLESMGVYQILAIYSTVASSLVLLVSLGAISFWMCSNGSLQCRICI,AEX34421.1 ,MNPNQKIITIGSISIAIGIISLILQIGNIISIWASHSIQTGSQNHTGICNQRIITYENSTWVNNTYVNINNTNVVVEKDKTSVTLAGNSSLCSISGWAIYTKDNSIRIGSKGDVFVIREPFISCSHLECRTFFLTQGALLNDKHSNGTVKDRSPYRALMSCPLGEAPSPYNSRFESVAWSASACHDGMGWLTIGISGPDNGAVAVLKYNGIITETIKSWKKRILRTQESECVCMNGSCFTIMTDGPSNGTASYKIFKIEKGKVTKTIELNAPNFHYEECSCYPDTGTVMCVCRDNWHGSNRPWVSFNQNLDYQIGYICSGVFGDNPRPKDGEGSCNPVTVDGADGVKGFSYKYGNGVWIGRTKSNRLRKGFEMIWDPNGWTNTDSDFSVKQDVVAITDWSGYSGSFVQHPELTGLDCIRPCFWVELVRGLPRENTTIWTSGSSISFCGVNSGTANWSWPDGAELPFTI
AEX35186.1 ,A/HoChiMinh/HCM526/2006,2006-05-21,MKVKLLVLLCTFTATYADTICIGYHANNSTDTVDTVLEKNVTVTHSVNLLEDSHNGKLCLLKGIAPLQLGNCSVAGWILGNPECELLISRESWSYIVEKPNPENGTCYPGHFADYEELREQLSSVSSFERFEIFPKESSWPNHTTTGVSASCSHNGESSFYKNLLWLTGKNGLYPNLSKSYANNKEKEVLVLWGVHHPPNIGNQRALYHTENAYVSVVSSHYSRKFTPEIAKRPKVRDQEGRINYYWTLLEPGDTIIFEANGNLIAPRYAFALSRGFGSGIINSNAPMDECDAKCQTPQGAINSSLPFQNVHPVTIGECPKYVRSAKLRMVTGLRNIPSIQSRGLFGAIAGFIEGGWTGMVDGWYGYHHQNEQGSGYAADQKSTQNAINGITNKVNSVIEKMNTQFTAVGKEFNKLERRMENLNKKVDDGFIDIWTYNAELLVLLENERTLDFHDSNVKNLYEKVKSQLKNNAKEIGNGCFEFYHKCNDECMESVKNGTYDYPKYSEESKLNREKIDGVKLESMGVYQILAIYSTVASSLVLLVSLGAISFWMCSNGSLQCRICI,AEX35189.1 ,MNPNQKIITIGSISIAIGIISLILQIGNIISIWASHSIQTGSQNHTGICNQRIITYENSTWVNNTYVNINNTNVVVEKDKTSVTLAGNSSLCSISGWAIYTKDNSIRIGSKGDVFVIREPFISCSHLECRTFFLTQGALLNDKHSNGTVKDRSPYRALMSCPLGEAPSPYNSRFESVAWSASACHDGMGWLTIGISGPDNGAVAVLKYNGIITETIKSWKKRILRTQESECVCMNGSCFTIMTDGPSNGTASYKIFKIEKGKVTKTIELNAPNFHYEECSCYPDTGTVMCVCRDNWHGSNRPWVSFNQNLDYQIGYICSGVFGDNPRPKDGEGSCNPVTVDGADGVKGFSYKYGNGVWIGRTKSNRLRKGFEMIWDPNGWTNTDSDFSVKQDVVAITDWSGYSGSFVQHPELTGLDCIRPCFWVELVRGLPRENTTIWTSGSSISFCGVNSGTANWSWPDGAELPFTI
ADN92772.1 ,A/Taiwan/0045/2006,2006-05-24,MKVKLLVLLCTFTATYADTICIGYHANNSTDTVDTVLEKNVTVTHSVNLLEDSHNGKLCLIKGIAPLQLGNCSVAGWILGNPECELLISKESWSYIVEKPNPENGTCYPGHFADYEELREQLSSVSSFERFEIFPKESSWPNYTVTGVSASCSHNGKSSFYKNLLWLTRKNGLYPNLSKSYANNKEKEVLVLWGVHHPPNIGDQRALYHTENAYVSVVSSHYSRKFTPEIAKRPKVRDQEGRINYYWTLLEPGDTIIFEANGNLIAPRYAFALSRGFGSGIINSNAPMDECDAKCQTPQGAINSSLPFQNVHPVTIGECPKYVRSAKLRMVTGLRNIPSIQSRGLFGAIAGFIEGGWTGMVDGWYGYHHQNEQGSGYAADQKSTQNAINGITNKVNSVIEKMNTQFTAVGKEFNKLERRMENLNKKVDDGFIDVWTYNAELLVLLENERTLDFHDSNVKNLYEKVKSQLKNNAKEIGNGCFEFYHKCNDECMESVKNGTYDYPKYSEESKLSREKIDGVKLESMGVYQILAIYSTVASSLVLLVSLGAISFWMCSNGSLQCRICI,ADN92797.1 ,MNPNQKIITIGSISIAIGIISLMLQIGNIISIWASHSIQTGSQNHTGICNQRIITYENSTWVNHTYVNINNTNVVAGQDKTSVTLAGNSSLCSISGWAIYTKDNSIRIGSKGDVFVIREPFISCSHLECKTFFLTQGALLNDKHSNGTVKDRSPYRALMSCPLGEAPSPYNSKFESVAWSASACHDGMGWLTIGISGPDNGAVAVLKYNGIITGTIKSWKKQILRTQESECVCMNGSCFTIMTDGPSNRAASYKIFKIEKGKVTKSVELNAPNFYYEECSCYPDTGTVMCVCRDNWHGSNRPWVSFNQNLDYQIGYICSGVFGDNPRPKDGEGSCNPVTVDGADGVKGFSYKYGNGVWIGRTKSNRLRKGFEMIWDPNGWTNTDSDFSVKQDVVAITDWSGYSGSFVQHPELTGLDCIRPCFWVELVRGLPRENTTIWTSGSSISFCGVNSDTANWSWPDGAELPFTI
AEX34429.1 ,A/HoChiMinh/HCM554/2006,2006-05-31,MKVKLLVLLCTFTATYADTICIGYHANNSTDTVDTVLEKNVTVTHSVNLLEDSHNGKLCLLKGIAPLQLGNCSVAGWILGNPECELLISRESWSYIVEKPNPENGTCYPGHFADYEELREQLSSVSSFERFEIFPKESSWPNHTTTGVSASCSHNGESSFYKNLLWLTGKNGLYPNLSKSYANNKEKEVLVLWGVHHPPNIGXQRALYHTENAYVSVVSSHYSRKFTPEIAKRPKVRDQEGRINYYWTLLEPGDTIIFEANGNLIAPRYAFALSRGFGSGIINSNAPMDECDAKCQTPQGAINSSLPFQNVHPVTIGECPKYVRSAKLRMVTGLRNIPSIQSRGLFGAIAGFIEGGWTGMVDGWYGYHHQNEQGSGYAADQKSTQNAINGITNKVNSVIEKMNTQFTAVGKEFNKLERRMENLNKKVDDGFIDIWTYNAELLVLLENERTLDFHDSNVKNLYEKVKSQLKNNAKEIGNGCFEFYHKCNDECMESVKNGTYDYPKYSEESKLNREKIDGVKLESMGVYQILAIYSTVASSLVLLVSLGAISFWMCSNGSLQCRICI,AEX34432.1 ,MNPNQKIITIGSISIAIGIISLILQIGNIISIWASHSIQTGSQNHTGICNQRIITYENSTWVNNTYVNINNTNVVVEKDKTSVTLAGNSSLCSISGWAIYTKDNSIRIGSKGDVFVIREPFISCSHLECRTFFLTQGALLNDKHSNGTVKDRSPYRALMSCPLGEAPSPYNSRFESVAWSASACHDGMGWLTIGISGPDNGAVAVLKYNGIITETIKSWKKRILRTQESECVCMNGSCFTIMTDGPSNGTASYKIFKIEKGKVTKTIELNAPNFHYEECSCYPDTGTVMCVCRDNWHGSNRPWVSFNQNLDYQIGYICSGVFGDNPRPKDGEGSCNPVTVDGADGVKGFSYKYGNGVWIGRTKSNRLRKGFEMIWDPNGWTNTDSDFSVKQDVVAITDWSGYSGSFVQHPELTGLDCIRPCFWVELVRGLPRENTTIWTSGSSISFCGVNSGTANWSWPDGAELPFTI
AEX35197.1 ,A/HoChiMinh/HCM639/2006,2006-06-13,MKVKLLVLLCTFTATYADTICIGYHANNSTDTVDTVLEKNVTVTHSVNLLEDSHNGKLCLLKGIAPLQLGNCSVAGWILGNPECELLISRESWSYIVEKPNPENGTCYPGHFADYEELREQLSSVSSFERFEIFPKESSWPNHTTTGVSASCSHNGESSFYKNLLWLTGKNGLYPNLSKSYANNKEKEVLVLWGVHHPPNIGNQRALYHTENAYVSVVSSHYSRKFTPEIAKRPKVRDQEGRINYYWTLLEPGDTIIFEANGNLIAPRYAFALSRGFGSGIINSNAPMDECDAKCQTPQGAINSSLPFQNVHPVTIGECPKYVRSAKLRMVTGLRNIPSIQSRGLFGAIAGFIEGGWTGMVDGWYGYHHQNEQGSGYAADQKSTQNAINGITNKVNSVIEKMNTQFTAVGKEFNKLERRMENLNKKVDDGFIDIWTYNAELLVLLENERTLDFHDSNVKNLYEKVKSQLKNNAKEIGNGCFEFYHKCNDECMESVKNGTYDYPKYSEESKLNREKIDGVKLESMGVYQILAIYSTVASSLVLLVSLGAISFWMCSNGSLQCRICI,AEX35200.1 ,MNPNQKIITIGSISIAIGIISLILQIGNIISIWASHSIQTGSQNHTGICNQRIITYENSTWVNNTYVNINNTNVVVEKDKTSVTLAGNSSLCSISGWAIYTKDNSIRIGSKGDVFVIREPFISCSHLECRTFFLTQGALLNDKHSNGTVKDRSPYRALMSCPLGEAPSPYNSRFESVAWSASACHDGMGWLTIGISGPDNGAVAVLKYNGIITETIKSWKKRILRTQESECVCMNGSCFTIMTDGPSNGTASYKIFKIEKGKVTKTIELNAPNFHYEECSCYPDTGTVMCVCRDNWHGSNRPWVSFNQNLDYQIGYICSGVFGDNPRPKDGEGSCNPVTVDGADGVKGFSYKYGNGVWIGRTKSNRLRKGFEMIWDPNGWTNTDSDFSVKQDVVAITDWSGYSGSFVQHPELTGLDCIRPCFWVELVRGLPRENTTIWTSGSSISFCGVNSGTANWSWPDGAELPFTI
AEX34672.1 ,A/HaNoi/Q421/2006,2006-06-19,MKVKLLVLLCTFTATYADTICIGYHANNSTDTVDTVLDKNVTVTHSVNLLEDSHNGKLCLLKGIAPLQLGNCSVAGWILGNPECELLISRESWSYIVEKPNPENGTCYPGHFADYEELREQLSSVSSFERFEIFPKESSWPNHTTTGVSASCSHDGESSFYKNLLWLTGKNGLYPNLSKSYANNKEKEVLVLWGVHHPPNIGVQRALYHTENAYVSVVSSHYSRKFTPEIAKRPKVRDQEGRINYYWTLLEPGDTIIFEANGNLIAPRYAFALSRGFGSGIINSNAPMDECDAKCQTPQGAINSSLPFQNVHPVTIGECPKYVRSAKLRMVTGLRNIPSIQSRGLFGAIAGFIEGGWTGMVDGWYGYHHQNEQGSGYAADQKSTQNAINGITNKVNSVIEKMNTQFTAVGKEFNKLERRMENLNKKVDDGFIDIWTYNAELLVLLENERTLDFHDSNVKNLYEKVKSQLKNNAKEIGNGCFEFYHKCNDECMESVKNGTYDYPKYSEESKLNREKIDGVKLESMGVYQILAIYSTVASSLVLLVSLGAISFWMCSNGSLQCRICI,AEX34675.1 ,MNPNQKIITIGSISIAIGIISLILQIGNIISIWASHSIQTGSQNHTGICNQRIITYENSTWVNNTYVNINNTNVVVEKDKTSVTLAGNSSLCSISGWAIYTKDNSIRIGSKGDVFVIREPFISCSHLECRTFFLTQGALLNDKHSNGTVKDRSPYRALMSCPLGEAPSPYNSRFESVAWSASACHDGMGWLTIGISGPDNGAVAVLKYNGIITETIKSWKKRILRTQESECVCMNGSCFTIMTDGPSNGAASYKIFKIEKGKVTKTIELNAPNFHYEECSCYPDTGTVMCVCRDNWHGSNRPWVSFNQNLDYQIGYICSGVFGDNPRPKDGEGSCNPVTVDGADGVKGFSYKYGNGVWIGRTKSNRLRKGFEMIWDPNGWTNTDSDFSVKQDVVAITDWSGYSGSFVQHPELTGLDCIRPCFWVELVRGLPRENTTIWTSGSSISFCGVNSGTANWSWPDGAELPFTI
AEX34440.1 ,A/LongAn/HCM665/2006,2006-06-20,MKVKLLVLLCTFTATYADTICIGYHANNSTDTVDTVLEKNVTVTHSVNLLEDSHNGKLCLLKGIAPLQLGNCSVAGWILGNPECELLTSRESWSYIVEKPNPENGTCYPGHFADYEELREQLSSVSSFERFEIFPKESSWPNHTTTGVSASCSHNGESSFYKNLLWLTGKNGLYPNLSKSYANNKEKEVLVLWGVHHPPNIGNQRALYHTENAYVSVVSSHYSRKFTPEIAKRPKVRDQEGRINYYWTLLEPGDTIIFEANGNLIAPRYAFALSRGFGSGIINSNAPMDECDAKCQTPQGAINSSLPFQNVHPVTIGECPKYVRSAKLRMVTGLRNIPSIQSRGLFGAIAGFIEGGWTGMVDGWYGYHHQNEQGSGYAADQKSTQNAINGITNKVNSVIEKMNTQFTAVGKEFNKLERRMENLNKKVDDGFIDIWTYNAELLVLLENERTLDFHDSNVKNLYEKVKSQLKNNAKEIGNGCFEFYHKCNDECMESVKNGTYDYPKYSEESKLNREKIDGVKLESMGVYQILAIYSTVASSLVLLVSLGAISFWMCSNGSLQCRICI,AEX34443.1 ,MNPNQKIITIGSISIAIGIISLILQIGNIISIWASHSIQTGSQNHTGICNQRIITYENSTWVNNTYVNINNTNVVVEKDKTSVTLAGNSSLCSISGWAIYTKDNSIRIGSKGDVFVIREPFISCSHLECRTFFLTQGALLNDKHSNGTVKDRSPYRALMSCPLGEAPSPYNSRFESVAWSASACHDGMGWLTIGISGPDNGAVAVLKYNGIITETIKSWKKRILRTQESECVCMNGSCFTIMTDGPSNGTASYKIFKIEKGKVTKTIELNAPNFHYEECSCYPDTGTVMCVCRDNWHGSNRPWVSFNQNLDYQIGYICSGVFGDNPRPKDGEGSCNPVTVDGADGVKGFSYKYGNGVWIGRTKSNRLRKGFEMIWDPNGWTNTDSDFSVKQDVVAITDWSGYSGSFVQHPELTGLDCIRPCFWVELVRGLPRENTTIWTSGSSISFCGVNSGTANWSWPDGAELPFTI
ADN92773.1 ,A/Taiwan/192/2006,2006-06-30,MKVKLLVLLCTFTATYADTICIGYHANNSTDTVDTVLEKNVTVTHSVNLLEDSHNGKLCLLKGIAPLQLGNCSVAGWILGNPECELLISRESWSYIVEKPNPENGTCYPGHFADYEELREQLSSVSSFERFEIFPKESSWPNHTATGVSASCSHNGKSSFYKNLLWLTGKNGLYPNLSKSYANNKEKEVLVLWGVHHPPNIGGQRALYHTENAYVSVVSSHYSRKFTPEIAKRPKVRDQEGRINYYWTLLEPGDTIIFEANGNLIAPRYAFALSRGFGSGIINSNAPMDECDAKCQTPQGAINSSLPFQNVHPVTIGECPKYVRSAKLRMVTGLRNIPSIQSRGLFGAIAGFIEGGWTGMVDGWYGYHHQNEQGSGYAADQKSTQNAINGITNKVNSVIEKMNTQFTAVGKEFNKLERRMENLNKKVDDGFIDIWTYNAELLVLLENERTLDFHDSNVKNLYEKVKSQLKNNAKEIGNGCFEFYHKCNDECMESVKNGTYDYPKYSEESKLNREKIDGVKLESMGVYQILAIYSTVASSLVLLVSLGAISFWMCSNGSLQCRICI,ADN92798.1 ,MNPNQKIITIGSISIAIGIISLILQIGNIISIWASHSIQTGSQNHTGICNQRIITYENSTWVNNTYVNINNTNVVAEKDKTSVTLAGNSSLCSISGWAIYTKDNSIRIGSKGDVFVIREPFISCSHLECRTFFLTQGALLNDKHSNGTVKDRSPYRALMSCPLGEAPSPYNSRFESVAWSASACHDGMGWLTIGISGPDNGAVAVLKYNGIITETIKSWKKRILRTQESECVCMNGSCFTIMTDGPSNGAASYKIFKIEKGKVTKTIELNAPNFHYEECSCYPDTGTVMCVCRDNWHGSNRPWVSFNQNLDYQIGYICSGVFGDNPRPKDGEGSCNPMTVDGADGVKGFSYKYGNGVWIGRTKSNRLRKGFEMIWDPNGWTNTDSDFSVKQDVVAITDWSGYSGSFVQHPELTGLDCIRPCFWVELVRGLPRENTTIWTSGSSISFCGVNSGTANWSWPDGAELPFTI
ADN92768.1 ,A/Taiwan/6566/2006,2006-07-04,MKVKLLVLLCTFTATYADTICIGYHANNSTDTVDTVLEKNVTVTHSVNLLEDNHNGKLCLLKGIAPLQLGNCSVAGWILGNPECELLISKESWSYIVEKPNPENGTCYPGHFADYEELREQLSSVSSFERFEIFPKESSWPNHTVTGVSASCSHNGKSSFYKNLLWLTGKNGLYPTLSKSYANNKEKEVLVLWGVHHPPNIGDQMTLYHTENAYVSVVSSHYSRKFTPEIAKRPKVRDQEGRINYYWTLLEPGDTIIFEANGNLIAPRYAFALSRGFGSGIINSNAQMDECDAKCQTPQGAINSSLPFQNVHPVTIGECPKYVRSAKLRMVTGLRNIPSIQSRGLFGAIAGFIEGGWTGMVDGWYGYHHQNEQGSGYAADQKSTQNAINGITNKVNSVIEKMNTQFTAVGKEFNKLERRMENLNKKVDDGFIDVWTYNAELLVLLENERTLDFHDSNVKNLYEKVKNQLKNNAKEIGNRCFEFYHKCNDECMESVKNGTYDYPKYSEESKLSREKIDGVKLESMGVYQILAIYSTVASSLVLLVSLGAISFWMCSNGSLQCRICI,ADN92793.1 ,MNPNQKIITIGSISIAIGIISLMLQIGNIISIWASHSIQTGSQNHTGICNQKIITYENSTWVNHTYVNINNTNVVAGKDKTPVTLAGNSSLCSISGWAIYTKDNSIRIGSKGDVFVIREPFISCSHLECKTFFLTQGALLNDKHSNGTVKDRSPYRALMSCPLGEAPSPYNSKFESVAWSASACHDGIGWLTIGISGPDNGAVAVLKYNGIITGTIKSWKKQILRTQESECVCMNGSCFTIMTDGPSNGAASYKIFKIEKGKVTKSMELNAPNFHYEECSCYPDTGTVMCVCRDNWHGSNRPWVSFNQNLDYQIGYICSGVFGDNPRPKDGEGSCNPVTVDGANGVKGFSYKYGNGVWIGRTKSNRIRKGFEMIWDPNGWTNTDSDFSVKQDIVAITDWSGYSGSFVQHPELTGLDCVRPCFWVELVRGLPRENTTIWTSGSSISFCGVNSDIANWSWPDGAELPFTI
AEX33935.1 ,A/TayNguyen/TN158/2006,2006-07-05,MKVKLLVLLCTFTATYADTICIGYHANNSTDTVDTVLEKNVTVTHSVNLLEDSHNGKLCLLKGIAPLQLGNCSVAGWILGNPECELLISRESWSYIVEKPNPENGTCYPGHFADYEELREQLSSVSSFERFEIFPKESSWPNHTTTGVSASCSHNGESSFYKNLLWLTGKNGLYPNLSKSYANNKEKEVLVLWGVHHPPNIGNQRALYHTENAYVSVVSSHYSRKFTPEIAKRPKVRDQEGRINYYWTLLEPGDTIIFEANGNLIAPRYAFALSRGFGSGIINSNAPMDECDAKCQTPQGAINSSLPFQNVHPVTIGECPKYVRSAKLRMVTGLRNIPSIQSRGLFGAIAGFIEGGWTGMVDGWYGYHHQNEQGSGYAADQKSTQNAINGITNKVNSVIEKMNTQFTAVGKEFNKLERRMENLNKKVDDGFIDIWTYNAELLVLLENERTLDFHDSNVKNLYEKVKSQLKNNAKEIGNGCFEFYHKCNDECMESVKNGTYDYPKYSEESKLNREKIDGVKLESMGVYQILAIYSTVASSLVLLVSLGAISFWMCSNGSLQCRICI,AEX33938.1 ,MNPNQKIITIGSISIAIGIISLILQIGNIISIWASHSIQTGSQNHTGICNQRIITYENSTWVNNTYVNINNTNVVVEKDKTSVTLAGNSSLCSISGWAIYTKDNSIRIGSKGDVFVIREPFISCSHLECRTFFLTQGALLNDKHSNGTVKDRSPYRALMSCPLGEAPSPYNSRFESVAWSASACHDGMGWLTIGISGPDNGAVAVLKYNGIITETIKSWKKRILRTQESECVCMNGSCFTIMTDGPSNGAASYKIFKIEKGKVTKTIELNAPNFHYEECSCYPDTGTVMCVCRDNWHGSNRPWVSFNQNLDYQIGYICSGVFGDNPRPKDGEGSCNPVTVDGADGVKGFSYKYGNGVWIGRTKSNRLRKGFEMIWDPNGWTNTDSDFSVKQDVVAITDWSGYSGSFVQHPELTGLDCIRPCFWVELVRGLPRENTTIWTSGSSISFCGVNSGTTNWSWPDGAELPFTI
AEX33946.1 ,A/TayNguyen/TN161/2006,2006-07-10,MKVKLLVLLCTFTATYADTICIGYHANNSTDTVDTVLEKNVTVTHSVNLLEDSHNGKLCLLKGIAPLQLGNCSVAGWILGNPECELLISRESWSYIVEKPNPENGTCYPGHFADYEELREQLSSVSSFERFEIFPKESSWPXHTTTGVSASCSHNGESSFYKNLLWLTGKNGLYPNLSKSYANNKEKEVLVLWGVHHPPNIGDQRALYHTENAYVSVVSSHYSRKFTPEIAKRPKVRDQEGRINYYWALLEPGDTIIFEANGNLIAPRYAFALSRGFGSGIINSNAPMDECDAKCQTPQGAINSSLPFQNVHPVTIGECPKYVRSAKLRMVTGLRNIPSIQSRGLFGAIAGFIEGGWTGMVDGWYGYHHQNEQGSGYAADQKSTQNAINGITNKVNSVIEKMNTQFTAVGKEFNKLERRMENLNKKVDDGFIDIWTYNAELLVLLENERTLDFHDSNVKNLYEKVKSQLKNNAKEIGNGCFEFYHKCNDECMESVKNGTYDYPKYSEESKLNREKIDGVKLESMGVYQILAIYSTVASSLVLLVSLGAISFWMCSNGSLQCRICI,AEX33949.1 ,MNPNQKIITIGSISIAIGIISLILQIGNIISIWASHSIQTGSQNHTGICNQRIITYENSTWVNNTYVNINNTNVVVEKDKTSVTLAGNSSLCSISGWAIYTKDNSIRIGSKGDVFVIREPFISCSHLECRTFFLTQGALLNDKHSNGTVKDRSPYRALMSCPLGEAPSPYNSRFESVAWSASACHDGMGWLTIGISGPDNGAVAVLKYNGIITETVKSWKKRILRTQESECVCMNGSCFTIMTDGPSNGAASYKIFKIEKGKVTKTIELNAPNFHYEECSCYPDTGTVMCVCRDNWHGSNRPWVSFNQNLDYQIGYICSGVFGDNPRPKDGEGSCNPVTVDGADGVKGFSYKYGNGVWIGRTKSNRLRKGFEMIWDPNGWTNTDSDFSVKQDVVAITDWSGYSGSFVQHPELTGLDCIRPCFWVELVRGLPRENTTIWTSGSSISFCGVNSGTANWSWPDGAELPFTI
AFJ78485.1 ,A/Malaysia/35164/2006,2006-07-19,MKVKLLVLLCTFTATYADTICIGYHANNSTDTVDTVLEKNVTVTHSVNLLEDSHNGKLCLLKGIAPLQLGNCSVAGWILGNPECELLISRESWSYIVEKPNPENGTCYPGHFADYEELREQLSSVSSFERFEIFPKESSWPNHTTTGVSASCSHNGESSFYKNLLWLTGKNGLYPNLSKSYANNKEKEVLVLWGVHHPPNIGDQRALYHTENAYVSVVSSHYSRKFTPEIAKRPKVRDQEGRINYYWTLLEPGDTIIFEANGNLIAPRYAFALSRGFGSGIINSNAPMDECDAKCQTPQGAINSSLPFQNVHPVTIGECPKYVRSAKLRMVTGLRNIPSIQSRGLFGAIAGFIEGGWTGMVDGWYGYHHQNEQGSGYAADQKSTQNAINGITNKVNSVIEKMNTQFTAVGKEFNKLERRMENLNKKVEDGFIDIWTYNAELLVLLENERTLDFHDSNVKNLYEKVKSQLKNNAKEIGNGCFEFYHKCNDECMESVKNGTYDYPKYSEESKLNREKIDGVKLESMGVYQILAIYSTVASSLVLLVSLGAISFWMCSNGSLQCRICI,AFJ78488.1 ,MNPNQKIITIGSISIAIGIISLILQIGNIISIWASHSIQTGSQNHTGICNQRIITYENSTWVNNTYVNINNTNVVAEKDKTSVTLAGNSSLCSISGWAIYTKDNSIRIGSKGDVFVIREPFISCSHLECRTFFLTQGALLNDKHSNGTVKDRSPYRALMSCPLGEAPSPYNSRFESVAWSASACHDGMGWLTIGISGPDNGAVAVLKYNGIITETIKSWKKRILRTQESECVCMNGSCFTIMTDGPSNGAASYKIFKIEKGKVTKTIELNAPNFHYEECSCYPDTGTVMCVCRDNWHGSNRPWVSFNQNLDYQIGYICSGVFGDNPRPKDGEGSCNPVTVDGADGVKGFSYKYGNGVWIGRTKSNRLRKGFEMIWDPNGWTNTDSDFSMKQDVVAITDWSGYSGSFVQHPELTGLDCIRPCFWVELVRGLPRENTTIWTSGSSISFCGVNSGTANWSWPDGAELPFTI
AEX34757.1 ,A/TayNguyen/TN178/2006,2006-07-26,MKVKLLVLLCTFTATYADTICIGYHANNSTDTVDTVLEKNVTVTHSVNLLEDSHNGKLCLLKGIAPLQLGNCSVAGWILGNPECELLISRESWSYIVEKPNPENGTCYPGHFADYEELREQLSSVSSFERFEIFPKESSWPNHTTTGVSASCSHNGGSSFYKNLLWLTRKNGLYPNLSKSYANNKEKEVLVLWGVHHPPNIGDQRALYHTENAYVSVVSSHYSRKFTPEIAKRPKVRDQEGRINYYWTLLEPGDTIIFEANGNLIAPRYAFALSRGFGSGIINSNAPMDECDAKCQTPQGAINSSLPFQNVHPVTIGECPKYVRSAKLRMVTGLRNIPSIQSRGLFGAIAGFIEGGWTGMVDGWYGYHHQNEQGSGYAADQKSTQNAINGITNKVNSVIEKMNTQFTAVGKEFNKLERRMENLNKKVDDGFIDIWTYNAELLVLLENERTLDFHDSNVKNLYEKVKSQLKNNAKEIGNGCFEFYHKCNDECMESVKNGTYDYPKYSEESKLNREKIDGVKLESMGVYQILAIYSTVASSLVLLVSLGAISFWMCSNGSLQCRICI,AEX34760.1 ,MNPNQKIITIGSISIAIGIISLILQIGNIISIWASHSIQTGSQNHTGICNQRIITYENSTWVNNTYVNINNTNVVVEKDKTSVTLAGNSSLCSISGWAIYTKDNSIRIGSKGDVFVIREPFISCSHLECRTFFLTQGALLNDKHSNGTVKDRSPYRALMSCPLGEAPSPYNSRFESVAWSASACHDGMGWLTIGISGPDNGAVAVLKYNGIITETIKSWKKRILRTQESECVCMNGSCFTIMTDGPSNGAASYKIFKIEKGKVTKTIELNAPNFHYEECSCYPDTGTVMCVCRDNWHGSNRPWVSFNQNLDYQIGYICSGVFGDNPRPKDGEGSCNPVTVDGADGVKGFSYKYGNGVWIGRTKSNRLRKGFEMIWDPNGWTNTDSDFSVKQDVVAITDWSGYSGSFVQHPELTGLDCIRPCFWVELVRGLPRENTTIWTSGSSISFCGVNSGTVNWSWPDGAELPFTI
AEX34768.1 ,A/TayNguyen/TN182/2006,2006-07-28,MKVKLLVLLCTFTATYADTICIGYHANNSTDTVDTVLEKNVTVTHSVNLLEDSHNGKLCLLKGIAPLQLGNCSVAGWILGNPECELLISRESWSYIVEKPNPENGTCYPGHFADYEELREQLSSVSSFERFEIFPKDSSWPNHTTTGVSASCSHNGESSFYKNLLWLTGKNGLYPNLSKSYANNKEKEVLVLWGVHHPPNIGDQRALYHTENAYVSVVSSHYSRKFTPEIAKRPKVRDQGGRINYYWTLLEPGDTIIFEANGNLIAPRYAFALSRGFGSGIINSNAPMDECDAKCQTPQGAINSSLPFQNVHPVTIGECPKYVRSAKLRMVTGLRNIPSIQSRGLFGAIAGFIEGGWTGMVDGWYGYHHQNEQGSGYAADQKSTQNAINGITNKVNSVIEKMNTQFTAVGKEFNKLERRMENLNKKVDDGFIDIWTYNAELLVLLENERTLDFHDSNVKNLYEKVKSQLKNNAKEIGNGCFEFYHKCNDECMESVKNGTYDYPKYSEESKLNREKIDGVKLESMGVYQILAIYSTVASSLVLLVSLGAISFWMCSNGSLQCRICI,AEX34771.1 ,MNPNQKIITIGSISIAIGIISLILQIGNIISIWASHSIQTGSQNHTGICNQRIITYENSTWVNNTYVNINNTNVVVEKDKTSVTLAGNSSLCSISGWAIYTKDNSIRIGSKGDVFVIREPFISCSHLECRTFFLTQGALLNDKHSNGTVKDRSPYRALMSCPLGEAPSPYNSRFESVAWSASACHDGMGWLTIGISGPDNGAVAVLKYNGIITETIKSWKKRILRTQESECVCMNGSCFTIMTDGPSNGAASYKIFKIEKGKVTKTIELNAPNFHYEECSCYPDTGTVMCVCRDNWHGSNRPWVSFNQNLDYQIGYICSGVFGDNPRPKDGEGSCNPVTVDGADGVKGFSYKYGNGVWIGRTKSNRLRKGFEMIWDPNGWTNTDSDFSVKQDVVAITDWSGYSGSFVQHPELTGLDCIRPCFWVELVRGLPRENTTIWTSGSSISFCGVNSGTANWSWPDGAELPFTI
AEX34683.1 ,A/HaNoi/Q555/2006,2006-08-02,MKVKLLVLLCTFTATYADTICIGYHANNSTDTVDTVLEKNVTVTHSVNLLEDSHNGKLCLLKGIAPLQLGNCSVAGWILGNPECELLISRESWSYIVEKPNPENGTCYPGHFADYEELREQLSSVSSFERFEIFPKESSWPYHTTTGVSASCSHNGESSFYKNLLWLTGKNGLYPNLSKSYANNKEKEVLVLWGVHHPPNIGDQRALYHTENAYVSVVSSHYSRKFTPEIAKRPKVRDQEGRINYYWTLLEPGDTIIFEANGNLIAPRYAFALSRGFGSGIINSNAPMDECDAKCQTPQGAINSSLPFQNVHPVTIGECPKYVRSAKLRMVTGLRNIPSIQSRGLFGAIAGFIEGGWTGMVDGWYGYHHQNEQGFGYAADQKSTQNAINGITNKVNSVIEKMNTQFTAVGKEFNKLERRMENLNKKVDDGFIDIWTYNAELLVLLENERTLDFHDSNVKNLYEKVKSQLKNNAKEIGNGCFEFYHKCNDECMESVKNGTYDYPKYSEESKLNREKIDGVKLESMGVYQILAIYSTVASSLVLLVSLGAISFWMCSNGSLQCRICI,AEX34686.1 ,MNPNQKIITIGSISIAIGIISLILQIGNIISIWASHSIQTGSQNHTGICNQRIITYENSTWVNNTYVNINNTNVVVEKDKTSVTLAGNSSLCSISGWAIYTKDNSIRIGSKGDVFVIREPFISCSHLECRTFFLTQGALLNDKHSNGTVKDRSPYRALMSCPLGEAPSPYNSRFESVAWSASACHDGMGWLTIGISGPDNGAVAVLKYNGIITETIKSWKKRILRTQESECVCMNGSCFTIMTDGPSNGTASYKIFKIEKGKVTKTIELNAPNFHYEECSCYPDTGTVMCVCRDNWHGSNRPWVSFNQNLDYQIGYICSGVFGDNPRPKDGEGSCNPVTVDGADGVKGFSYKYGNGVWIGRTKSNRLRKGFEMIWDPNGWTNTDSDFSVKQDVVAITDWSGYSGSFVQHPELTGLDCIRPCFWVELVRGLPRENTTIWTSGSSISFCGVNSGTANWSWPDGAELPFTI
AEX33913.1 ,A/HaNoi/Q580/2006,2006-08-09,MKVKLLVLLCTFTATYADTICIGYHANNSTDTVDTVLEKNVTVTHSVNLLEDSHNGKLCLLKGIAPLQLGNCSVAGWILGNPECELLISRESWSYIVEKPNPENGTCYPGHFADYEELREQLSSVSSFERFEIFPKENSWPNHTTTGVSASCSHNGESSFYKNLLWLTGKNGLYPNLSKSYANNKKKEVLVLWGVHHPPNIGNQRALYHTENAYVSVVSSHYSRKFTPEIAKRPKVRDQEGRINYYWTLLEPGDTIIFEANGNLIAPRYAFALSRGFGSGIINSNAPMDECDAKCQTPQGAINSSLPFQNVHPVTIGECPKYVRSAKLRMVTGLRNIPSIQSRGLFGAIAGFIEGGWTGMVDGWYGYHHQNEQGSGYAADQKSTQNAINGITNKVNSVIEKMNTQFTAVGKEFNKLERRMENLNKKVDDGFIDIWTYNAELLVLLENERTLDFHDSNVKNLYEKVKSQLKNNAKEIGNGCFEFYHKCNDECMESVKNGTYDYPKYSEESKLNREKIDGVKFESMGVYQILAIYSTVASSLVLLVSLGAISFWMCSNGSLQCRICI,AEX33916.1 ,MNPNQKIITIGSISIAIGIISLILQIGNIISIWASHSIQTGSQNHTGICNQRIITYENSTWVNNTYVNINNTNVVAEKDKTSVTLAGNSSLCSISGWAIYTKDNSIRIGSKGDVFVIREPFISCSHLECRTFFLTQGALLNDKHSNGTVKDRSPYRALMSCPLGEAPSPYNSRFESVAWSASACHDGMGWLTIGISGPDNGAVAVLKYNGIITETIKSWKKRILRTQESECVCMNGSCFTIMTDGPSNGAASYKIFKIEKGKVTKTIELNAPNFHYEECSCYPDTGTVMCVCRDNWHGSNRPWVSFNQNLDYQTGYICSGVFGDNPRPKDGEGSCNPMTVDGADGVKGFSYKYGNGVWIGRTKSNRLRKGFEMIWDPNGWTNTDSDFSVKQDVVAITDWSGYSGSFVQHPELTGLDCIRPCFWVELVRGLPRENTTIWTSGSSISFCGVNSGTANWSWPDGAELPFTI
AEX33924.1 ,A/HaNoi/Q591/2006,2006-08-14,MKVKLLVLLCTFTATYADTICIGYHANNSTDTVDTVLEKNVTVTHSVNLLEDSHNGKLCLLKGIAPLQLGNCSVAGWILGNPECESLISRESWSYIVEKPSPENGTCYPGHFADYEELREQLSSVSSFERFEIFPKESSWPNHTATGVSASCSHNGKSSFYKNLLWLTGKNGLYPNLSKSYANNKEKEVLVLWGVHHPPNIGDQRALYHTENAYVSVVSSHYSRKFTPEIAKRPKVRDQKGRINYYWTLLEPGDTIIFEANGNLIAPRYAFALSRGFGSGIINSNAPMDECDAKCQTPQGAINSSLPFQNVHPVTIGECPKYVRSAKLRMVTGLRNIPSIQSRGLFGAIAGFIEGGWTGMVDGWYGYHHQNEQGSGYAADQKSTQNAINGITNKVNSVIEKMNTQFTAVGKEFNKLERRMENLNKKVDDGFIDIWTYNAELLVLLENERTLDFHDSNVKNLYEKVKSQLKNNAKEIGNGCFEFYHKCNDECMESVKNGTYDYPKYSEESKLNREKIDGVKLESMGVYQILAIYSTVASSLVLLVSLGAISFWMCSNGSLQCRICI,AEX33927.1 ,MNPNQKIITIGSISIAIGIISLILQIGNIISIWASHSIQTESQNHTGICNQRIITYENSTWVNNTYVNINNTNVVAEKDKTSVTLAGNSSLCSISGWAIYTKDNSIRIGSKGDVFVIREPFISCSHLECRTFFLTQGALLNDKHSNGTVKDRSPYRALMSCPLGEAPSPYNSRFESVAWSASACHDGMGWLTIGISGPDNGAVAVLKYNGIITETIKSWKKRILRTQESECVCMNGSCFTIMTDGPSNGAASYKIFKIEKGKVTKTMELNAPNFHYEECSCYPDTGTVMCVCRDNWHGSNRPWVSFNQNLDYQIGYICSGVFGDNPRPKDGEGSCNPVTVDGADGVKGFSYKYGNGVWMGRTKSNRLRKGFEMIWDPNGWTNTDSDFSVKQDVVAITDWSGYSGSFVQHPELTGLDCIRPCFWVELVRGLPRENTTIWTSGSSISFCGVNSGTANWSWPDGAELPFTI
EPI155197,A/Solomon_Islands/03/2006,2006-08-21,MKVKLLVLLCTFTATYADTICIGYHANNSTDTVDTVLEKNVTVTHSVNLLEDSHNGKLCLLKGIAPLQLGNCSVAGWILGNPECELLISRESWSYIVEKPNPENGTCYPGHFADYEELREQLSSVSSFERFEIFPKESSWPNHTTTGVSASCSHNGESSFYKNLLWLTGKNGLYPNLSKSYANNKEKEVLVLWGVHHPPNIGDQRALYHTENAYVSVVSSHYSRKFTPEIAKRPKVRDREGRINYYWTLLEPGDTIIFEANGNLIAPRYAFALSRGFGSGIINSNAPMDECDAKCQTPQGAINSSLPFQNVHPVTIGECPKYVRSAKLRMVTGLRNIPSIQSRGLFGAIAGFIEGGWTGMVDGWYGYHHQNEQGSGYAADQKSTQNAINGITNKVNSVIEKMNTQFTAVGKEFNKLERRMENLNKKVDDGFIDIWTYNAELLVLLENERTLDFHDSNVKNLYEKVKSQLKNNAKEIGNGCFEFYHKCNDECMESVKNGTYDYPKYSEESKLNREKIDGVKLESMGVYQILAIYSTVASSLVLLVSLGAISFWMCSNGSLQCRICI,EPI155196,MNPNQKIITIGSISIAIGIISLILQIGNIISIWASHSIQTGSQNHTGICNQRIITYENSTWVNNTYVNINNTNVVAEKDKTSVTLAGNSSLCSISGWAIYTKDNSIRIGSKGDVFVIREPFISCSHLECRTFFLTQGALLNDKHSNGTVKDRSPYRALMSCPLGEAPSPYNSRFESVAWSASACHDGMGWLTIGISGPDNGAVAVLKYNGIITETIKSWKKRILRTQESECVCMNGSCFTIMTDGPSNGAASYKIFKIEKGKVTKTIELNAPNFHYEECSCYPDTGTVMCVCRDNWHGSNRPWVSFNQNLDYQIGYICSGVFGDNPRPKDGEGSCNPVTVDGADGVKGFSYKYGNGVWIGRTKSNRLRKGFEMIWDPNGWTNTDSDFSVKQDVVAITDWSGYSGSFVQHPELTGLDCIRPCFWVELVRGLPRENTTIWTSGSSISFCGVNSGTANWSWPDGAELPFTI
EPI155465,A/Hubeiwujiagang/1143/2006,2006-08-24,MKVKLLVLLCTFTATYADTICIGYHANNSTDTVDTVLEKNVTVTHSVNLLEDNHNGKLCLLKGIAPLQLGNCSVAGWILGNPECELLISKESWSYIVEKPNPENGTCYPGHFADYEELREQLSSVSSFERFEIFPKESSWPNHTVTGVSASCSHNGERSFYKNLLWLTGKNGLYPNLSKSYANNKEKEVLVLWGVHHPPNIGVQMTLYHTENAYVSVVSSHYSRKFTPEIAKRPKVRDQEGRINYYWTLLEPGDTIIFEANGNLIAPRYAFALSRGFGSGIINSNAPMDECDAKCQTPQGAINSSLPFQNVHPVTIGECPKYVRSAKLRMVTGLRNIPSIQSRGLFGAIAGFIEGGWTGMVDGWYGYHHQNEQGSGYAADQKSTQNAINGITNKVNSVIEKMNIQFTAVGKEFNKLERRMENLNKKVDDGFIDVWTYNAELLVLXENERTLDFHDSNVKNLYEKVKNQLKNNAKEIGNGCFEFYHKCNDECMESVKNGTYDYPKYSEESKLSREKIDGVKLESMGVYQILAIYSTVASSLVLLVSLGAISFWMCSNGSLQCRICI,EPI155464,MNPNQKIITIGSISIAIGIISLMLQIGNIISIWASHSIQTGSQNHTGICNQRIITYENSTWVNHTYVNINNTNVVAGKDKTPVTLAGNSSLCSISGWAIYTKDNSIRIGSKGDVFVIREPFISCSHLECKTFFLTQGALLNDKHSNGTVKDRSPYRALMSCPLGEAPSPYNSKFESVAWSASACHDGIGWLTIGISGPDNGSVAVLKYNGIITGTIKSWKKQILRTQESECVCMNGSCFTIMTDGPSNGAASYKIFKIEKGKVTKSMELNAPNFHYEECSCYPDTGTVMCVCRDNWHGSNRPWVSFNQDLDYQIGYICSGVFGDNPRPKDGEGSCNPVTVDGANGVKGFSYKYGNGVWIGRTKSNRIRKGFEMIWDPNGWTNTDSDFSVKQDIVAITDWSGYSGSFVQHPELTGLDCIRPCFWVELVRGLPRENTTIWTSGSSISFCGVNSDIANWSWPDGAELPFTI
AJK02049.1 ,A/India/3245/2006,2006-09-07,MKVKLLVLLCTFTATYADTICIGYHANNSTDTVDTVLEKNVTVTHSVNLLEDSHNGKLCLLKGIAPLQLGNCSVAGWILGNPECELLISKESWSYIVETPNPENGTCYPGYFADYEELREQLSSVSSFERFEIFPKESSWPNHTVTGVSASCSHNGKSSFYRNLLWLTGKNGLYPNLSKSYANNKEKEVLVLWGVHHPPNIGDQRALYHTENAYVSVVSSHYSRRFTPEIAKRPKVRDQEGRINYYWTLLEPGDTIIFEANGNLIAPRFAFALSRGFGSGIITSNAPMDECDAKCQTPQGAINSSLPFQNVHPVTIGECPKYVRSAKLRMVTGLRNIPSIQSRGLFGAIAGFIEGGWTGMVDGWYGYHHQNEQGSGYAADQKSTQNAINGITNKVNSVIEKMNTQFTAVGKEFNKLERRMENLNKKVDDGFLDIWTYNAELLVLLENERTLDFHDSNVKNLYEKVKSQLKNNAKEIGNGCFEFYHKCNDECMESVKNGTYDYPKYSEESKLNREKIDGVKLESMGVYQILAIYSTVASSLVLLVSLGAISFWMCSNGSLQCRICI,EPI155694,MNPNQKIITIGSISIAIGIISLMLQIGNIISIWASHSIQTGSQNHTGICNQRIITYENSTWVNHTYVNINNTNVVAGKDKTSVTLAGNSSLCSISGWAIYTKDNSIRIGSKGDVFVIREPFISCSHLECRTFFLTQGALLNDKHSNGTVKDRSPYRALMSCPLGEAPSPYNSKFESVAWSASACHDGMGWLTIGISGPDNGAVAVLKYNGIITETIKSWKKRILRTQESECVCVNGSCFTIMTDGPSNGAASYKIFKIEKGKVTKSIELNAPNFHYEECSCYPDTGTVMCVCRDNWHGSNRPWVSFNQNLDYQIGYICSGVFGDNPRPKDGKGSCNPVTVDGADGVKGFSYKYGNGVWIGRTKSNRLRKGFEMIWDPNGWTDTDSDFSVKQDVVAITDWSGYSGSFVQHPELTGLDCIRPCFWVELVRGLPRENTTIWTSGSSISFCGVDGDTANWSWPDGAELPFTI
AJK03320.1 ,A/Ecuador/10491/2006,2006-09-15,MKVKLLVLLCTFTATYADTICIGYHANNSTDTVDTVLEKNVTVTHSVNLLEDRHNGKLCLLKGIAPLQLGNCSVAGWILGNPECELLISKESWSYIVETPNPENGTCYPGYFADYEELREQLSSVSSFERFEIFPKESSWPNHTVTGVSASCSHNGKSSFYRNLLWLTGKNGLYPNLSKSYANNKEKEVLVLWGVHHPPNIRDQRALYHTENAYVSVVSSHYSRRFTPEIAKRPKVRDQEGRINYYWTLLEPGDTIIFEANGNLIAPRFAFALSRGFGSGIITSNAPMDECDAKCQTPQGAINSSLPFQNVHPVTIGECPKYVRSTKLKMVTGLRNIPSIQSRGLFGAIAGFIEGGWTGMVDGWYGYHHQNEQGSGYAADQKSTQNAINGITNKVNSVIEKMNTQFTAVGKEFNKLERRMENLNKKVDDGFLDIWTYNAELLVLLENERTLDFHDSNVKNLYEKVKGQLKNNAKEIGNGCFEFYHKCNDECMESVKNGTYDYPKYSEESKLNREKIDGVKLESMGVYQILAIYSTVASSLVLLVSLGAISFWMCSNGSLQCRICI,EPI155645,MNPNQKIITIGSISIAIGIISLMLQIGNIISIWASHSIQTGSQNHTGICNQRIITYENSTWVNHTYVNINNTNVVAGKDKTSVTLAGNSSLCSISGWAIYTKDNSIRIGSKGDVFVIREPFISCSHLECRTFFLTQGALLNDKHSNGTVKDRSPYRALMSCPLGEAPSPYNSKFESVAWSASACHDGMGWLTIGISGPDNGAVAVLKYNGIITETIKSWKKRILRTQESECVCVNGSCFTIMTDGPSNGAASYKIFKIEKGKVAKSIELNAPNFHYEECSCYPDTGTVMCVCRDNWHGSNRPWVSFNQNLDYQIGYICSGVFGDNPRPKDGKGSCNPVTVDGADGVKGFSYKYGNGVWIGRTKSNRLRKGFEMIWDPNGWTDTDSDFSVKQDVVAITDWSGYSGSFVQHPELTGLDCIRPCFWVELVRGLPRENTTIWTSGSSISFCGVDSDTANWSWPDGAELPFTI
