season,name,ha_acc,ha_seq,na_acc,na_seq
03,A/Canterbury/57/2002,ABC67653.1 ,MKTIIALSYILCLVFAQKLPGNDNSTATLCLGHHAVPNGTLVKTITNDQIEVTNATELVQSSSTGRICDSPHQILDGENCTLIDALLGDPHCDGFQNKEWDLFVERSKAYSNCYPYDVPDYVSLRSLVASSGTLEFNNESFNWTGVAQNGTSSACKRRSDKSFFSRLNWLHQLKYKYPALNVTMPNNEKFDKLYIWGVHHPGTDSDQISLYAQASGRVTVSTKRSQQTVIPNIGSRPWVRGVSSRISIYWTIVKPGDILLINSTGNLIAPRGYFKIRSGKSSIMRSDAPIGKCNSECITPNGSIPNDKPFQNVNRITYGACPRYVKQNTLKLATGMRNVPEKQTRGIFGAIAGFIENGWEGMMDGWYGFRHQNSEGTGQAADLKSTQAAINQINGKLNRLIEKTNEKFHQIEKEFSEVEGRIQDLEKYVEDTKIDLWSYNAELLVALENQHTIDLTDSEMNKLFERTKKQLRENAEDMGNGCFKIYHKCDNACIGSIRNGTYDHDVYRDEALNNRFQIKGVELKSGYKDWVLWISFAISCFLLCVVLLGFIMWACQKGNIRCNIC,ABC67656.1 ,MNPNQKIITIGSVSLTIATICFLMQIAILVTTVTLHFKQYECNSPPNNQVMLCEPTIIERNITEIVYLTNTTIEKEICPKLAEYRNWSKPQCNITGFAPFSKDNSIRLSAGGDIWVTREPYVSCDPDKCYQFALGQGTTLNNGHSNDTVHDRTPYRTLLMNELGVPFHLGTRQVCIAWSSSSCHDGKAWLHVCVTGDDENATASFIYNGRLVDSIGSWSKKILRTQESECVCINGTCTVVMTDGSASGKADTKILFIEEGKIVHISTLSGSAQHVEECSCYPRYPGVRCVCRDNWKGSNRPIVDINVKDYSIVSSYVCSGLVGDTPRKNDSFSSSHCLDPNNEEGGHGVKGWAFDDGNDVWMGRTISEKLRSGYETFKVIEGWSKPNSKLQTNRQVIVERGNRSGYSGIFSVEGKSCINRCFYVELIRGRKEETEVWWTSNSIVVFCGTSGTYGTGSWPDGADINLMP
04,A/Queensland/40/2003,ABL67363.1 ,MKTIIALSYILCLVFAQKLPGNDNSTATLCLGHHAVPNGTIVKTITNDQIEVTNATELVQSSSTGGICDSPHQILDGENCTLIDALLGDPQCDGFQNKKWDLFVERSKAYSNCYPYDVPDYASLRSLVASSGTLEFNNESFDWTGVTQNGTSSACKRRSNKSFFSRLNWLTHLKYKYPALNVTMPNNEKFDKLYIWGVHHPGTDSDQISLYAQASGRITVSTKRSQQTVIPNIGSRPRVRDVSSRISIYWTIVKPGDILLINSTGNLIAPRGYFKIRSGKSSIMRSDAPIGKCNSECITPNGSIPNDKPFQNVNRITYGACPRYVKQNTLKLATGMRNVPEKQTRGIFGAIAGFIENGWEGMVDGWYGFRHQNSEGTGQAADLKSTQAAINQINGKLNRLIGKTNEKFHQIEKEFSEVEGRIQDLEKYVEDTKIDLWSYNAELLVALENQHTIDLTDSEMNKLFERTKKQLRENAEDMGNGCFKIYHKCDNACIGSIRNGTYDHDVYRDEALNNRFQIKGVELKSGYKDWILWISFAISCFLLCVALLGFIMWACQKGNIRCNIC,ABL67366.1 ,MNPNQKIITIGSVSLTIATICFLMQIAILVTTVTLHFKQHECNSPPNNQVMLCEPTIIERNITEIVYLTNTTIEKEICPKLAEYRNWSKPQCNITGFAPFSKDNSIRLSAGGDIWVTREPYVSCDPDKCYQFALGQGTTLNNGHSNDTVHDRTPYRTLLMNELGVPFHLGTRQVCIAWSSSSCHDGKAWLHVCVTGDDKNATASFIYNGRLVDSIGSWSKKILRTQESECVCINGTCTVVMTDGSASGKADTRILFIEEGKIVHISTLSGSAQHVEECSCYPRYPGVRCVCRDNWKGSNRPIVDINVKDYSIVSSYVCSGLVGDTPRKNDSFSSSHCLDPNNEEGGHGVKGWAFDDGNDVWMGRTISEKLRSGYETFKVIEGWSKPNSKLQINRQVIVERGNRSGYSGIFSVEGKSCINRCFYVELIRGRKEETEVWWTSNSIVVFCGTSGTYGTGSWPDGADINLMP
05,A/Canterbury/11/2004,ABC43160.1 ,MKTIIALSYILCLVFAQKLPGNDNSTATLCLGHHAVPNGTIVKTITNDQIEVTNATELVQSSSTGGICDSPHQILDGENCTLIDALLGDPQCDGFQNKKWDLFVERSKAYSNCYPYDVPDYASLRSLVASSGTLEFNNESFNWTGVTQNGTSSACKRRSNNSFFSRLNWLTHLKFKYPALNVTMPNNEKFDKLYIWGVHHPGTDNDQISLYAQASGRITVSTKRSQQTVIPNIGSRPRVRDIPSRISIYWTIVKPGDILLINSTGNLIAPRGYFKIRSGKSSIMRSDAPIGKCNSECITPNGSIPNDKPFQNVNRITYGACPRYVKQNTLKLATGMRNVPEKQTRGIFGAIAGFIENGWEGMVDGWYGFRHQNSEGIGQAADLKSTQAAINQINGKLNRLIGKTNEKFHQIEKEFSEVEGRIQDLEKYVEDTKIDLWSYNAELLVALENQHTIDLTDSEMNKLFERTKKQLRENAEDMGNGCFKIYHKCDNACIGSIRNGTYDHDVYRDEALNNRFQIKGVELKSGYKDWILWISFAISCFLLCVALLGFIMWACQKGNIRCNIC,ABC43163.1 ,MNPNQKIITIGSVSLTISTICFFMQIAILITTVTLHFKQYEFNSPPNNQVMLCEPTIIERNITEIVYLTNTTIEKEICPKLAEYRNWSKPQCDITGFAPFSKDNSIRLSAGGDIWVTREPYVSCDPDKCYQFALGQGTTLNNVHSNDTVHDRTPYRTLLMNELGVPFHLGTKQVCIAWSSSSCHDGKAWLHVCVTGDDKNATASFIYNGRLVDSIVSWSKEILRTQESECVCINGTCTVVMTDGSASGKADTKILFIEEGKIVHTSTLSGSAQHVEECSCYPRYPGVRCVCRDNWKGSNRPIVDINIKDYSIVSSYVCSGLVGDTPRKNDSSSSSHCLDPNNEEGGHGVKGWAFDDGNDVWMGRTISEKLRSGYETFKVIEGWSNPNSKLQINRQVIVDRGNRSGYSGIFSVEGKSCINRCFYVELIRGRKEETEVLWTSNSIVVFCGTSGTYGTGSWPDGADINLMP
06,A/Canterbury/11/2004,ABC43160.1 ,MKTIIALSYILCLVFAQKLPGNDNSTATLCLGHHAVPNGTIVKTITNDQIEVTNATELVQSSSTGGICDSPHQILDGENCTLIDALLGDPQCDGFQNKKWDLFVERSKAYSNCYPYDVPDYASLRSLVASSGTLEFNNESFNWTGVTQNGTSSACKRRSNNSFFSRLNWLTHLKFKYPALNVTMPNNEKFDKLYIWGVHHPGTDNDQISLYAQASGRITVSTKRSQQTVIPNIGSRPRVRDIPSRISIYWTIVKPGDILLINSTGNLIAPRGYFKIRSGKSSIMRSDAPIGKCNSECITPNGSIPNDKPFQNVNRITYGACPRYVKQNTLKLATGMRNVPEKQTRGIFGAIAGFIENGWEGMVDGWYGFRHQNSEGIGQAADLKSTQAAINQINGKLNRLIGKTNEKFHQIEKEFSEVEGRIQDLEKYVEDTKIDLWSYNAELLVALENQHTIDLTDSEMNKLFERTKKQLRENAEDMGNGCFKIYHKCDNACIGSIRNGTYDHDVYRDEALNNRFQIKGVELKSGYKDWILWISFAISCFLLCVALLGFIMWACQKGNIRCNIC,ABC43163.1 ,MNPNQKIITIGSVSLTISTICFFMQIAILITTVTLHFKQYEFNSPPNNQVMLCEPTIIERNITEIVYLTNTTIEKEICPKLAEYRNWSKPQCDITGFAPFSKDNSIRLSAGGDIWVTREPYVSCDPDKCYQFALGQGTTLNNVHSNDTVHDRTPYRTLLMNELGVPFHLGTKQVCIAWSSSSCHDGKAWLHVCVTGDDKNATASFIYNGRLVDSIVSWSKEILRTQESECVCINGTCTVVMTDGSASGKADTKILFIEEGKIVHTSTLSGSAQHVEECSCYPRYPGVRCVCRDNWKGSNRPIVDINIKDYSIVSSYVCSGLVGDTPRKNDSSSSSHCLDPNNEEGGHGVKGWAFDDGNDVWMGRTISEKLRSGYETFKVIEGWSNPNSKLQINRQVIVDRGNRSGYSGIFSVEGKSCINRCFYVELIRGRKEETEVLWTSNSIVVFCGTSGTYGTGSWPDGADINLMP
07,A/Mexico/DIF2601/2005,AIC64961.1 ,MKTIIALSYILCLVFAQKLPGNDNSTATLCLGHHAVPNGTIVKTITNDQIEVTNATELVQSSSTGEICDSPHQILDGENCTLIDALLGDPQCDGFQNKKWDLFVERSKAYSNCYPYDVPDYASLRSLVASSGTLEFNNESFNWTGVTQNGTSSACKRRSNNSFFSRLNWLTHLKFKYPALNVTMPNNEKFDKLYIWGVHHPGTDNDQIFLYAQASGRITVSTKRSQQTVIPNIGSRPRVRNIPSRISIYWTIVKPGDILLINSTGNLIAPRGYFKIRSGKSSIMRSDAPIGKCNSECITPNGSIPNDKPFQNVNRITYGACPRYVKQNTLKLATGMRNIPEKQTRGIFGAIAGFIENGWEGMVDGWYGFRHQNSEGIGQAADLKSTQAAINQINGKLNRLIGKTNEKFHQIEKEFSEVEGRIQDLEKYVEDTKIDLWSYNAELLVALENQHTIDLTDSEMNKLFERTKKQLRENAEDMGNGCFKIYHKCDNACIGSIRNGTYDHDVYRDEALNNRFQIKGVELKSGYKDWILWISFAISCFLLCVALLGFIMWACQKGNIRCNIC,AIC64963.1 ,MNPNQKIITIGSVSLTISTICFFMQIAILITTVTLHFKQYEFNSPPNNQVMLCEPTIIERNITEIVYLTNTTIEKEICPKLAEYRNWSKPQCNITGFAPFSKDNSIRLSAGGDIWVTREPYVSCDPDKCYQFALGQGTTLNNVHSNDTVHDRTPYRTLLMNELGVPFHLGTKQVCIAWSSSSCHDGKAWLHVCVTGDDKNATASFIYNGRLVDSIVSWSKEILRTQESECVCINGTCTVVMTDGSASGKADTKILFIEEGKIVHTSTLSGSAQHVEECSCYPRYSGVRCVCRDNWKGSNRPIVDINIKDYSIVSSYVCSGLVGDTPRKNDSSSSSHCLDPNNEEGGHGVKGWAFDDGNDVWMGRTISEKLRSGYETFKVIEGWSNPNSKLQTNRQVIVDRGNRSGYSGIFSVEGKSCINRCFYVELIRGRKEETEVLWTSNSIVVFCGTSGTYGTGSWPDGADINLMP
08,A/Washington/UR06-0225/2007,ABW39938.1 ,MKTIIALSYILCLVFAQKIPGNDNSTATLCLGHHAVPNGTIVKTITNDQIEVTNATELVQSSSTGEICDSPHQILDGENCTLIDALLGDPQCDGFQNKKWDLFVERSKAYSNCYPYDVPDYASLRSLVASSGTLEFNNESFNWTGVTQNGTSSACIRRSNNSFFSRLNWLTHLKFKYPALNVTMPNNEKFDKLYIWGVHHPGTDNDQIFLYAQASGRITVSTKRSQQTVIPNIGSRPRVRNIPSRISIYWTIVKPGDILLINSTGNLIAPRGYFKIRSGKSSIMRSDAPIGKCNSECITPNGSIPNDKPFQNVNRITYGACPRYVKQNTLKLATGMRNVPEKQTRGIFGAIAGFIENGWEGMVDGWYGFRHQNSEGIGQAADLKSTQAAIDQINGKLNRLIGKTNEKFHQIEKEFSEVEGRIQDLEKYVEDTKIDLWSYNAELLVALENQHTIDLTDSEMNKLFEKTKKQLRENAEDMGNGCFKIYHKCDNACIGSIRNGTYDHDAYRDEALNNRFQIKGVELKSGYKDWILWISFAISCFLLCVALLGFIMWACQKGNIRCNIC,ABW39941.1 ,MNPNQKIITIGSVSLIISTICFFMQTAILITTVTLHFKQYEFNSPPNNQVMLCEPTIIERNITEIVYLTNTTIEKEICPKLAEYRNWSKPQCDITGFAPFSKDNSIRLSAGGDIWVTREPYVSCDPDKCYQFALGQGTTLNNVHSNDTVRDRTPYRTLLMNELGVPFHLGTKQVCIAWSSSSCHDGKAWLHVCITGDDKNATASFIYNGRLVDSIVSWSKEILRTQESECVCINGTCTVVMTDGSASGKADTKILFIEEGKIVHTSTLSGSAQHVEECSCYPRYPGVRCVCRDNWKGSNRPIVDINIKDHSIVSSYVCSGLVGDTPRKNDSSSSSHCLDPNNEEGGHGVKGWAFDDGNDVWMGRTISEKSRLGYETFKVIEGWSNPKSKLQINRQVIVDRGNRSGYSGIFSVEGKSCINRCFYVELIRGRKEETEVLWTSNSIVVFCGTSGTYGTGSWPDGADINLMP
09,A/Vietnam/214/2008,AJK01654.1 ,MKTIIALSYILCLVFAQKLPGNDNSTATLCLGHHAVPNGTIVKTITNDQIEVTNATELVQSSSTGEICDSPHQILDGENCTLIDALLGDPQCDGFQNKKWDLFVERSKAYSNCYPYDVPDYASLRSLVASSGTLEFNNESFNWTGVTQNGTSSACIRRSNNSFFSRLNWLTHSKFKYPALNVTMPNNEQFDKLYIWGVHHPGTDNDQIFLYAQASGRITVSTKRSQQTVIPNIGSRPRVRNIPSRISIYWTIVKPGDILLINSTGNLIAPRGYFKIRSGKSSIMRSDAPIGKCNSECITPNGSIPNDKPFQNVNRITYGACPRYVKQNTLKLATGMRNVPEKQTRGIFGAIAGFIENGWEGMVDGWYGFRHQNSEGRGQAADLKSTQAAIDQINGKLNRLIGKTNEKFHQIEKEFSEVEGRIQDLEKYVEDTKIDLWSYNAELLVALENQHTIDLTDSEMNKLFEKTKKQLRENAEDMGNGCFKIYHKCDNACIGSIRNGTYDHDVYRDEALNNRFQIKGVELKSGYKDWILWISFAISCFLLCVALLGFIMWACQKGNIRCNIC,EPI172441,MNPNQKIITIGSVSLTISTICFFMQIAILITTVTLHFKQYEFNSPPNNQVMLCEPTIIERNITEIVYLTNTTIEKEICPKLAEYRNWSKPQCDITGFAPFSKDNSIRLSAGGDIWVTREPYVSCDPDKCYQFALGQGTTLNNVHSNDTVRXRTPYRTLLMNELGVPFHLGTKQVCIAWSSSSCHDGKAWLHVCITGDDKNATASFIYNGRLVDSVVSWSKEILRTQESECVCINGTCTVVMTDGSASGKADTKILFIKEGKIVHTSTLSGSAQHVEECSCYPRYPGVRCVCRDNWKGSNRPIVDINIKDHSIVSSYVCSGLVGDTPRKNDSSSSSHCLDPNNEEGGHGVKGWAFDDGNDVWMGRTISEKSRLGYETFKVIEGWSNPKSKLQINRQVIVDRGNRSGYSGIFSVEGKSCINRCFYVELIRGRKEETEVLWTSNSIVVFCGTSGTYGTGSWPDGADINLMP
10,A/California/VRDL255/2009,AEI60034.1 ,MKTIIALSYILCLVFAQKLPGNDNSTATLCLGHHAVPNGTIVKTITNDQIEVTNATELVQSSSTGEICDSPHQILDGKNCTLIDALLGDPQCDGFQNKKWDLFVERSKAYSNCYPYDVPDYASLRSLVASSGTLEFNNESFNWTGVTQNGTSSACIRRSNNSFFSRLNWLTHLKFKYPALNVTMPNNEQFDKLYIWGVHHPGTDKDQIFLYAQASGRITVSTKRSQQTVIPNIGSRPRVRNIPSRISIYWTIVKPGDILLINSTGNLIAPRGYFKIRSGKSSIMRSDAPIGKCNSECITPNGSIPNDKPFQNVNRITYGACPRYVKQNTLKLATGMRNVPEKQTRGIFGAIAGFIENGWEGMVDGWYGFRHQNSEGRGQAADLKSTQAAIDQINGKLNRLIGKTNEKFHQIEKEFSEVEGRIQDLEKYVEDTKIDLWSYNAELLVALENQHTIDLTDSEMNKLFEKTKKQLRENAEDMGNGCFKIYHKCDNACIGSIRNGTYDHDVYRDEALNNRFQIKGVELKSGYKDWILWISFAISCFLLCVALLGFIMWACQKGNIRCNIC,AEI60037.1 ,MNPNQKIITIGSVSLTISTICFFMQIAILITTVTLHFKQYEFNSPPNNQVMLCEPTIIERNITEIVYLTNTTIEKEICPKLAEYRNWSKPQCDITGFAPFSKDNSIRLSAGGDIWVTREPYVSCDPDKCYQFALGQGTTLNNVHSNNTVRDRTPYRTLLMNELGVPFHLGTKQVCIAWSSSSCHDGKAWLHVCITGDDKNATASFIYNGRLVDSVVSWSKEILRTQESECVCINGTCTVVMTDGSASGKADTKILFIEEGKIVHTSTLSGSAQHVEECSCYPRYPGVRCVCRDNWKGSNRPIVDINIKDHSIVSSYVCSGLVGDTPRRNDSSSSSHCLDPNNEEGGHGVKGWAFDDGNDVWMGRTISEKSRLGYETFKVIEGWSNHKSKLQINRQVIVDRGNRSGYSGIFSVEGKSCINRCFYVELIRGRKEETEVLWTSNSIVVFCGTSGTYGTGSWPDGADLNLMP
11,A/Singapore/C2009.784/2009,AIG44716.1 ,MKTIIALSYILCLVFAQKLPGNDNSTATLCLGHHAVPNGTIVKTITNDQIEVTNATELVQSSSTGEICDSPHQILDGENCTLIDALLGDPQCDGFQNKKWDLFVERSKAYSNCYPYDVPDYASLRSLVASSGTLEFNNESFNWTGVTQNGTSSACIRRSNNSFFSRLNWLTHLNFKYPALNVTMPNNEQFDKLYIWGVHHPGTDKDQIFLYAQASGRITVSTKRSQQAVIPNIGSRPRVRNIPSRISIYWTIVKPGDILLINSTGNLIAPRGYFKIRSGKSSIMRSDAPIGKCNSACITPNGSIPNDKPFQNVNRITYGACPRYVKQNTLKLATGMRNVPEKQTRGIFGAIAGFIENGWEGMVDGWYGFRHQNSEGRGQAADLKSTQAAIDQINGKLNRLIGKTNEKFHQIEKEFSEVEGRIQDLEKYVEDTKIDLWSYNAELLVALENQHTIDLTDSEMNKLFEKTKKQLRENAEDMGNGCFKIYHKCDNACIGSIRNGTYDHDVYRDEALNNRFQIKGVELKSGYKDWILWISFAISCFLLCVALLGFIMWACQKGNIRCNIC,AIG45145.1 ,MNPNQKIITIGSVSLTISTICFFMQIAILITTVTLHFKQYEFNSPPNNQVMLCEPTIIERNITEIVYLTNTTIEKEICPKLAEYRNWSKPQCDITGFAPFSKDNSIRLSAGGDIWVTREPYVSCDPDKCYQFALGQGTTLNNVHSNNTVRDRTPYRTLLMNELGVPFHLGTKQVCIAWSSSSCHDGKAWLHVCITGDDKNATASFIYNGRLVDSVVSWSKEILRTQESECVCINGTCTVVMTDGSASGKADTKILFIEEGKIVHTSTLSGSAQHVEECSCYPRYPGVRCVCRDNWKGSNRPIVDINIKDHNIVSSYVCSGLVGDTPRKNDSSSSSHCLDPNNEEGGHGVKGWAFDDGNDVWMGRTINETSRLGYETFKVIEGWSNPKSKLQINRQVIVDRGNRSGYSGIFSVEGKSCINRCFYVELIRGRKEETEVLWTSNSIVVFCGTSGTYGTGSWPDGADLNLMP
12,A/California/VRDL384/2009,ADL28214.1 ,MKTIIALSYILCLVFAQKLPGNDNSTATLCLGHHAVPNGTIVKTITNDQIEVTNATELVQSSSTGEICDSPHQILDGENCTLIDALLGDPQCDGFQNKKWDLFVERSKAYSNCYPYDVPDYASLRSLVASSGTLEFNNESFNWTGVTQNGTSSACIRRSNNSFFSRLNWLTHLNFKYPALNVTMPNNEQFDKLYIWGVHHPGTDKDQIFLYAQASGRITVSTKRSQQAVIPNIGSRPRVRNIPSRISIYWTIVKPGDILLINSTGNLIAPRGYFKIRSGKSSIMRSDAPIGKCNSECITPNGSIPNDKPFQNVNRITYGACPRYVKQNTLKLATGMRNVPEKQTRGIFGAIAGFIENGWEGMVDGWYGFRHQNSEGRGQAADLKSTQAAIDQINGKLNRLIGKTNEKFHQIEKEFSEVEGRIQDLEKYVEDTKIDLWSYNAELLVALENQHTIDLTDSEMNKLFEKTKKQLRENAEDMGNGCFKIYHKCDNACIGSIRNGTYDHDVYRDEALNNRFQIKGVELKSGYKDWILWISFAISCFLLCVALLGFIMWACQKGNIRCNIC,ADL28217.1 ,MNPNQKIITIGSVSLTISTICFFMQTAILITTVTLHFKQCEFNSPPNNQVMLCEPTIIERNITEIVYLTNTTIEKEICPKLAEYRNWSKPQCDITGFAPFSKDNSIRLSAGGDIWVTREPYVSCDPDKCYQFALGQGTTLNNVHSNNTVRDRTPYRTLLMNELGVPFHLGTKQVCIAWSSSSCHDGKAWLHVCITGDDKNATASFIYNGRLVDSVVSWSKEILRTQESECVCINGTCTVVMTDGSASGKADTKILFIEEGKIVHTSTLSGSAQHVEECSCYPRYPGVRCVCRDNWKGSNRPIVDINIKDHSIVSSYVCSGLVGDTPRKNDSSSSSHCLDPNNEEGGHGVKGWAFDDGNDVWMGRTISEKSRLGYETFKVIEGWSNPKSKLQINRQVIVDRGNRSGYSGIFSVEGKSCINRCFYVELIRGRKEETEVLWTSNSIVVFCGTSGTYGTGSWPDGADINLMP
13,A/Kentucky/21/2009,AGF68738.1 ,MKTIIALSCILCLVFAQKLPGNDNSTATLCLGHHAVPNGTIVKTITNDQIEVTNATELVQSSSTGEICDSPHQILDGENCTLIDALLGDPQCDGFQNKKWDLFVERSKAYSNCYPYDVPDYASLRSLVASSGTLEFNNESFNWTGVTQNGTSSACIRRSNNSFFSRLNWLTHLNFKYPALNVTMPNNEQFDKLYIWGVHHPGTDKDQIFLYAQASGRITVSTKRSQQAVIPNIGSRPRVRNIPSRISIYWTIVKPGDILLINSTGNLIAPRGYFKIRSGKSSIMRSDAPIGKCNSECITPNGSIPNDKPFQNVNRITYGACPRYVKQNTLKLATGMRNVPEKQTRGIFGAIAGFIENGWEGMVDGWYGFRHQNSEGRGQAADLKSTQAAIDQINGKLNRLIGKTNEKFHQIEKEFSEVEGRIQDLEKYVEDTKIDLWSYNAELLVALENQHTIDLTDSEMNKLFEKTKKQLRENAEDMGNGCFKIYHKCDNACIGSIRNGTYDHDVYRDEALNNRFQIKGVELKSGYKDWILWISFAISCFLLCVALLGFIMWACQKGNIRCNIC,AGF68737.1 ,MNPNQKIITIGSVSLTISTICFFMQTAILITTVTLHFKQCEFNSPPNNQVMLCEPTIIERNITEIVYLTNTTIEKEICPKLAEYRNWSKPQCDITGFAPFSKDNSIRLSAGGDIWVTREPYVSCDPDKCYQFALGQGTTLNNVHSNNTVRBRTPYRTLLMNELGVPFHLGTKQVCIAWSSSSCHDGKAWLHVCITGDDKNATASFIYNGRLVDSVVSWSKEILRTQESECVCINGTCTVVMTDGSASGKADTKILFIEEGKIVHTSTLSGSAQHVEECSCYPRYPGVRCVCRDNWKGSNRPIVDINIKDHSIVSSYVCSGLVGDTPRKNDSSSSSHCLDPNNEEGGRGVKGWAFDDGNDVWMGRTISEKSRLGYETFKVIEGWSNPKSKLQINRQVIVDKGNRSGYSGIFSVEGKSCINRCFYVELIRGRKEETEVLWTSNSIVVFCGTSGTYGTGSWPDGADINLMP
14,A/New_York/05/2013,EPI447157,MKTIIALSYILCLVFAQKLPGNDNSTATLCLGHHAVPNGTIVKTITNDRIEVTNATELVQNSSIGEICDSPHQILDGENCTLIDALLGDPQCDGFQNKKWDLFVERSKAYSNCYPYDVPDYASLRSLVASSGTLEFNNESFNWAGVTQNGTSSACIRGSNSSFFSRLNWLTHLNFKYPALNVTMPNNEQFDKLYIWGVHHPGTDKDQIFLYAQSSGRITVSTKRSQQAVIPNIGSRPRIRNIPSRISIYWTIVKPGDILLINSTGNLIAPRGYFKIRSGKSSIMRSDAPIGKCKSECITPNGSIPNDKPFQNVNRITYGACPRYVKQSTLKLATGMRNVPEKQTRGIFGAIAGFIENGWEGMMDGWYGFRHQNSEGRGQAADLKSTQAAIDQINGKLNRLIGKTNEKFHQIEKEFSEVEGRIQDLEKYVEDTKIDLWSYNAELLVALENQHTIDLTDSEMNKLFEKTKKQLRENAEDMGNGCFKIYHKCDNACIGSIRNGTYDHNVYRDEALNNRFQIKGVELKSGYKDWILWISFAISCFLLCVALLGFIMWACQKGNIRCNIC,EPI447156,MNPNQKIITIGSVSLTISTICFFMQIAILITTVTLHFKQYEFNSPPNNQVMLCEPTLIERNITEIVYLTNTTIEKEICPKPAEYRNWSKPQCGITGFAPFSKDNSIRLSAGGDIWVTREPYVSCDPDKCYQFALGQGTTLNNVHSNNTVRDRTPYRTLLMNELGVPFHLGTKQVCIAWSSSSCHDGKAWLHVCITGDDKNATASFIYNGRLVDSVVSWSKEILRTQESECVCINGTCTVVMTDGSASGKADTKILFIEEGKIVHTSTLSGSAQHVEECSCYPRYPGVRCVCRDNWKGSNRPIVDINIKDHSIVSSYVCSGLVGDTPRKNDSSSSSHCLDPNNEEGGHGVKGWAFDDGNDVWMGRTINETSRLGYETFKVIEGWSNPKSKLQINRQVIVDRGDRSGYSGIFSVEGKSCINRCFYVELIRGRKEETEVLWTSNSIVVFCGTSGTYGTGSWPDGADLNLMP
15,A/Boston/DOA2-162/2012,AGW01391.1 ,MKTIIALSYILCLVFAQKLPGNDNSTATLCLGHHAVPNGTIVKTITNDRIEVTNATELVQNSSIGEICDSPHQILDGENCTLIDALLGDPQCDGFQNKKWDLFVERSKAYSNCYPYDVPDYASLRSLVASSGTLEFNNESFNWAGVTQNGTSSACIRGSNSSFFSRLNWLTHLNFKYPALNVTMPNNEQFDKLYIWGVHHPGTDKDQIFLYAQSSGRITVSTKRSQQAVIPNIGSRPRIRNIPSRISIYWTIVKPGDILLINSTGNLIAPRGYFKIRSGKSSIMRSDAPIGKCKSECITPNGSIPNDKPFQNVNRITYGACPRYVKQSTLKLATGMRNVPEKQTRGIFGAIAGFIENGWEGMVDGWYGFRHQNSEGRGQAADLKSTQAAIDQINGKLNRLIGKTNEKFHQIEKEFSEVEGRIQDLEKYVEDTKIDLWSYNAELLVALENQHTIDLTDSEMNKLFEKTKKQLRENAEDMGNGCFKIYHKCDNACIGSIRNGTYDHDVYRDEALNNRFQIKGVELKSGYKDWILWISFAISCFLLCVALLGFIMWACQKGNIRCNIC,AGW01394.1 ,MNPNQKIITIGSVSLTISTICFFMQIAILITTVTLHFKQYEFDSPPNNQVMLCEPTIIERNITEIVYLTNTTIEKEICPKPAEYRNWSKPQCGITGFAPFSKDNSIRLSAGGDIWVTREPYVSCDPDKCYQFALGQGTTLNNVHSNNTVRDRTPYRTLLMNELGVPFHLGTKQVCIAWSSSSCHDGKAWLHVCITGDDKNATASFIYNGRLVDSIVSWSKDILRTQESECVCINGTCTVVMTDGSASGKADTKILFIEEGKIVHTSTLSGSAQHVEECSCYPRYPGVRCVCRDNWKGSNRPIVDINIKDHSIVSSYVCSGLVGDTPRKNDSSSSSHCLDPNNEEGGHGVKGWAFDDGNDVWMGRTINETSRLGYETFKVIEGWSNPKSKLQINRQVIVDRGDRSGYSGIFSVEGKSCINRCFYVELIRGRKEETEVLWTSNSIVVFCGTSGTYGTGSWPDGADLNLMP
16,A/Scotland/146/2015_(H3N2),EPI1113515,MKTIIALSYILCLVFAQKIPGNDNSTATLCLGHHAVPNGTIVKTITNDRIEVTNATELVQNSSIGEICDSPHQILDGENCTLIDALLGDPQCDGFQNKKWDLFVERSKAYSNCYPYDVPDYASLRSLVASSGTLEFNNESFNWIGVTQNGTSSACIRRSSSSFFSRLNWLTHLNYTYPALNVTMPNNEQFDKLYIWGVHHPGTDKDQIFLYAQSSGRITVSTKRSQQAVIPNIGSRPRIRDIPSRISIYWTIVKPGDILLINSTGNLIAPRGYFKIRSGKSSIMRSDAPIGKCKSECITPNGSIPNDKPFQNVNRITYGACPRYVKHSTLKLATGMRNVPEKQTRGIFGAIAGFIENGWEGMVDGWYGFRHQNSEGRGQAADLKSTQAAIDQINGKLNRLIGKTNEKFHQIEKEFSEVEGRIQDLEKYVEDTKIDLWSYNAELLVALENQHTIDLTDSEMNKLFEKTKKQLRENAEDMGNGCFKIYHKCDNACIGSIRNGTYDHNVYRDEALNNRFQIKGVELKSGYKDWILWISFAISCFLLCVALLGFIMWACQKGNIRCNIC,EPI1113517,MNPNQKIITIGSVSLTISTICFFMQIAILITTVTLHFKQYEFNSPPNNQVMLCEPTIIERNITEIVYLTNTTIEKEICPKPAEYRNWSKPQCGITGFAPFSKDNSIRLSAGGDIWVTREPYVSCDPDKCYQFALGQGTTLNNVHSNNTVRDRTPYRTLLMNELGVPFHLGTKQVCIAWSSSSCHDGKAWLHVCITGDDKNATASFIYNGRLVDSVVSWSKDILRTQESECVCINGTCTVVMTDGSASGEADTKILFIEEGKIVHTSKLSGSAQHVEECSCYPRYPGVRCVCRDNWKGSNRPIVDINIKDHSIVSSYVCSGLVGDTPRKNDSSSSSHCLDPNNEEGGHGVKGWAFDDGNDVWMGRTINETSRLGYETFKVVEGWSNPKSKLQINRQVIVDRGDRSGYSGIFSVEGKSCINRCFYVELIRGRKEETEVLWTSNSIVVFCGTSGTYGTGSWPDGADLNLMP
17,A/VICTORIA/5070/2014,EPI551788,MKTIIALSYILCLVFAQKIPGNDNSTATLCLGHHAVPNGTIVKTITNDRIEVTNATELVQNSSIGEICDSPHQILDGENCTLIDALLGDPQCDGFQNKKWDLFVERSKAYSNCYPYDVPDYASLRSLVASSGTLEFNNESFNWTGVTQNGTSSACIRGSSSSFFSRLNWLTHLNYTYPALNVTMPNNEQFDKLYIWGVHHPGTDKDQIFLYAQSSGRITVSTKRSQQAVIPNIGSRPRIRDIPSRISIYWTIVKPGDILLINSTGNLIAPRGYFKIRSGKSSIMRSDAPIGKCKSECITPNGSIPNDKPFQNVNRITYGACPRYVKHNTLKLATGMRNVPEKQTRGIFGAIAGFIENGWEGMVDGWYGFRHQNSEGRGQAADLKSTQAAIDQINGKLNRLIGKTNEKFHQIEKEFSEVEGRIQDLEKYVEDTKIDLWSYNAELLVALENQHTIDLTDSEMNKLFEKTKKQLRENAEDMGNGCFKIYHKCDNACIGSIRNGTYDHNVYRDEALNNRFQIKGVELKSGYKDWILWISFAISCFLLCVALLGFIMWACQKGNIRCNIC,EPI551785,MNPNQKIITIGSVSLTISTICFFMQIAILITTVTLHFKQYEFNSPPNNQVMLCEPTIIERNITEIVYLTNTTIEKEICPKPAEYRNWSKPQCGITGFAPFSKDNSIRLSAGGDIWVTREPYVSCDPDKCYQFALGQGTTLNNVHSNNTVRXRTPYRTLLMNELGVPFHLGTKQVCIAWSSSSCHDGKAWLHVCITGDDKNATASFIYNGRLVDSVVSWSKDILRTQESECVCINGTCTVVMTDGSASGKADTKILFIEEGKIVHTSKLSGSAQHVEECSCYPRYPGVRCVCRDNWKGSNRPIVDINIKDHSIVSSYVCSGLVGDTPRKNDSSSSSHCLDPNNEEGGHGVKGWAFDDGNDVWMGRTINETSRLGYETFKVVEGWSNPKSKLQINRQVIVDRGDRSGYSGIFSVEGKSCINRCFYVELIRGRKEETEVLWTSNSIVVFCGTSGTYGTGSWPDGADLNLMP
18,A/Tanzania/2220/2016,EPI814457,MKTIIALSYILCLVFAQKIPGNDNSTATLCLGHHAVPNGTIVKTITNDRIEVTNATELVQNSSIGEICDSPHQILDGENCTLIDALLGDPQCDGFQNKKWDLFVERSKAYSNCYPYDVPDYASLRSLVASSGTLEFKNESFNWTGVTQNGTSSACIRRSSSSFFSRLNWLTHLNYTYPALNVTMPNNEQFDKLYIWGVHHPGTDKDQIFLYAQSSGRITVSTKRSQQAVIPNIGSRPRIRDIPSRISIYWTIVKPGDILLINSTGNLIAPRGYFKIRSGKSSIMRSDAPIGKCKSECITPNGSIPNDKPFQNVNRITYGACPRYVKHSTLKLATGMRNVPEKQTRGIFGAIAGFIENGWEGMVDGWYGFRHQNSEGRGQAADLKSTQAAIDQINGKLNRLIGKTNEKFHQIEKEFSEVEGRVQDLEKYVEDTKIDLWSYNAELLVALENQHTIDLTDSEMNKLFEKTKKQLRENAEDMGNGCFKIYHKCDNACIGSIRNETYDHNVYRDEALNNRFQIKGVELKSGYKDWILWISFAISCFLLCVALLGFIMWACQKGNIRCNIC,EPI814456,MNPNQKIITIGSVSLTISTICFFMQIAILITTVTLHFKQYEFNSPPNNQVMLCEPTIIERNITEIVYLTNTTIEKEICPKPAEYRNWSKPQCGITGFAPFSKDNSIRLSAGGDIWVTREPYVSCDPDKCYQFALGQGTTLNNVHSNNTVRDRTPYRTLLMNELGVPFHLGTKQVCIAWSSSSCHDGKAWLHVCITGDDKNATASFIYNGRLVDSVVSWSKDILRTQESECVCINGTCTVVMTDGNATGKADTKILFIEEGKIVHTSKLSGSAQHVEECSCYPRYPGVRCVCRDNWKGSNRPIVDINIKDHSIVSSYVCSGLVGDTPRKNDSSSSSHCLNPNNEEGGHGVKGWAFDDGNDVWMGRTINETSRLGYETFKVVEGWSNPKSKLQINRQVIVDRGDRSGYSGIFSVEGKSCINRCFYVELIRGRKEETEVLWTSNSIVVFCGTSGTYGTGSWPDGADLNLMH
19,A/Heilongjiang-Xiangyang/11347/2015,EPI713583,MKTIIALSYILCLVFAQKIPGNDNSTATLCLGHHAVPNGTIVKTITNDRIEVTNATELVQNSSIGEICDSPHQILDGENCTLIDALLGDPQCDGFQNKKWDLFVERSKAYSNCYPYDVPDYASLRSLVASSGTLEFNNESFNWTGVTQNGTSSACIRKSSSSFFSRLNWLTHLNYTYPALNVTMPNKEQFDKLYIWGVHHPGTDKDQIFLYAQSSGRITVSTKRSQQAVIPNIGSRPRIRDIPSRISIYWTIVKPGDILLINSTGNLIAPRGYFKIQSGKSSIMRSDAPIGKCKSECITPNGSIPNDKPFQNVNRITYGACPRYVKHSTLKLATGMRNVPEKQTRGIFGAIAGFIENGWEGMVDGWYGFRHQNSEGRGQAADLKSTQAAIDQINGKLNRLIGKTNEKFHQIEKEFSEVEGRVQDLEKYVEDTKIDLWSYNAELLVALENQHTIDLTDSEMNKLFEKTKKQLRENAEDMGNGCFKIYHKCDNACIGSIRNETYDHNVYRDEALNNRFQIKGVELKSGYKDWILWISFAISCFLLCVALLGFIMWACQKGNIRCNIC,EPI713582,MNPNQKIITIGSVSLTISTICFFMQIAILITTVTLHFKHYEFNSPPNNQVMLCEPTIIERNITEIVYLTNTTIEKEICPKPAEYRNWSKPQCGITGFAPFSKDNSIRLSAGGDIWVTREPYVSCDPDKCYQFALGQGTTLNNVHSNNTVRXRTPYRTLLMNELGVPFHLGTKQVCIAWSSSSCHDGKAWLHVCITGDDKNATASFIYNGRLVDSVVSWSKDILRTQESECVCINGTCTVVMTDGNATGKADTKILFIEEGKIVHTSKLSGSAQHVEECSCYPRYPGVRCVCRDNWKGSNRPIVDINIKDHSIVSSYVCSGLVGDTPRKNDSSSSSHCLDPNNEEGGHGVKGWAFDDGNDVWMGRTINETSRLGYETFKVVEGWSNPKSKLQINRQVIVDRGDRSGYSGIFSVEGKSCINRCFYVELIRGRKEETEVLWTSNSIVVFCGTSGTYGTGSWPDGADLNLMH
20,A/Singapore/KK1149/2017,EPI1086761,MKTIIALSYILCLVFAQKIPGNDNSTATLCLGHHAVPNGTIVKTITNDRIEVTNATELVQNSSIGEICDSPHQILDGGNCTLIDALLGDPQCDGFQNKKWDLFVERSRAYSNCYPYDVPDYASLRSLVASSGTLEFKNESFNWTGVTQNGTSSACIRGSSSSFFSRLNWLTHLNYTYPALNVTMPNKEQFDKLYIWGVHHPGTDKDQIFLYAQSSGRITVSTKRSQQAVIPNIGSRPRIRDIPSRISIYWTIVKPGDILLINSTGNLIAPRGYFKIRSGKSSIMRSDAPIGKCKSECITPNGSIPNDKPFQNVNRITYGACPRYVKQSTLKLATGMRNVPEKQTRGIFGAIAGFIENGWEGMVDGWYGFRHQNSEGRGQAADLKSTQAAIDQINGKLNRLIGKTNEKFHQIEKEFSEVEGRVQDLEKYVEDTKIDLWSYNAELLVALENQHTIDLTDSEMNKLFEKTKKQLRENAEDMGNGCFKIYHKCDNACIGSIRNETYDHNVYRDEALNNRFQIKGVELKSGYKDWILWISFAISCFLLCIALLGFIMWACQKGNIRCNIC,EPI1086760,MNPNQKIITIGSVSLTISTICFFMQIAILITTVTLHFKQYEFNSPPNNQVMLCEPTIIERNITEIVYLTNTTIEKEICPKPAEYRNWSKPQCGITGFAPFSKDNSIRLSAGGDIWVTREPYVSCDLDKCYQFALGQGTTLNNVHSNNTVRDRTPYRTLLMNELGVPFHLGTKQVCIAWSSSSCHDGKAWLHVCITGDDKNATASFIYNGRLVDSVVSWSNDILRTQESECVCINGTCTVVMTDGNATGKADTKILFIEEGKIVHTSKLSGSAQHVEECSCYPRYPGVRCVCRDNWKGSNRPIIDINIKDHSIVSSYVCSGLVGDTPRKSDSSSSSHCLNPNNEEGGHGVKGWAFDDGNDVWMGRTINETSRLGYETFKVVEGWSNPKSKLQINRQVIVDRGDRSGYSGIFSVEGKSCINRCFYVELIRGRKEETEVLWTSNSIVVFCGTSGTYGTGSWPDGADLNLMH
21,A/Indonesia/NIHRDLPG854/2020,EPI1808423,MKTIIALSYILCLVFAQKIPGNDNSTATLCLGHHAVPNGTIVKTITNDRIEVTNATELVQNSSIGEICDSPHQILDGGNCTLIDALLGDPQCDGFQNKEWDLFVERSRANSNCYPYDVPDYASLRSLVASSGTLEFKNESFNWTGVKQNGTSSACIRGSSSSFFSRLNWLTHLNYTYPALNVTMPNKEQFDKLYIWGVHHPSTDKDQISLFAQPSGRITVSTKRSQQAVIPNIGSRPRIRDIPSRISIYWTIVKPGDILLINSTGNLIAPRGYFKIRSGKSSIMRSDAPIGKCKSECITPNGSIPNDKPFQNVNRITYGACPRYVKQSTLKLATGMRNVPEKQTRGIFGAIAGFIENGWEGMVDGWYGFRHQNSEGRGQAADLKSTQAAIDQINGKLNRLIGKTNEKFHQIEKEFSEVEGRVQDLEKYVEDTKIDLWSYNAELLVALENQHTIDLTDSEMNKLFEKTKKQLRENAEDMGNGCFKIYHKCDNACIGSIRNETYDHNVYRDEALNNRFQIKGVELKSGYKDWILWISFAMSCFLLCIALLGFIMWACQKGNIRCNIC,EPI1808421,MNPNQKIITIGSVSLTISTICFFMQIAILITTVTLHFKQYEFNSPPNNQVMLCEPTIIERNMTEIVYLTNTTIEKEICPKPAEYRNWSKPQCGITGFAPFSKDNSIRLSAGGDIWVTREPYVSCDLDKCYQFALGQGTTLNNVHSNNTVRDRTPYRTLLMNELGVPFHLGTKQVCIAWSSSSCHDGKAWLHVCITGDDKNATASFIYNGRLVDSVVSWSNDILRTQESECVCINGTCTVVMTDGNATGKADTKILFIEEGKIVHTSKLSGSAQHVEECSCYPRYPGVRCVCRDNWKGSNRPIIDINIKDHSIVSRYVCSGLVGDTPRKSDSSSSSHCLNPNNEKGDHGVKGWAFDDGNDVWMGRTINETSRLGYETFKVVEGWSNPKSKLQINRQVIVDRGDRSGYSGIFSVEGKSCINRCFYVELIRGRKEETEVLWTSNSIVVFCGTSGTYGTGSWPDGANLSLMH
22,A/Bangladesh/0002/2020,EPI1842596,MKTIIALSNILCLVFAQKIPGNDNSTATLCLGHHAVPNGTIVKTITNDRIEVTNATELVQNSSIGEICDSPHQILDGGNCTLIDALLGDPQCDGFQNKKWDLFVERSRANSNCYPYDVPDYASLRSLVASSGTLEFKNESFNWTGVKQNGTSSACIRGSSSSFFSRLNWLTHLNNIYPAQNVTMPNKEQFDKLYIWGVHHPDTDKNQISLFAQSSGRITVSTKRSQQAVIPNIGSRPRIRDIPSRISIYWTIVKPGDILLINSTGNLIAPRGYFKIRSGKSSIMRSDAPIGKCKSECITPNGSIPNDKPFQNVNRITYGACPRYVKQSTLKLATGMRNVPEKQTRGIFGAIAGFIENGWEGMVDGWYGFRHQNSEGRGQAADLKSTQAAIDQINGKLNRLIGKTNEKFHQIEKEFSEVEGRVQDLEKYVEDTKIDLWSYNAELLVALENQHTIDLTDSEMNKLFEKTKKQLRENAEDMGNGCFKIYHKCDNACIGSIRNETYDHNVYRDEALNNRFQIKGVELKSGYKDWILWISFAMSCFLLCIALLGFIMWACQKGNIRCNIC,EPI1842595,MNPNQKIITIGSVSLTISTICFFMQIAILITTVTLHFKQYEFNSPPNNQVMLCEPTIIERNITEIVYLTNTTIEKEICPKPAEYRNWSKPQCGITGFAPFSKDNSIRLSAGGDIWVTREPYVSCDLDKCYQFALGQGTTLNNVHSNNTVRDRTPYRTLLMNELGVPFHLGTKQVCIAWSSSSCHDGKAWLHVCITGDDKNATASFIYNGRLVDSVVSWSNDILRTQESECVCINGTCTVVMTDGNATGKADTKILFIEEGKIVHTSKLSGSAQHVEECSCYPRYPGVRCVCRDNWKGSNRPIIDINIKDHSIVSRYVCSGLVGDTPRKSDSSSSSHCLNPNNEKGDHGVKGWAFDDGNDVWMGRTINETSRLGYETFKVVEGWSNPKSKLQINRQVIVDRGDRSGYSGIFSVEGKSCINRCFYVELIRGRKEETEVLWTSNSIVVFCGTSGTYGTGSWPDGANLSLMH
23,A/Bulgaria/1666/2022,EPI2087828,MKTIIALSNILCLVFAQKIPGNDNSTATLCLGHHAVPNGTIVKTITNDRIEVTNATELVQNSSIGEICGSPHQILDGGNCTLIDALLGDPQCDGFQNKEWDLFVERSRANSNCYPYDVPGYASLRSLVASSGTLEFKNESFNWTGVKQNGTSSACIRGSSSSFFSRLNWLTSLNNIYPAQNVTMPNKEQFDKLYIWGVHHPDTDKNQISLFAQSTGRITVSTKRSQQAVIPNIGSRPRIRDIPSRISIYWTIVKPGDILLINSTGNLIAPRGYFKIRSGKSSIMRSDAPIGRCKSECITPNGSIPNDKPFQNVNRITYGACPRYVKQSTLKLATGMRNVPEKQTRGIFGAIAGFIENGWEGMVDGWYGFRHQNSEGRGQAADLKSTQAAIDQINGKLNRLIGKTNEKFHQIEKEFSEVEGRVQDLEKYVEDTKIDLWSYNAELLVALENQHTIDLTDSEMNKLFEKTKKQLRENAEDMGNGCFKIYHKCDNACIGSIRNETYDHNVYRDEALNNRFQIKGVELKSGYKDWILWISFAMSCFLLCIALLGFIMWACQKGNIRCNIC,EPI2087829,MNPNQKIITIGSVSLTISTICFFMQIAILITTVTLHFKQYEFNSPPNNQVMLCEPTIIERNITEIVYLTNTTIEKEICPKPAEYRNWSKPQCGITGFAPFSKDNSIRLSAGGDIWVTREPYVSCDLDKCYQFALGQGTTLNNVHSNNTVRDRTPYRTLLMNELGVPFHLGTKQVCIAWSSSSCHDGKAWLHVCITGDDKNATASFIYNGRLVDSVVSWSNGILRTQESECVCINGTCTVVMTDGNATGKADTKILFIEEGKIVHTSKLSGSAQHVEECSCYPRYPGVRCVCRDNWKGSNRPIIDINIKDHSIVSRYVCSGLVGDTPRKSDSSSSSHCLNPNNEKGGHGVKGWAFDDGNDVWMGRTINETSRLGYETFKVVEGWSNPKSKLQINRQVIVDRGDRSGYSGIFSVENKSCINRCFYVELIRGRKEETEVLWTSNSIVVFCGTSGTYGTGSWPDGANLSLMH
