Influenza Virus,Virus Type,Date of Risk Assessment,Risk Score Category,Emergence Score,Impact Score,Mean Low Acceptable Emergence,Mean High Acceptable Emergence,Mean Low Acceptable Impact,Mean High Acceptable Impact,HA Sequence,NA Sequence,HA Length,NA Length,HA Risk,NA Risk,Geom Mean Risk,Predicted Emergence,Predicted Emergence Low,Predicted Emergence High
A/Hong Kong/125/2017,H7N9,2017-05-01,Moderate-High,6.5,7.5,5.65,7.51,6.74,8.5,MNTQILVFALIAIIPTNADKICLGHHAVSNGTKVNTLTERGVEVVNATETVERTNIPRICSKGKRTVDLGQCGLLGTITGPPQCDQFLEFSADLIIERREGSDVCYPGKFVNEEALRQILRESGGIDKETMGFTYNGIRTNGVTSACKRSGSSFYAEMKWLLSNTDNAAFPQMTKSYKNTRKSPAIIVWGIHHSVSTAEQTKLYGSGNKLVTVGSSNYQQSFVPSPGARPQVNGLSGRIDFHWLILNPNDTVTFSFNGAFIAPDRASFLRGKSMGIQSGVQVDANCEGDCYHSGGTIISNLPFQNIDSRAVGKCPRYVKQRSLLLATGMKNVPEIPKGRGLFGAIAGFIENGWEGLIDGWYGFRHQNAQGEGTAADYKSTQSAIDQITGKLNRLIAKTNQQFELIDNEFNEVEKQIGNVINWTRDSITEVWSYNAELLIAMENQHTIDLADSEMDKLYERVKRQLRENAEEDGTGCFEIFHKCDDDCMASIRNNTYDHRKYREEAMQNRIQIDPVKLSSGYKDVILWFSFGASCFILLAIVMGLVFICVKNGNMRCTICI,MNPNQKILCTSATAITIGAIAVLIGIANLGLNIGLHLKPGCNCSHSQPETTNTSQTIINNYYNETNITNIQIEERTSRNFNNLTKGLCTINSWHIYGKDNAVRIGESSDVLVTREPYVSCDPDECRFYALSQGTTIRGKHSNGTIHDRSQYRALISWPLSSPPTVHNSRVECIGWSSTSCHDGKSRMSICISGPNNNASAVVWYNRRPVAEINTWARNILRTQESECVCHNGVCPAVFTDGPATGPADTRIYYFKEGKILKWESLTGTAKHIEECSCYGERTGITCTCRDNWQGSNRPVVQIDPVAMTHTSQYICSPVLTDSPRPNDPNIGKCNDPYPGNNNNGVKGFSYLDGANTWLGRTISTTSRSGYEMLKVPNALTDDRSKPIQGQTIVLNADWSGYSGSFMDYWAEGDCYRACFYVELIRGRPKEDKVWWTSNSIVSMCSSTEF,560,449,1e-05,1e-05,1e-05,7.732746385774188,6.187663482704384,9.179120585703442
A/Shanghai/02/2013,H7N9,2016-04-01,Moderate-High,6.4,7.2,5.52,7.43,6.41,8.32,MNTQILVFALIAIIPTNADKICLGHHAVSNGTKVNTLTERGVEVVNATETVERTNIPRICSKGKRTVDLGQCGLLGTITGPPQCDQFLEFSADLIIERREGSDVCYPGKFVNEEALRQILRESGGIDKEAMGFTYSGIRTNGATSACRRSGSSFYAEMKWLLSNTDNAAFPQMTKSYKNTRKSPALIVWGIHHSVSTAEQTKLYGSGNKLVTVGSSNYQQSFVPSPGARPQVNGLSGRIDFHWLMLNPNDTVTFSFNGAFIAPDRASFLRGKSMGIQSGVQVDANCEGDCYHSGGTIISNLPFQNIDSRAVGKCPRYVKQRSLLLATGMKNVPEIPKGRGLFGAIAGFIENGWEGLIDGWYGFRHQNAQGEGTAADYKSTQSAIDQITGKLNRLIEKTNQQFELIDNEFNEVEKQIGNVINWTRDSITEVWSYNAELLVAMENQHTIDLADSEMDKLYERVKRQLRENAEEDGTGCFEIFHKCDDDCMASIRNNTYDHSKYREEAMQNRIQIDPVKLSSGYKDVILWFSFGASCFILLAIVMGLVFICVKNGNMRCTICI,MNPNQKILCTSATAIIIGAIAVLIGMANLGLNIGLHLKPGCNCSHSQPETTNTSQTIINNYYNETNITNIQMEERTSRNFNNLTKGLCTINSWHIYGKDNAVRIGESSDVLVTREPYVSCDPDECRFYALSQGTTIRGKHSNGTIHDRSQYRALISWPLSSPPTVYNSRVECIGWSSTSCHDGKSRMSICISGPNNNASAVVWYNRRPVAEINTWARNILRTQESECVCHNGVCPVVFTDGSATGPADTRIYYFKEGKILKWESLTGTAKHIEECSCYGERTGITCTCRDNWQGSNRPVIQIDPVAMTHTSQYICSPVLTDNPRPNDPNIGKCNDPYPGNNNNGVKGFSYLDGANTWLGRTISTASRSGYEMLKVPNALTDDRSKPIQGQTIVLNADWSGYSGSFMDYWAEGDCYRACFYVELIRGRPKEDKVWWTSNSIVSMCSSTEF,560,449,1e-05,1e-05,1e-05,7.732746385774188,6.187663482704384,9.179120585703442
A/California/62/2018,H1N2,2019-07-01,Moderate,5.8,5.7,4.22,7.16,3.8,7.09,MKVKLMVLLCTFTATYADTICVGYHANNSTDTVDTVLEKNVTVTHSVNLLEDSHNGKLCLLKGIAPLQLGSCSVAGWILGNPECELLNSKESWSYIVETSNPENGTCYPGYFEDYEELREQLSSVSSFKKFEIFPKKSSWPNHTVTGVSSSCSHNGNSSFYRNLLWLTVKNNLYPNLSKSYTNKEGKEVLVLWGVHHPSNMEDQRALYHTENAYVSVVSSHYSRRFTPEIAKRPKVRNQEGRINYYWTLLEPGDTIIFEASGNLIAPRYAFELSKSFGSGIITSNAPMGECNTKCQTPQGAINSSLPFQNVHPVTIGECPKYVRSAKLRMVTGLRNTPSIQSRGLFGAIAGFIEGGWTGMVDGWYGYHHQNEQGSGYAADQQSTQIAINGITNKVNSVIEKMNTQFTAVGKEFNKLERRMENLNKKVDDGFLDIWTYNAELLVLLENERTLDFHDSNVKNLYEKVKSQLKNNAKEIGNGCFEFYHKCDDECMDSVKNGTYDYPKYSEESKLNREKIDGVKLESMGVYNILAIYSTIASSLVLLISLGAICFWMCSNGSLQ,MNPNQKIITIGSISLTLAAMCFLMQTAILVTNVTLHFNQCECHYPPNNQVILCEPTIIERNTTRIVYLTNTTIEKEKCPKLAEYRNWSKPQCRITGFAPFSKDNSIRLSAGGDIWVTREPYVSCDPDKCYQFALGQGTTLDNRHSNNTFHDRTPYRTLLMNELGIPFHLGTKQVCIAWSSSSCHDGKAWLHVCITGHDENATASIIYNGRLVDSIGSWSKKILRTQESECVCINGTCTVVMTDGSASGRADTRILFIEEGKIIHISPLIGSAQHVEECSCYPRYPGVRCICRDNWKGSNRPVVDINVKDYSIVSSYVCSGLVGDTPRKDDKSSSSNCLNPNNEKGEHGVKGWAFDDGKDVWMGRTINETLRSGYETFKVIEGWSKSNSKLQINRQVIVEKSDRSGYSGIFSVESKSCINRCFYVELIRGRKQENAVWWTSNSIVVFCGT,560,449,1e-05,1e-05,1e-05,7.732746385774188,6.187663482704384,9.179120585703442
A/Indiana/08/2011,H3N2,2012-12-01,Moderate,6.0,4.5,-1.0,-1.0,-1.0,-1.0,MKTIIAFSCILCLIFAQKLPGSDNSMATLCLGHHAVPNGTLVKTITDDQIEVTNATELVQSSSTGGICNSPHQILDGKNCTLIDALLGDPHCDDFQNKEWDLFVERSTAYSNCYPYYVPDYATLRSLVASSGNLEFTQESFNWTGVAQGGSSYACRRGSVNSFFSRLNWLYNLNYKYPEQNVTMPNNDKFDKLYIWGVHHPGTDKDQTNLYVQASGRVIVSTKRSQQTVIPNIGSRPWVRGVSSIISIYWTIVKPGDILLINSTGNLIAPRGYFKIQSGKSSIMRSDAHIDECNSECITPNGSIPNDKPFQNVNKITYGACPRYVKQNTLKLATGMRNVPEKQTRGIFGAIAGFIENGWEGMVDGWYGFRHQNSEGTGQAADLKSTQAAINQITGKLNRVIKKTNEKFHQIEKEFSEVEGRIQDLEKYVEDTKIDLWSYNAEILVALENQHTIDLTDSEMSKLFERTRRQLRENAEDMGNGCFKIYHKCDNACIGSIRNGTYDHDIYRNEALNNRFQIKGVQLKSGYKDWILWISFAISCFLLCVVLLGFIMWACQKGNI,MNPNQKIITIGSVSLIIATICFLMQIAILVTTVTLHFKQHDYNSPPNNQAMLCEPTIIERNTTEIVYLTNITIEKEICPKLAEYRNWSKPQCNITGFAPFSKDNSIRLSAGGDIWVTREPYVSCDPDKCYQFALGQGTTLNNGHSNNTVHDRTPYRTLLMNELGVPFHLGTRQVCMAWSSSSCHDGKAWLHVCITGNDNNATASFIYNGRLVDSIGSWSKNILRTQESECVCINGTCTVVMTDGSASGKADTKILFVEEGKIVHISTLSGSAQHVEECSCYPRFPGVRCVCRDNWKGSNRPIVDINVKNYSIVSSYVCSGLVGDTPRKSDSVSSSYCLDPNNEKGGHGVKGWAFDDGNDVWMGRTINETLRLGYETFKVIEGWSKANSKLQTNRQVIVEKGDRSGYSGIFSVEGKSCINRCFYVELIRGRKEETKVWWTSNSIVVFCGT,560,449,6e-05,4e-05,5e-05,7.665194097477863,6.129581609168081,9.105056850442937
A/Sichuan/06681/2021,H5N6,2021-10-01,Moderate,5.3,6.3,3.88,6.45,5.04,7.47,MENIVLLLAIVSLVKSDQICIGYHANNSTEQVDTIMEKNVTVTHAQDILEKTHNGKLCDLNGVKPLILKDCSVAGWLLGNPMCDEFIRVPEWSYIVERANPANDLCYPGSLNDYEELKHLLSRINHFEKILIIPKGSWPNHETSLGVSAACPYQGAPSFFRNVVWLVKKNDAYPTIKISYNNTNREDLLILWGIHHSNNAEEQINLYKNPTTYISVGTSTLNQRLVPKIATRSQVNGQRGRMDFFWTILKPDDAIHFESNGNFIAPEYAYKIVKKGDSTIMKSGVEYGHCNTKCQTPIGAINSSMPFHNIHPLTIGECPKYVKSNKLVLATGLRNSPLREKRRKRGLFGAIAGFIEGGWQGMVDGWYGYHHSNEQGSGYAADKESTQKAIDGVTNKVNSIIDKMNTQFEAVGREFNNLERRIENLNKKMEDGFLDVWTYNAELLVLMENERTLDFHDSNVKNLYDKVRLQLRDNAKELGNGCFEFYHKCDNECMESVRNGTYDYPQYSEEARLKREEISGVKLESIGTYQILSIYSTAASSLALAIMMAGLSLWMCSNGS,MNPNQKITCISATGVTLSIVSLLIGITNLGLNIGLHYKVSDSTTINIPNMNETNPTTTNITNTIMNKNEEKTFLKLTKPLCEVNSWHILSKDNAIRIGEDAHILVTREPYLSCDPQGCRMFALSQGTTLRGQHANGTIHDRSPFRALISWEMGQAPSPYNTRVECIGWSSTSCHDGISRMSVCISGPNNNASAVVWYRGRPVTEIPSWAGNILRTQESECVCHKGICPVVMTDGPANNKAATKIVYLKEGKIQKTEELQGNAQHIEECSCYGAARMIKCVCRDNWKGANRPIITIDPERMTHTSKYLCSKILTDTSRPNDPTNGNCDAPIKGGNPDPGVKGFAFLDGENSWLGRTISKDSRSGYEMLKVPNAEIDTQSGPISYQLIVNNQNWSGYSGAFIDYWANKECFNPCFYVELIRGRPKESSVLWTSSSMVALCGSRERLGSWSW,560,449,1e-05,0.16474,0.00128,6.584767203719798,5.20062391149243,7.920486298567491
A/Anhui-Lujiang/39/2018,H9N2,2019-07-01,Moderate,6.2,5.9,4.76,7.57,4.3,7.3,METVSLITILLVATASNADKICIGYQSTNSTETVDTLTENNVPVTHAKELLHTEHNGMLCATSLGQPLILDTCTVEGLIYGNPSCDLSLEGREWSYIVERPSAVNGLCYPGNVENLEELRSLFSSARSYQRIQIFPDTIWNVSYDGTSTACSDSFYRSMRWLTRKDGNYPTQDAQYTNNQGKNILFMWGINHPPTDDTQRNLYTRTDTTTSVATEEINRIFKPLIGPRPLVNGLMGRINYYWSVLKPGQTLRIKSDGNLIAPWYGHILSGESHGRILKTDLKRGSCTVQCQTEKGGLNTTLPFQNVSKYAFGNCSKYIGIKSLKLAVGLRNVPSRSSRGLFGAIAGFIEGGWSGLVAGWYGFQHSNDQGVGMAADRDSTQKAIDKITSKVNNIVDKMNKQYEIIDHEFSEVETRLNMINNKIDDQIQDIWAYNAELLVLLENQKTLDEHDANVNNLYNKVKRALGSNAVEDGKGCFELYHKCNDQCMETIRNGTYNRRKYQEESKLERQKIEGVKLESEGTYKILTIYSTVASSLVIAMGFAAFLFWAMSNGSCRCNICI,MNPNQKITAIGSVSLIIAIICLLMQIAILTTTMTLHFGQKECSNPSNNQVMPCEPIIIEKNTVHLNSTIIEREICPKVAKYKNWSKPQCLITGFAPFSKDNSVRLSAGGDIWVTREPYVSCSPDKCYQFALGQGTTLENKHSNGTTHDRTPHRTLLMNELGVPFHLGTKQVCIAWSSSSCYDGKAWLHICVTGDDKNATASIIYDGMLVDSIGSWSKNILRTQESECVCINGTCAVVMTDGSASGVADTRVLFIREGRIINIRPLSGSAQHVEECSCYPRYPEIRCVCRDNWKGSNRPIIYINMADYSIESSYVCSGLVGDTPRNDDSSSSSNCRDPNNERGAPGVKGWAFDDGNDVWMGRTIKNGSRSGYETFRVINGWTMANSKSQINRQVIVDSDNWSGYSGIFSVEGKECINRCFYVELIRGRPQEPRVWWTSNSIIVFCGTSGT,560,449,0.00079,0.00338,0.00163,6.4202177533671785,5.05914328060803,7.740075727208046
A/Ohio/13/2017,H3N2,2019-07-01,Moderate,6.6,5.8,5.01,7.59,4.09,7.26,MKTIIALSHILCLVFAQKLPGNDNNMATLCLGHHAVPNGTIVKTITNDQIEVTNATELVQSFSTGEICNSPYQILDGENCTLIDALLGDPQCDGFQNNKWDLFVERSKAHSNCYPYDVPDYASLRSLVASSGTLEFNNESFNWTGVTQDGASSSCKRRSSNSFFSRLNWLTHLNFKYPALEVTMPNNEQFDKLYIWGVHHPATDKDQISLYAQAAGRIIVSTKRNQQAVIPNIGSRPRVRDIPSRISIYWTIVRPGDILLINSTGNLIAPRGYFKIRSGKSSIMRSDAPIGKCNSACITPNGSIPNDKPFQNVNRITYGACPRYVKQNTLKLATGMRNIPEKQTRGIFGAIAGFIENGWEGMVDGWYGFRHQNSEGRGQAADLKSTQAAIDQINGKLNRLIGKTNEKFHQIEKEFSDVEGRIQDLEKYVEDTKIDLWSYNAELLVALENQHTIDLTDSEMNKLFEKTKKQLRENAEDMGNGCFKIYHKCDNACIGSIRNGTYDHDVYRNEALNNRFQIKGVELKSEYKDWILWISFAISCFLLCVALLGFIMWACQKGNI,MNPNQKIITIGSVSLIIATICFLMQIAILVTTITLHFKQHNCDSSPNNHVMFCEPTIIERNKTEIVYLTNTTVEKEICPKPTEYRNWSKPQCNITGFAPFSKDNSIRLSAGGDIWVTREPYVSCDQDKCYQFALGQGTTLNNGHSNDTVHDRTPYRTLLMNELGVPFHLGTRQVCIAWSSSSCHDGKAWLHVCITGDDKNATASLIYNGRLVDSIGSWSKNILRTQESECVCINGTCTVVMTDGSASGKADTKILFIEEGKIIHISTLSGSAQHVEECSCYPRYSGVRCVCRDNWKGSNRPIVDINVKDYSTVSSYICSGLVGDTPRKNDSFSSSNCLDPNNEEGGHGVKGWAFDDGNDLWMGRTISEKSRLGYETFKVVKGWSEPNSKLQSNRQVIVDRGNRSGYSGIFSIEGKNCINRCFYVELIRGRKEETKVLWTSNSIVVFCGT,560,449,0.00409,0.00098,0.002,6.274349262515153,4.933724653759537,7.580146795682842
A/mink/Spain/3691-8_22VIR10586-10/2022,H5N1,2023-04-01,Moderate,5.1,6.2,3.96,6.27,4.95,7.43,MENIVLLLAIVSLVKSDQICIGYHANNSTEQVDTIMEKNVTVTHAQDILEKTHNGKLCDLNGVKPLILKDCSVAGWLLGNPMCDEFIRVPEWSYIVERANPANDLCYPGSLNDYEELKHLLSRINHFEKILIIPKSSWPNHETSLGVSAACPYQGAPSFFRNVVWLIKKNDAYPTIKISYNNTNREDLLILWGIHHSNNAEEQTNLYKNPTTYISVGTSTLNQRLVPKIATRSQVNGQRGRMDFFWTILKPDDAIHFESNGNFIAPEYAYKIVKKGDSTIMKSGVEYGHCNTKCQTPVGAINSSMPFHNIHPLTIGECPKYVKSNKLVLATGLRNSPLREKRRKRGLFGAIAGFIEGGWQGMVDGWYGYHHSNEQGSGYAADKESTQKAMDGVTNKVNSIIDKMNTQFEAVGREFNNLERRIENLNKKMEDGFLDVWTYNAELLVLMENERTLDFHDSNVKNLYDKVRLQLRDNAKELGNGCFEFYHKCDNECMESVRNGTYDYPQYSEEARLKREEISGVKLESIGTYQILSIYSTAASSLALAIMIAGLSLWMCSNGS,MNPNQRIITTGSICMVIGIVSLMLQIGNIISIWVSHSIQTGNQYQPEPCNQSIITYENNTWVNQTYVNISNTNSLAEQAVTSVTLAGNSSLCPISGWAIYSKDNGIRIGSKGDVFVIREPFISCSHLECRTFFLTQGALLNDKHSNGTVKDRSPYRTLMSCPLGEAPSPYNSRFESVAWSASACHDGISWLTIGISGPDNGAVAVLKYNGIITDTIKSWRNNILRTQESECACVNGSCFTVMTDGPSNGQASYKIFKIEKGKVVKSVELNAPNYHYEECSCYPDAGEIMCVCRDNWHGSNRPWVSFNQNLEYQIGYICSGVFGDNPRPNDGTGSCSPMSSNGAYGVKGFSFKYGNGVWIGRTKSTSSRIGFEMIWDPNGWTETDSSFSVKQDIVAMTDWSGYSGTFVQHPELTGLDCMRPCFWVELIRGRPKENTIWTSGSSISFCGVN,560,449,0.00643,0.00109,0.00264,6.063936903246541,4.752810811316403,7.349452534016262
A/swine/Shandong/1207/2016,H1N1,2020-07-01,Moderate,7.5,6.9,6.33,8.65,5.42,8.09,MEARLFVLFCAFTTLKADTICVGYHANNSTDTVDTILEKNVTVTHSVNLLENSHNGKLCSLNGKIPLQLGNCNVAGWILGNPKCDLLLTANSWSYIIETSNSKNGACYPGEFADYEELKEQLSTVSSFERFEIFPKATSWPNHDTTRGTTVACSHSGANSFYRNLLWIVKKGNSYPKLSKSYTNNKGKEVLVIWGVHHPPTESDQQTLYQNNHTYVSVGSSKYYKRFTPEIVARPKVREQAGRMNYYWTLLDQGDTITFEATGNLIAPWHAFALKKGSSSGIMRSDAQVHNCTTKCQTPHGALKGNLPFQNVHPVTIGKCPKYVKSTQLRMATGLRNIPSIQSRGLFGAIAGFIEGGWTGMVDGWYGYHHRNEQGSGYAADQKSTQIAIDGISNKVNSVIEKMNIQFTSVGKEFNSLEKRMENLNKKVDDGFLDVWTYNAELLILLENERTLDFHDLNVKNLYEKVKSQLRNNAKEIGNGCFEFYHKCDNECMESVKNGTYNYPKYSEESKLNREEIDGVKLESMGIHQILAIYSTVASSLVLLVSLGAISFWMCSNGSL,MNPNQKIITIGSICMTIGIASLILQIGNIISIWISHSIQIENQNQSKICNQNVITYENNTWVNQTYVNVSNTTFVAEQAVASVKLAGNSSLCPVSGWAIYSKDNSVRIGSKGDVFVIREPFISCSHLECRTFFLTQGALLNDKHSNGTIKDRSPYRTLMSCPIGEVPSPYNSRFESVAWSASACHDGTNWLTIGISGPDNGAVAVLKYNGIITDTIKSWRKNILRTQESECACVNGSCFTVMTDGPSNGQASYKIFKIERGKVVKSVELNAPNYHYEECSCYPESSEIICVCRDNWHGSNRPWVSFNQNLEYQIGYICSGIFGDNPRPNDKTGSCGPVFPNGANGVKGFSFKYGNGVWIGRTKSTSSRMGFEMIWDPDGWTRTDDKFSVKQDIIGITDWSGYSGSFVQHPELTGLNCMRPCFWVELIRGRPKENTIWTSGSSISFCGVN,560,449,0.00244,0.00405,0.00315,5.9297041852913,4.637396693670079,7.202280961643696
A/Vietnam/1203/2004,H5N1,2011-11-01,Moderate,5.2,6.6,-1.0,-1.0,-1.0,-1.0,MEKIVLLFAIVSLVKSDQICIGYHANNSTEQVDTIMEKNVTVTHAQDILEKKHNGKLCDLDGVKPLILRDCSVAGWLLGNPMCDEFINVPEWSYIVEKANPVNDLCYPGDFNDYEELKHLLSRINHFEKIQIIPKSSWSSHEASLGVSSACPYQGKSSFFRNVVWLIKKNSTYPTIKRSYNNTNQEDLLVLWGIHHPNDAAEQTKLYQNPTTYISVGTSTLNQRLVPRIATRSKVNGQSGRMEFFWTILKPNDAINFESNGNFIAPEYAYKIVKKGDSTIMKSELEYGNCNTKCQTPMGAINSSMPFHNIHPLTIGECPKYVKSNRLVLATGLRNSPQRERRRKKRGLFGAIAGFIEGGWQGMVDGWYGYHHSNEQGSGYAADKESTQKAIDGVTNKVNSIIDKMNTQFEAVGREFNNLERRIENLNKKMEDGFLDVWTYNAELLVLMENERTLDFHDSNVKNLYDKVRLQLRDNAKELGNGCFEFYHKCDNECMESVRNGTYDYPQYSEEARLKREEISGVKLESIGIYQILSIYSTVASSLALAIMVAGLSLWMCSNG,MNPNQKIITIGSICMVTGIVSLMLQIGNMISIWVSHSIHTGNQHQSEPISNTNFLTEKAVASVKLAGNSSLCPINGWAVYSKDNSIRIGSKGDVFVIREPFISCSHLECRTFFLTQGALLNDKHSNGTVKDRSPHRTLMSCPVGEAPSPYNSRFESVAWSASACHDGTSWLTIGISGPDNGAVAVLKYNGIITDTIKSWRNNILRTQESECACVNGSCFTVMTDGPSNGQASHKIFKMEKGKVVKSVELDAPNYHYEECSCYPNAGEITCVCRDNWHGSNRPWVSFNQNLEYQIGYICSGVFGDNPRPNDGTGSCGPVSSNGAYGVKGFSFKYGNGVWIGRTKSTNSRSGFEMIWDPNGWTETDSSFSVKQDIVAITDWSGYSGSFVQHPELTGLDCIRPCFWVELIRGRPKESTIWTSGSSISFCGVNSDTVGWSWPDGAELPFTIDK,560,449,0.00561,0.00455,0.00505,5.543435216221171,4.305280255006821,6.778779058361547
A/American wigeon/South Carolina/AH0195145/2021,H5N1,2022-03-01,Moderate,4.4,5.1,3.28,5.51,3.84,6.19,MENIVLLLAIVSLVKSDQICIGYHANNSTEQVDTIMEKNVTVTHAQDILEKTHNGKLCDLNGVKPLILKDCSVAGWLLGNPMCDEFIRVPEWSYIVERANPANDLCYPGSLNDYEELKHMLSRINHFEKILIIPKSSWPNHETSLGVSAACPYQGAPSFFRNVVWLIKKNDAYPTIKISYNNTNREDLLILWGIHHSNNAEEQTNLYKNPTTYISVGTSTLNQRLAPKIATRSQVNGQRGRMDFFWTILKPDDAIHFESNGNFIAPEYAYKIVKKGDSTIMKSGVEYGHCNTKCQTPVGAINSSMPFHNIHPLTIGECPKYVKSNKLVLATGLRNSPLREKRRKRGLFGAIAGFIEGGWQGMVDGWYGYHHSNEQGSGYAADKESTQKAIDGVTNKVNSIIDKMNTQFEAVGREFNNLERRIENLNKKMEDGFLDVWTYNAELLVLMENERTLDFHDSNVKNLYDKVRLQLRDNAKELGNGCFEFYHKCDNECMESVRNGTYDYPQYSEEARLKREEISGVKLESVGTYQILSIYSTAASSLALAIMMAGLSLWMCSNGS,MNPNQKITTIGSICMVIGIVSLMLQIGNIISIWVSHSIQTGNQYQPEPCNQSIITYENNTWVNQTYVNISNTNFLAEQAVTSVTLAGNSSLCPISGWAIYSKDNGIRIGSKGDVFVIREPFISCSHLECRTFFLTQGALLNDKHSNGTVKDRSPYRTLMSCPVGEAPSPYNSRFESVAWSASACHDGISWLTIGISGPDNGAVAVLKYNGIITDTIKSWRNNILRTQESECACVNGSCFTVMTDGPSNGQASYKIFKIDKGKVVKSVELNAPNYHYEECSCYPDAGDIMCVCRDNWHGSNRPWVSFNQNLEYQIGYICSGVFGDNPRPNDGTGSCSPMSSNGAYGVKGFSFKYGNGVWIGRTKSTSSRSGFEMIWDPNGWTETDSSFSVKQDIVEITDWSGYSGSFVQHPELTGLDCMRPCFWVELIRGRPKENTIWTSGSSISFCGVN,560,449,0.00916,0.00523,0.00692,5.277358752754707,4.076506072935383,6.487055162010523
A/Northern pintail/Washington/40964/2014,H5N2,2015-03-01,Low-Moderate,3.8,4.1,2.6,5.0,3.0,5.7,MEKIVLLLAVISLVKSDQICIGYHANNSTKQVDTIMEKNVTVTHAQDILEKTHNGKLCDLNGVKPLILKDCSVAGWLLGNPMCDEFIRVPEWSYIVERANPANDLCYPGTLNDYEELKHLLSRINHFEKNLIIPRSSWPNHETSLGVSAACPYQGASSFFRNVVWLIKKNDAYPTIKISYNNTNREDLLILWGIHHSNNAAEQTNLYKNPDTYVSVGTSTLNQRLVPKIATRSQVNGQSGRMDFFWTILKPNDAIHFESNGNFIAPEYAYKIVKKGDSTIMKSEMEYGHCNTKCQTPIGAINSSMPFHNIHPLTIGECPKYVKSNKLVLATGLRNSPLRERRRKRGLFGAIAGFIEGGWQGMVDGWYGYHHSNEQGSGYAADKESTQKAIDGVTNKVNSIIDKMNTQFEAVGREFNNLERRIENLNKKMEDGFLDVWTYNAELLVLMENERTLDFHDSNVKNLYDKVRLQLRDNAKELGNGCFEFYHKCDNECMESVRNGTYDYPKYSEEAILKREEISGVKLESIGTYQILSIYSTVASSLALAIIVAGLSLWMCSNGS,MNPNQKIITIGSVSLTIATVCFLMQIAILATTVTLHFKQNECSIPPNNQVVPCEPIIIEKNITEIVYLNNTTIEKEVCPEVPEYRNWSKPQCQITGFAPFSKDNSIRLSAGGDIWVTREPYVSCSPGKCYQFALGQGTTLNNKHSNGTIHDRIPHRTLLMSELGVPFHLGTKQVCIAWSSSSCHDGKAWLHVCVTGDDRNATASFIYDGMLADSIGSWSQNILRTQESECVCINGTCTVVMTDGSASGRADTRILFIKEGKIVHISPLSGSAQHIEECSCYPRYPDVRCVCRDNWKGSNRPVIDINMADYSIDSSYVCSGLVGDTPRNDDSSSSSNCRDPNNERGNPGVKGWAFDNGNDVWMGRTISEDSRSGYETFRVTDGWTTANSKSQVNRQIIVDNNNWSGYSGIFSVEGKSCINRCFYVELIRGRPQETRVWWTSNSIVVFCGT,560,449,0.02454,0.00778,0.01381,4.674818968148729,3.558438655047792,5.826435837092607
A/American green-winged teal/Washington/1957050/2014,H5N1,2015-03-01,Low-Moderate,3.6,4.1,2.4,4.6,3.0,5.6,MEKIVLLLAVISLVKSDQICIGYHANNSTKQVDTIMEKNVTVTHAQDILEKTHNGKLCDLNGVKPLILKDCSVAGWLLGNPMCDEFIRVPEWSYIVERANPANDLCYPGTLNDYEELKHLLSRINHFEKTLIIPRSSWPNHETSLGVSAACPYQGASSFFRNVVWLIKKNDAYPTIKISYNNTNREDLLILWGIHHSNNAAEQTNLYKNPDTYVSVGTSTLNQRLVPKIATRSQVNGQSGRMDFFWTILKPNDAIHFESNGNFIAPEYAYKIVKKGDSTIMKSEMEYGHCNTKCQTPIGAINSSMPFHNIHPLTIGECPKYVKSNKLVLATGLRNSPLRERRRKRGLFGAIAGFIEGGWQGMVDGWYGYHHSNEQGSGYAADKESTQKAIDGVTNKVNSIIDKMNTQFEAVGREFNNLERRIENLNKKMEDGFLDVWTYNAELLVLMENERTLDFHDSNVKNLYDKVRLQLRDNAKELGNGCFEFYHKCDNECMESVRNGTYDYPKYSEEAILKREKISGVKLESIGTYQILSIYSTVASSLALAIIVAGLSLWMCSNGS,MNPNQKIITIGSICMVIGIISLVLQIGNIISIWVSHSIQTGSQNHPETCNQSVITYENNTWVNQTYINISNTNLIAEQVVNPVALAGNSSLCPISGWAIYSKDNGIRIGSKGDVFVIREPFISCSHLECRTFFLTQGALLNDKHSNGTVKDRSPYRTLMSCPVGEAPSPYNSRFESVAWSASACHDGISWLTIGISGPDNGAVAVLKYNGIITDTIKSWRSNILRTQESECACINGSCFTIMTDGPSNGQASYKIFKVEKGKVVKSVELNAPNYHYEECSCYPDASEVMCVCRDNWHGSNRPWVSFNQNLEYQIGYICSGVFGDNPRPNDGTGSCGPVSSNGAYGVKGFSFKYGNGVWIGRTKSTSSRSGFEMIWDPNGWTETDSSFSVKQEIVAITDWSGYSGSFVQHPELTGLDCMRPCFWVELIRGRPKENTIWTSGSSISFCGVN,560,449,0.03613,0.0061,0.01484,4.611223430897282,3.503758820429773,5.756710248907062
A/canine/Illinois/12191/2015,H3N2,2016-06-01,Low,3.7,3.7,2.81,4.9,2.69,4.9,MKTVIALSYIFCLAFGQNLLGNENNAATLCLGHHAVPNGTMVKTITDDQIEVTNATELVQNPSTGKICNNPHKILDGRDCTLIDALLGDPHCDVFQNETWDLFVERSNAFSNCYPYDVPDYASLRSIVASSGTLEFITEGFTWAGVTQNGGSGACKRGPANSFFSRLNWLTKSGNTYPVLNVTMPNNNNFDKLYIWGVHHPSTNQEQTSLYIQASGRVTVSTRRSQQTIIPNIESRPLVRGQSGRISVYWTIVKPGDILVINSNGNLIAPRGYFKMHIGKSSIMRSDAPIDTCISECITPNGSIPNEKPFQNVNKITYGACPKYVKQNTLKLATGMRNVPERQTRGLFGALAGFIENGWEGMVDGWYGFRHQNSEGTGQAADLKSTQAAIDQINGKLNRVIEKTNEKFHQIEKEFSEVEGRIQDLERYVEDTKVDLWSYNAELLVALENQNTIDLTDSEMNKLFEKTRRQLRENAEDMGNGCFKIYHKCDNACIESIRNGTYDHNIYRDEAVNNRFQIKGVELKSGYKDWILWISFAISCFLLCVVLLGFIMWACQRGNI,MNPNQKIIAIGSVSLTIATVCFLLQIAILATTVTLYFKQNECNIPSNSQVVPCKPIIIERNITEVVYLNNTTIEKEICSVVLEYRNWSKPQCQITGFAPFSKDNSIRLSAGGDIWVTREPYVSCDHSKCYQFALGQGTTLNNKHSNSTIHDRTSHRTLLMNELGVPFHLGTKQVCIAWSSSSCHDGKAWLHVCVTGDDRNATASFVYNGMLVDSIGSWSRNILRTQESECVCINGTCTVVMTDGSASGRADTRILFIREGKIIHISPLSGSAQHIEECSCYPRYPNVRCVCRDNWKGSNRPVIDINMADYNINSSYVCSGLVGDTPRNDDSSSSSNCKDPNNERGNPGVKGWAFDNDNDVWMGRTISKDLRSGYETFKVIGGWTTANSKSQVNRQVIVDNNNWSGYSGIFSVEGKSCVNRCFYVELIRGGPQETRVWWTSNSIVVFCGT,560,449,0.01995,0.01536,0.0175,4.464665022400754,3.3777469981412875,5.596024897739198
A/Bangladesh/0994/2011,H9N2,2014-02-01,Moderate,5.6,5.4,4.49,6.74,4.41,6.65,METVSLMTILLLVTTSNADKICIGHQSTNSTETVDTLTETNVPVTHAKELLHTDHNGMLCATNLGHPLILDTCNVEGLIYGNPSCDLLLGGREWSYIVERPSAVNGTCYPGNVENLEELRTLFSSSSSYQRIQIFPDTIWNVTYTGTSKSCSDSFYRNMRWLTQKNGLYPVQDAQFTNNRGKDILFVWGIHHPPTDTAQTNLYTRTDTTTSVTTENLDRTFKPLIGPRPLVNGLIGRINYYWSVLKPGQTLRVRSNGNLIAPWYGHVLSGESHGRILKTNLNSGNCVVQCQTEKGGLNSTLPFHNISKYAFGNCPKYIGVKSLKLAIGLRNVPAKSSRGLFGAIAGFIEGGWPGLVAGWYGFQHSNDQGVGIAADRVSTQKAVDKITSKVNNIVDKMNKQYEIIDHEFSEVETRLNMINNKIDDQIQDVWAYNAELLVLLENQKTLDEHDANVNNLYNKVKRALGSNALEDGKGCFELYHKCDDQCMETIRNGTYNRRKYQEESRLERQKIEGIKLESEGTYKILTIYSTVASSLVLAMGFAAFLFWAMSNGSCRCNICI,MNPNQKIIALGSASLTIAIICLLIQIAILATTMTLHFMQNEHTNSTRNKVVPCESIIIERNITEIVHLNGTIIEKESCPKAVEYKNWSKPQCQITGFAPFSKDNSIRLSAGGDIWVTREPYVSCSLSKCYQFALGQGTTLNNRHSNGTTHDRSPYRTLLMSELGVPFHLGTKQVCIAWSSSSCHDGRAWLHVCVTGDDKNATASVIYGGMLTDSIGSWSKNILRTQESECVCINGTCTVVMTDGSASGRADTRILFIREGKIVHISPLSGSAQHVEECSCYPRYPEVRCVCRDNWKGSNRPVLYINVADYSIDSSYVCSGLVGDTPRNEDSSSSSNCRDPNNERGGPGVKGWAFDNGDDVWMGRTIKKDSRAGYETFRVVDGWTLANSKSQTNRQVIVDSDNWSGYSGMFSVEGKTCINRCFYVELIRGRPQETRVWWTSNSIIVFCGT,560,449,0.03444,0.03018,0.03224,3.916383454283055,2.9063311289703506,4.994893804575432
A/Yunnan/14564/2015,H5N6,2016-04-01,Moderate,5.0,6.6,4.07,6.18,5.57,7.93,MEKMVLLLAAVSLVKSDQICIGYHANNSTEQVDTIMEKNVTVTHAQDILEKTHNGRLCDLNGVKPLILKDCSVAGWLLGNPMCDEFIRVPEWSYIVERANPANDLCYPGNLNDYEELKHLLSRINHFEKTLIIPKSSWPNHTSSGVSAACPYQGMPSFFRNVVWLTKKNDAYPTIKMSYNNTYREDLLILWGIHHSNNAAEQTNLYKNPTTYVSVGTSTLNQRLEPKIATRSQVNGQRGRMDFFWTILKPNDAIHFESNGNFIAPEYAYKIVKKGDSTIMKSEMEYGHCNTKCQTPIGAINSSMPFHNIHPLTIGECPKYVKSNKLVLATGLRNSPLRERRRKRGLFGAIAGFIEGGWQGMVDGWYGYHHSNEQGSGYAADRESTQKAIDGVTNKVNSIIDKMNTQFEAVGREFNNLERRIENLNKKMEDGFLDVWTYNAELLVLMENERTLDFHDSNVKNLYDKVRLQLRDNAKELGNGCFEFYHKCDNECMESVRNGTYDYPQYSEEARLKREEISGVKLESIGTYQILSIYSTVASSLALAIIVAGLSLWMCSNGSL,MNPNQKITCISATGVTLSVVSLLIGIANLGLNIGLHYKVSDSTTINIPNMNETNPTTTNITNIIVNKNEERTFLNLTKPLCEVNSWHILSKDNAIRIGEDAHILVTREPYLSCDPQGCRMFALSQGTTLRGRHANGTIHDKSPFRALISWEMGQAPSPYNTRVECIGWSSTSCHDGISRMSICISGPNNNASAVVWYRGRPVTEIPSWVGNILRTQESECVCHKGICPVVMTDGPANNKAATKIIYFKEGKIQKIEELQGNAQHIEECSCYGAAGMIKCVCRDNWKGANRPIITIDPEMMTHTSKYLCSKILTDTSRPNDPTNGNCDEPITGGSPDPGVKGFAFLDGENSWLGRTISKDSRSGYEMLKVPNAETDTQSGPTSYQLIVNNQNWSGYSGAFIDYWANKECFNPCFYVELIRGRPKEIDVLWASNSMVALCGSRERLGSWSW,560,449,0.01792,0.09852,0.04202,3.6767527728069656,2.7002951931356,4.732164831201706
A/gyrfalcon/Washington/41088/2014,H5N8,2015-03-01,Low-Moderate,4.2,4.6,2.9,5.3,3.4,5.9,MEKIVLLLAVISLVKSDQICIGYHANNSTKQVDTIMEKNVTVTHAQDILEKTHNGKLCDLNGVKPLILKDCSVAGWLLGNPMCDEFIRVPEWSYIVERANPANDLCYPGTLNDYEELKHLLSRINHFEKTLIIPRSSWPNHETSLGVSAACPYQGASSFFRNVVWLIKKNDAYPTIKISYNNTNREDLLILWGIHHSNNAAEQTNLYKNPDTYVSVGTSTLNQRLVPKIATRSQVNGQSGRMDFFWTILKPNDAIHFESNGNFIAPEYAYKIVKKGDSTIMKSEMEYGHCNTKCQTPIGAINSSMPFHNIHPLTIGECPKYVKSNKLVLATGLRNSPLRERRRKRGLFGAIAGFIEGGWQGMVDGWYGYHHSNEQGSGYAADKESTQKAIDGVTNKVNSIIDKMNTQFEAVGREFNNLERRIENLNKKMEDGFLDVWTYNAELLVLMENERTLDFHDSNVKNLYDKVRLQLRDNAKELGNGCFEFYHKCDNECMESVRNGTYDYPKYSEEAILKREEISGVKLESIGTYQILSIYSTVASSLALAIIVAGLSLWMCSNGS,MNPNQKIVTIGSLSLGLVVFNVLLHAVSIILTVLALGKSENNGICNGTVVREYNETVRIEKVTQWYNTSVVEYVPHWNEGTYINNTEPICDVKGFAPFSKDNGIRVGSRGHIFVIREPFVSCSPVGCRTFFLTQGSLLNDKHSNGTVKDRSPFRTLMSVEVGQSPNVYQARFEAVAWSATACHDGKKWMAIGVTGPDSKAVAVVHYGGVPTDVVNSWAGDILRTQESSCTCIQGNCYWVMTDGPANRQAQYRIYKANQGKIIGRKDVSFSGGHIEECSCYPNDGKVECVCRDNWTGTNRPVLIISPDLSYRVGYLCAGLPSDTPRGEDTQFVGSCTSPMGNQGYGVKGFGFRQGTDVWVGRTISRTSRSGFEIIRIKNGWTQTSKEQIRRQVVVDNSNWSGYSGSFTLPVELSGRECLVPCFWVEMIRGRPEERTIWTSSSSIVMCGVD,560,449,0.02582,0.10708,0.05259,3.473269227720684,2.5253387878014695,4.509067260516462
A/chicken/Tennessee/17-007431-3/2017,H7N9,2017-10-01,Low,3.1,3.5,2.2,3.94,2.53,4.32,MNTQILALIACMLIGAKGDKICLGHHAVANGTKVNTLTERGIEVVNATETVETANIKKICTQGRKPTDLGQCGLLGTLIGPPQCDQFLEFDADLIIERREGTDVCYPGKFTNEESLRQILRGSGGIDKESMGFTYSGIRTNGATSACRRLDSSFYAEMKWLLSNSNNAAFPQMTKSYRNPRSKPALIIWGVHHSGSADEQTKLYGSGNKLITVGSSKYQQSFTPSPGARPQVNGQSGRIDFHWLLLDPNDTVTFTFNGAFIAPDRASFLRGESLGVQSDVPLDSSCKGDCFHNGGTIVSSLPFQNINPRTVGKCPRYVKQTSLLLATGMRNVPENPKTRGLFGAIAGFIENGWEGLIDGWYGFRHQNAQGEGTAADYKSTQSAIDQITGKLNRLIDKTNQQFELIDNEFSEIEQQIGNVINWTRDSMTEVWSYNAELLVAMENQHTIDLADSEMNKLYERVRKQLRENAEEDGTGCFEIFHKCDDQCMESIRNNTYDHTQYRAESLQNRIQIDPVKLSSGYKDIILWFSFGASCFLLLAIAMGLVFICIKNGNMRCTICI,MNPNQKILCTSATAIVIGTIAVLIGIANLGLNIGLHLKPNCNCSNSQSETSNASQTIINNYYNETNITQISNTNIQMEEKANREFNNLTKGLCTINSWHIYGKDNAVRIGENSDVLVTREPYVSCDPDECRFYALSQGTTIRGKHSNGTIHDRSQYRALISWPLSSPPTVYNSRIECIGWSSASCHDGRARMSICISGPNNNASAVIWYNRRPVTEINTWARNILRTQESECVCHNGICPVVFTDGSATGPAETRVYYFKEGKILKWEPLTGTAKHIEECSCYGVQAGITCTCRDNWQGSNRPVIQIDPVAMTHTSQYICSPVLTDNPRPNDPAVGKCNDPYPGNNNNGVKGFSYLDGGNTWLGRTISTASRSGYEMLKVPNALTDDRSKPTQGQTIVLNTDWSGYSGSFMDYWAEGECYRACFYVELIRGRPKEDKVWWTSNSIVSMC,560,449,0.04786,0.06142,0.05422,3.44542943788658,2.5014019650349546,4.4785439595893894
A/Jiangxi-Donghu/346/2013,H10N8,2014-02-01,Moderate,4.3,6.0,3.37,5.96,5.21,7.24,MYKIVVIIALLGAVKGLDKICLGHHAVANGTIVKTLTNEQEEVTNATETVESTGINRLCMKGRKHKDLGNCHPIGMLIGTPACDLHLTGMWDTLIERENAIAYCYPGATVNVEALRQKIMESGGINKISTGFTYGSSINSAGTTRACMRNGGNSFYAELKWLVSKSKGQNFPQTTNTYRNTDTAEHLIMWGIHHPSSTQEKNDLYGTQSLSISVGSSTYRNNFVPVVGARPQVNGQSGRIDFHWTLVQPGDNITFSHNGGLIAPSRVSKLIGRGLGIQSDAPIDNNCESKCFWRGGSINTRLPFQNLSPRTVGQCPKYVNRRSLMLATGMRNVPELIQGRGLFGAIAGFLENGWEGMVDGWYGFRHQNAQGTGQAADYKSTQAAIDQITGKLNRLVEKTNTEFESIESEFSEIEHQIGNVINWTKDSITDIWTYQAELLVAMENQHTIDMADSEMLNLYERVRKQLRQNAEEDGKGCFEIYHACDDSCMESIRNNTYDHSQYREEALLNRLNINPVTLSSGYKDIILWFSFGASCFVLLAVVMGLFFFCLKNGNMRCTIC,MNPNQKIITIGSVSLGLVILNILLHIVSITVTVLVLPGNGNNESCNETVIREYNETVRVEKVTQWHNTNVIEYIERPENDHFMNNTEALCDAKGFAPFSKDNGIRIGSRGHVFVIREPFVSCSPTECRTFFLTQGSLLNDKHSNGTVKDRSPYRTLMSVEIGQSPNVYQARFEAVAWSATACHDGKKWMTIGVTGPDAKAVAVVHYGGIPTDVINSWAGDILRTQESSCTCIQGECFWVMTDGPANRQAQYRAFKAKQGKIVGQAEISFNGGHIEECSCYPNEGKVECVCRDNWTGTNRPVLVISPDLSYRVGYLCAGLPSDTPRGEDSQFTGSCTSPMGNQGYGVKGFGFRQGNDVWMGRTISRTSRSGFEILKVRNGWVQNSKEQIKRQVVVDNLNWSGYSGSFTLPAELTKRNCLVPCFWVEMIRGNPEEKTIWTSSSSIVMCGVD,560,449,0.0366,0.12611,0.06794,3.2402609437793477,2.324996830154895,4.253599025604359
A/turkey/Indiana/1573-2/2016,H7N8,2017-07-01,Low,3.4,3.9,2.4,4.26,2.91,4.63,MNTQILALIACMLIGAKGDKICLGHHAVANGTKVNTLTERGIEVVNATETVETANIKKICTQGKRPTDLGQCGLLGTLIGPPQCDQFLEFDADLIIERREGTDVCYPGKFTNKESLRQILRGSGGIDKESMGFTYSGIRTNGATSACRRSGSSFYAEMKWLLSNSDNAAFPQMTKSYRNPRSKPALIIWGVHHSGSVTEQTXLYGSGNKLITVGSSKYQQSFTPSPGARPQVNGQSGRIDFHWLLLDPNDTVTFTFNGAFIAPDRASFLRGESLGVQSDVPLDSSCKGDCFHNGGTIVSSLPFQNINPRTVGKCPRYVKQTSLLLATGMRNVPENPKTRGLFGAIAGFIENGWEGLIDGWYGFRHQNAQGEGTAADYKSTQSAIDQITGKLNRLIDKTNQQFELIDNEFSEIEQQIGNVINWTRDSMTEVWSYNAELLVAMENQHTIDLADSEMNKLYERVRKQMRENAEEDGTGCFEIFHKCDDQCMESIRNNTYDHTQYRAESLQKRIQIDPVKLSSGYKDIILWFSFGASCFLLLAIAMGLVFICIKNGNMRCTICI,MNPNKKIITIGSVSLGLVVLNILLHIVSITVTVLVLPGNGNNGNCNETVIREYNETVRIEKVTQWHNTNVIEYIERPENDHFMNNTEALCDAKGFAPFSKDNGIRIGSRGHIFVIREPFVSCSPTECRTFFLTQGSLLNDKHSNGTVKDRSPYRTLMSVEIGQSPNVYQARFEAVAWSATACHDGKKWMTIGVTGPDAEAVAVVHYGGIPTDVINSWAGDILRTQESSCTCIQGECYWVMTDGPANRQAQYRAFKAKQGKIVGQTEISFNGGHIEECSCYPNEGKVECVCRDNWTGTNRPVLVISPDLSYRVGYLCAGLPSDTPRGEDSQFTGSCTSPMGNQGYGVKGFGFRQGNDVWMGRTISRTSRSGFEILKVRNGWVQNSKEQIKRQVVVDNLNWSGYSGSFTLPVELTKRNCLVPCFWVEMIRGKPEEKTIWTSSSSIVMCGVD,560,449,0.05125,0.11962,0.0783,3.111014776211134,2.213870179243839,4.111894663255944
A/chicken/Tennessee/17-007147-2/2017,H7N9,2017-10-01,Low,2.8,3.5,2.01,3.71,2.67,4.39,MNTQILALIACMLIGAKGDKICLGHHAVANGTKVNTLTERGIEVVNATETVETANIKKICTQGRRPTDLGQCGLLGTLIGPPQCDQFLEFDADLIIERREGTDVCYPGKFTNEESLRQILRGSGGIDKESMGFTYSGIRTNGATSACRRSGSSFYAEMKWLLSNSNNAAFPQMTKSYRNPRSKPALIIWGVHHSGSAAEQTKLYGSGNKLITVGSSKYQQSFTPSPGARPQVNGQSGRIDFHWLLLDPNDTVTFTFNGAFIAPDRASFLRGESLGVQSDVPLDSSCEGDCFHNGGTIVSSLPFQNINPRTVGKCPRYVKQTSLLLATGMRNVPENPKTDRKSRHRRIRGLFGAIAGFIENGWEGLIDGWYGFRHQNAQGEGTAADYKSTQSAIDQITGKLNRLIDKTNQQFELIDNEFSEIEQQIGNVINWTRDSMTEVWSYNAELLVAMENQHTIDLADSEMNKLYERVRKQLRENAEEDGTGCFEIFHKCDDQCMESIRNNTYDHTQYRAESLQNRIQIDPVKLSSGYKDIILWFSFGASCFLLLAIAMGLVFICIKN,MNPNQKILCTSATAIVIGTIAVLIGIANLGLNIGLHLKPNCNCSNSQSETSNASQTIINNYYNETNITQISNTNIQMEEKANREFNNLTKGLCTINSWHIYGKDNAVRIGENSDVLVTREPYVSCDPDECRFYALSQGTTIRGKHSNGTIHDRSQYRALISWPLSSPPTVYNSRIECIGWSSASCHDGRARMSICISGPNNNASAVIWYNRRPVTEINTWARNILRTQESECVCHNGICPVVFTDGSATGPAETRVYYFKEGKILKWEPLTGTAKHIEECSCYGVQAGITCTCRDNWQGSNRPVIQIDPVAMTHTSQYICSPVLTDNPRPNDPAVGKCNDPYPGNNNNGVKGFSYLNGGNTWLGRTISTASRSGYEMLKVPNALTDDRSKPTQGQTIVLNTDWSGYSGSFMDYWAEGECYRACFYVELIRGRPKEDKVWWTSNSIVSMC,560,449,0.10345,0.06178,0.07995,3.0920468360084654,2.1975614274327553,4.091098380301841
A/Astrakhan/3212/2020,H5N8,2021-03-01,Moderate,4.6,5.2,3.64,5.82,4.07,6.37,MENIVLLLAIVSLVKSDQICIGYHANNSTEQVDTIMEKNVTVTHAQDILEKTHNGKLCDLNGVKPLILKDCSVAGWLLGNPMCDEFIRVPEWSYIVERANPANDLCYPGSLNDYEELKHLLSRINHFEKILIIPKSSWPNHETSLGVSAACPYQGAPSFFRNVVWLIKKNDAYPTIKISYNNTNREDLLILWGIHHSNNAEEQTNLYKNPTTYISVGTSTLNQRLVPKIATRSQVNGQRGRMDFFWTILKPDDAIHFESNGNFIAPEYAYKIVKKGDSTIMKSGVEYGHCNTKCQTPVGAINSSMPFHNIHPLTIGECPKYVKSNKLVLATGLRNSPLREKRRKRGLFGAIAGFIEGGWQGMVDGWYGYHHSNEQGSGYAADKESTQKAIDGVTNKVNSIIDKMNTQFEAVGREFNNLERRIENLNKKMEDGFLDVWTYNAELLVLMENERTLDFHDSNVKNLYDKVRLQLRDNAKELGNGCFEFYHKCDNECMESVRNGTYDYPQYSEEARLKREEISGVKLESIGTYQILSIYSTAASSLALAIMMAGLSLWMCSNGS,MNPNQKIATIGSISLGLVVFNVLLHALNIILMVLALGKSENNGICKGTIIREYNETVRIEKVTQWYNTSVVEYVPHWNEGAYINNTEPICDVKGFAPFSKDNGIRIGSRGHIFVIREPFVSCSPVECRTFFLTQGALLNDKHSNGTVKDRSPFRTLMSVEVGQSPNVYQARFEAVAWSATACHDGKKWMTIGVTGPDSKAIAVVHYGGVPTDIVNSWAGDILRTQESSCTCIQGNCYWVMTDGPSNRQAQYRIYKANQGKIIDQADVSFSGGHIEECSCYPNDGKVECVCRDNWIGTNRPVLVISPDLSYRVGYLCAGLPSDTPRGEDAQFVGSCTSPMGNQGYGVKGFGFRQGTDVWMGRTISRTSRSGFEIIRIKNGWTQTSKEQIRRQVVVDNLNWSGYSGSFTLPVELSGRECLVPCFWVEMIRGRPEERTIWTSSSSIVMCGVD,560,449,0.13288,0.14714,0.13983,2.581830720556918,1.7588744689118792,3.5317019149344007
A/Netherlands/219/2003,H7N7,2012-06-01,Moderate,4.6,5.8,3.22,4.39,5.99,7.22,MNTQILVFALVASIPTNADKICLGHHAVSNGTKVNTLTERGVEVVNATETVERTNVPRICSKGKRTVDLGQCGLLGTITGPPQCDQFLEFSADLIIERREGSDVCYPGKFVNEEALRQILRESGGIDKETMGFTYSGIRTNGTTSACRRSGSSFYAEMKWLLSNTDNAAFPQMTKSYKNTRKDPALIIWGIHHSGSTTEQTKLYGSGNKLITVGSSNYQQSFVPSPGARPQVNGQSGRIDFHWLILNPNDTVTFSFNGAFIAPDRASFLRGKSMGIQSEVQVDANCEGDCYHSGGTIISNLPFQNINSRAVGKCPRYVKQESLLLATGMKNVPEIPKRRRRGLFGAIAGFIENGWEGLIDGWYGFRHQNAQGEGTAADYKSTQSAIDQITGKLNRLIEKTNQQFELIDNEFTEVERQIGNVINWTRDSMTEVWSYNAELLVAMENQHTIDLADSEMNKLYERVKRQLRENAEEDGTGCFEIFHKCDDDCMASIRNNTYDHSKYREEAIQNRIQIDPVKLSSGYKDVILWFSFGASCFILLAIAMGLVFICVKNGNMRCTI,MNPNQKLFALSGVAIALSVLNLLIGISNVGLNVSLHLKEKGPKQEENLTCTTINQNNTTVVENTYVNNTTIITKGTDLKTPSYLLLNKSLCNVEGWVVIAKDNAVRFGESEQIIVTREPYVSCDPTGCKMYALHQGTTIRNKHSNGTIHDRTAFRGLISTPLGTPPTVSNSDFMCVGWSSTTCHDGIARMTICIQGNNDNATATVYYNRRLTTTIKTWARNILRTQESECVCHNGTCAVVMTDGSASSQAYTKVMYFHKGLVVKEEELRGSARHIEECSCYGHNQKVTCVCRDNWQGANRPIIEIDMSTLEHTSRYVCTGILTDTSRPGDKSSGDCSNPITGSPGVPGVKGFGFLNGDNTWLGRTISPRSRSGFEMLKIPNAGTDPNSRIAERQEIVDNNNWSGYSGSFIDYWNDNSECYNPCFYVELIRGRPEEAKYVWWASNSLIAL,560,449,0.12588,0.16436,0.14384,2.5559912140161583,1.7366575020408617,3.5033717070323087
