season,name,ha_acc,ha_seq,na_acc,na_seq,name_who,ha_seq_who,na_seq_who,ha_who_error,na_who_error,ha_enet_error,na_enet_error,ha_random_error,na_random_error,ha_random_error_std,na_random_error_std
03_04,A/Hong Kong/CUHK24044/2002,ACF36302.1 ,MKTIIALSYILCLVFAQKLPGNDNSTATLCLGHHAVPNGTIVKTITNDQIEVTNATELVQSSSTGGICDSPHQILDGENCTLIDALLGDPQCDGFQNKKWDLFVERSKAYSNCYPYDVPDYASLRSLVASSGTLEFNNESFNWTGVTQNGTSSACKRRSNKSFFSRLNWLTQLKYKYPALNVTMPNNEKFDKLYIWGVHHPGTDSDQISLYAQASGRITVSTKRSQQTVIPNIGSRPRVRDVSSRISIYWTIVKPGDILLINSTGNLIAPRGYFKIRSGKSSIMRSDAPIGKCNSECITPNGSIPNDKPFQNVNRITYGACPRYVKQNTLKLATGMRNVPEKQTRGIFGAIAGFIENGWEGMVDGWYGFRHQNSEGTGQAADLKSTQAAINQINGKLNRLIGKTNEKFHQIEKEFSEVEGRIQDLEKYVEDTKIDLWSYNAELLVALENQHTIDLTDSEMNKLFERTKKQLRENAEDMGNGCFKIYHKCDNACIGSIRNGTYDHDVYRDEALNNRFQIKGVELKSGYKDWILWISFAISCFLLCVALLGFIMWACQKGNIRCNIC,ACF36583.1 ,MNPNQKIITIGSVSLTISTICFFMQIAILITTVTLHFKQYEFNSPPNNQVMLCEPTIIERNITEIVYLTNTTIEKEICPKLAEYRNWSKPQCNITGFAPFSKDNSIRLSAGGDIWVTREPYVSCDPDKCYQFALGQGTTLNNVHSNDTVHDRTPYRTLLMNELGVPFHLGTKQVCIAWSSSSCHDGKAWLHVCVTGDDENATASFIYNGRLVDSIVSWSKKILRTQESECVCINGTCTVVMTDGSASGKADTKILFIEEGKIVHTSTLSGSAQHVEECSCYPRYPGVRCVCRDNWKGSNRPIVDINIKDYSIVSSYVCSGLVGDTPRKNDSSSSSHCLDPNNEEGGHGVKGWAFDDGNDVWMGRTISEKLRSGYETFKVIEGWSNPNSKLQINRQVIVDRGNRSGYSGIFSVEGKSCINRCFYVELIRGRKQETEVLWTSNSIVVFCGTSGTYGTGSWPDGADINLMP,A/Moscow/10/99,MKTIIALSYILCLVFAQKLPGNDNSTATLCLGHHAVPNGTLVKTITNDQIEVTNATELVQSSSTGRICDSPHQILDGENCTLIDALLGDPHCDGFQNKEWDLFVERSKAYSNCYPYDVPDYASLRSLVASSGTLEFNNESFNWTGVAQNGTSSACKRRSIKSFFSRLNWLHQLENRYPALNVTMPNNDKFDKLYIWGVHHPSTDSVQTSVYVQASGRVTVSTKRSQQTVIPNIGSRPWVRGVSSRISIYWTIVKPGDILLINSTGNLIAPRGYFKIRSGKSSIMRSDAPIGKCNSECITPNGSIPNDKPFQNVNRITYGACPRYVKQNTLKLATGMRNVPEKQTRGIFGAIAGFIENGWEGMMDGWYGFRHQNSEGTGQAADLKSTQAAINQINGKLNRLIEKTNEKFHQIEKEFSEVEGRIQDLEKYVEDTKIDLWSYNAELLVALENQHTIDLTDSEMNKLFERTRKQLRENAEDMGNGCFKIYHKCDNACIGSIRNGTYDHDVYRDEALNNRFQIKGVELKSGYKDWILWISFAISCFLLCVVLLGFIMWACQKGNIRCNICI,MNPNQKIITIGSVSLTIATICFLMQIAILVTTVTLHFKQYECNSPPNNQVMLCEPTIIERNITEIVYLTNTTIEKEICPKLAKYRNWSKPQCNITGFAPFSKDNSIRLSAXGDIWVTREPYVSCDPDKCYQFALGQGTTLNNGHSNDTVHDRTPYRTLLMNELGVPFHLGTKQVCIAWSSSSCHDGKAWLHVCVTGDDENATASFIYNGRLVDSIGSWSKKILRTQESECVCINGTCTVVMTDGSASGKADTKILFIEEGKIVHTSPLSGSAQHVEXCSCYPRYPGVRCVCRDNWKGSNRPIVDINVKDYSIVSSYVCSGLVGDTPRKNDSSSSSHCLDPNNEEGGHGVKGWAFDDGNDVWMGRTISEKLRSGYETFKVIEGWSKXNSKLQINRQVIVDRGNRSGYSGIFSVEGKSCINRCFYVELIRGRKQETEVLWTSNSIVVFCGTSGTYGTGSWPDGADINLMPI,26.547826086956523,20.318840579710145,3.878260869565217,20.017391304347825,7.57217391304348,7.57217391304348,5.141602387414934,5.141602387414934
04_05,A/New York/214/2003,ABC40642.1 ,MKTIIALSYILCLVFAQKLPGNDNSTATLCLGHHAVPNGTIVKTITNDQIEVTNATELVQSSSTGGICDSPHQILDGENCTLIDALLGDPQCDGFQNKKWDLFVERSKAYSNCYPYDVPDYASLRSLVASSGTLEFNNESFNWTGVTQNGTSSACKRRSNKSFFSRLNWLTHLKYKYPALNVTMPNNEKFDKLYIWGVHHPGTDSDQISLYAQASGRITVSTKRSQQTVIPNIGSRPRVRDVSSRISIYWTIVKPGDILLINSTGNLIAPRGYFKIRSGKSSIMRSDAPIGKCNSECITPNGSIPNDKPFQNVNRITYGACPRYVKQNTLKLATGMRNVPEKQTRGIFGAIAGFIENGWEGMVDGWYGFRHQNSEGTGQAADLKSTQAAINQINGKLNRLIGKTNEKFHQIEKEFSEVEGRIQDLEKYVEDTKIDLWSYNAELLVALENQHTIDLTDSEMNKLFERTKKQLRENAEDMGNGCFKIYHKCDNACIGSIRNGTYDHDVYRDEALNNRFQIKGVELKSGYKDWILWISFAISCFLLCVALLGFIMWACQKGNIRCNIC,ABC40645.1 ,MNPNQKIITIGSVSLTISTICFFMQIAILITTVTLHFKQYEFNSPPNNQVMLCEPTIIERNITEIVYLTNTTIEKEICPKLAEYRNWSKPQCNITGFAPFSKDNSIRLSAGGDIWVTREPYVSCDPDKCYQFALGQGTTLNNVHSNDTVHDRTPYRTLLMNELGVPFHLGTKQVCIAWSSSSCHDGKAWLHVCVTGDDENATASFIYNGRLVDSVVSWSKKILRTQESECVCINGTCTVVMTDGSASGKADTKILFIEEGKIVHTSTLSGSAQHVEECSCYPRYPGVRCVCRDNWKGSNRPIVDINIKDYSIVSSYVCSGLVGDTPRKNDSSSSSHCLDPNNEEGGHGVKGWAFDDGNDVWMGRTISEKLRSGYETFKVIEGWSNPNSKLQINRQVIVDRGNRSGYSGIFSVEGKSCINRCFYVELIRGRKQETEVLWTSNSIVVFCGTSGTYGTGSWPDGADINLMP,A/Fujian/411/2002,MKTIIALSYILCLVFAQKLPGNDNSTATLCLGHHAVPNGTIVKTITNDQIEVTNATELVQSSSTGGICDSPHQILDGENCTLIDALLGDPQCDGFQNKKWDLFVERSKAYSNCYPYDVPDYASLRSLVASSGTLEFNNESFNWTGVTQNGTSSACKRRSNKSFFSRLNWLTHLKYKYPALNVTMPNNEKFDKLYIWGVLHPGTDSDQISLYAQASGRITVSTKRSQQTVIPNIGSRPRVRGVSSRISIYWTIVKPGDILLINSTGNLIAPRGYFKIRSGKSSIMRSDAPIGKCNSECITPNGSIPNDKPFQNVNRITYGACPRYIKQNTLKLATGMRNVPEKQTRGIFGAIAGFIENGWEGMVDGWYGFRHQNSEGTGQAADLKSTQAAINQINGKLNRLIGKTNEKFHQIEKEFSEVEGRIQDLEKYVEDTKIDLWSYNAELLVALENQHTIDLTDSEMNKLFERTKKQLRENAEDMGNGCFKIYHKCDNACIGSIRNGTYDHDVYRDEALNNRFQIKGVELKSGYKDWILWISFAISCFLLCVALLGFIMWACQKGNIRCNICI,MNPNQKIITIGSVSLTISTICFFMQIAILITTVTLHFKQYEFNSPPNNQVMLCEPTIIERNITEIVYLTNTTIEKEICPKLAEYRNWSKPQCNITGFAPFSKDNSIRLSAGGDIWVTREPYVSCDPDKCYQFALGQGTTLNNVHSNDTVHDRTPYRTLLMNELGVPFHLGTKQVCIAWSSSSCHDGKAWLHVCVTGDDENATASFIYNGRLVDSIVSWSKKILRTQESECVCINGTCTVVMTDGSASGKADTKILFIEEGKIVHTSTLSGSAQHVEECSCYPRYPGVRCVCRDNWKGSNRPIVDINIKDYSIVSSYVCSGLVGDTPRKNDSSSSSHCLDPNNEEGGHGVKGWAFDDGNDVWMGRTISEKLRSGYETFKVIEGWSNPNSKLQINRQVIVDRGNRSGYSGIFSVEGKSCINRCFYVELIRGRKQETEVLWTSNSIVVFCGTSGTYGTGSWPDGADINLMPI,10.440944881889765,14.244094488188976,7.496062992125984,15.196850393700789,9.133464566929133,9.133464566929133,1.3948841121768407,1.3948841121768407
05_06,A/Canterbury/18/2004,ABC42662.1 ,MKTIIALSYILCLVFAQKLPGNDNSTATLCLGHHAVPNGTIVKTITNDQIEVTNATELVQSSSTGGICDSPHQILDGENCTLIDALLGDPQCDGFQNKKWDLFVERSKAYSNCYPYDVPDYASLRSLVASSGTLEFNNESFNWTGVTQNGTSSACKRRSNNSFFSRLNWLTHLKFKYPALNVTMPNNEKFDKLYIWGVHHPGTDNDQISLYAQASGRITVSTKRSQQTVIPNIGSRPRVRDIPSRISIYWTIVKPGDILLINSTGNLIAPRGYFKIRSGKSSIMRSDAPIGKCNSECITPNGSIPNDKPFQNVNRITYGACPRYVKQNTLKLATGMRNVPEKQTRGIFGAIAGFIENGWEGMVDGWYGFRHQNSEGIGQAADLKSTQAAINQINGKLNRLIGKTNEKFHQIEKEFSEVEGRIQDLEKYVEDTKIDLWSYNAEFLVALENQHTIDLTDSEMNKLFERTKKQLRENAEDMGNGCFKIYHKCDNACIGSIRNGTYDHDVYRDEALNNRFQIKGVELKSGYKDWILWISFAISCFLLCVALLGFIMWACQKGNIRCNIC,ABC42665.1 ,MNPNQKIITIGSVSLTISTICFFMQIAILITTVTLHFKQYEFNSPPNNQVMLCEPTIIERNITEIVYLTNTTIEKEICPKLAEYRNWSKPQCDITGFAPFSKDNSIRLSAGGDIWVTREPYVSCDPDKCYQFALGQGTTLNNVHSNDTVHDRTPYRTLLMNELGVPFHLGTKQVCIAWSSSSCHDGKAWLHVCVTGDDKNATASFIYNGRLVDSIVSWSKEILRTQESECVCINGTCTVVMTDGSASGKADTKILFIEEGKIVHTSTLSGSAQHVEECSCYPRYPGVRCVCRDNWKGSNRPIVDINIKDYSIVSSYVCSGLVGDTPRKNDSSSSSHCLDPNNEEGGHGVKGWAFDDGNDVWMGRTISEKLRSGYETFKVIEGWSNPNSKLQINRQVIVDRGNRSGYSGIFSVEGKSCINRCFYVELIRGRKEETEVLWTSNSIVVFCGTSGTYGTGSWPDGADINLMP,A/California/7/2004,MKTIIALSYILCLVFAQKLPGNDNSTATLCLGHHAVPNGTIVKTITNDQIEVTNATELVQSSSTGGICDSPHQILDGENCTLIDALLGDPQCDGFQNKKWDLFVERSKAYSNCYPYDVPDYASLRSLVASSGTLEFNNESFNWTGVTQNGTSSACKRRSNKSFFSRLNWLTHLKYKYPALNVTMPNNEKFDKLYIWGVLHPGTDSDQIRLYAQASGRITVSTKRSQQTVIPNIGSRPRVRDVSSRISIYWTIVKPGDILLINSTGNLIAPRGYFKIRSGKSSIMRSDAPIGKCNSECITPNGSIPNDKPFQNVNRITYGACPRYIKQNTLKLATGMRNVPEKQTRGIFGAIAGFIENGWEGMVDGWYGFRHQNSEGTGQAADLKSTQAAINQINGKLNRLIGKTNEKFHQIEKEFSEVEGRIQDLEKYVEDTKIDLWSYNAELLVALENQYTIDLTDSEMNKLFERTKKQLRENAEDMGNGCFKIYHKCDNACIGSIRNGTYDHDVYRDEALNNRFQIKGVELKSGYKDWILWISFAISCFLLCVALLGFIMWACQKGNIRCNICI,MNPNQKIITIGSVSLTISTICFFMQIAILITTVTLHFKQYEFNSPPNNQVMLCEPTIIERNITEIVYLTNTTIEKEICPKLAEYRNWSKPQCNITGFAPFSKDNSIRLSAGGDIWVTREPYVSCDPDKCYQFALGQGTTLNNVHSNDTVHDRTPYRTLLMNELGVPFHLGTKQVCIAWSSSSCHDGKAWLHVCVTGDDENATASFIYNGRLVDSIVSWSKKILRTQESECVCINGTCTVVMTDGSASGKADTKILFIEEGKIVHTSTLSGSAQHVEECSCYPRYPGVRCVCRDNWKGSNRPIVDINIKDYSIVSSYVCSGLVGDTPRKNDSSSSSHCLDPNNEEGGHGVKGWAFDDGNDVWMGRTISEKLRSGYETFKVIEGWSNPNSKLQINRQVIVDRGNRSGYSGIFSVEGKSCINRCFYVELIRGRKQETEVLWTSNSIVVFCGTSGTYGTGSWPDGADINLMPI,13.0,5.831168831168832,5.175324675324675,3.5259740259740258,6.612337662337663,6.612337662337663,1.8484004335074846,1.8484004335074846
06_07,A/Mexico/TLA2227/2005,AIC64901.1 ,MKTIIALSYILCLVFAQKLPGNDNSTATLCLGHHAVPNGTIVKTITNDQIEVTNATELVQNSSTGEICNSPHQILDGENCTLIDALLGDPQCDGFQNKKWDLFVERSKAYSNCYPYDVPDYASLRSLVASSGTLEFNNESFNWTGVTQNGTSSACKRRSNNSFFSRLNWLTHLKFKYPALNVTMPNNEKFDKLYIWGVHHPGTDNDQIFLYAQASGRITVSTKRSQQTVIPNIGSRPRVRNIPSRISIYWTIVKPGDILLINSTGNLIAPRGYFKIRSGKSSIMRSDAPIGKCNSECITPNGSIPNDKPFQNVNRITYGACPRYVKQNTLKLATGMRNVPEKQTRGIFGAIAGFIENGWEGMVDGWYGFRHQNSEGIGQAADLKSTQAAINQINGKLNRLIGKTNEKFHQIEKEFSEVEGRIQDLEKYVEDTKIDLWSYNAELLVALENQHTIDLTDSEMNKLFERTKKQLRENAEDMGNGCFKIYHKCDNACIGSIRNGTYDHDVYRDEALNNRFQIKGVELKSGYKDWILWISFAISCFLLCVALLGFIMWACQKGNIRCNIC,AIC64903.1 ,MNPNQKIITIGSVSLTISTICFFMQIAILITTVTLHFKQYEFNSPPNNQVMLCEPTIIERNITEIVYLTNTTIEKEICPKLAEYRNWSKPQCNITGFAPFSKDNSIRLSAGGDIWVTREPYVSCDPDKCYQFALGQGTTLNNVHSNDTVHDRTPYRTLLMNELGVPFHLGTKQVCIAWSSSSCHDGKAWLHVCVTGDDKNATASFIYNGRLVDSIVSWSKEILRTQESECVCINGTCTVVMTDGSASGKADTKILFIEEGKIVHTSTLSGSAQHVEECSCYPRYPGVRCVCRDNWKGSNRPIVDINITDYSIVSSYVCSGLVGDTPRKNDSSSSSHCLDPNNEEGGHGVKGWAFDDGNDVWMGRTISEKLRSGYETFKVIEGWSNPNSKLQINRQVIVDRGNRSGYSGIFSVEGKSCINRCFYVELIRGRKEETEVLWTSNSIVVFCGTSGTYGTGSWPDGADINLMP,A/Wisconsin/67/2005,MKTIIALSYILCLVFAQKLPGNDNSTATLCLGHHAVPNGTIVKTITNDQIEVTNATELVQSSSTGGICDSPHQILDGENCTLIDALLGDPQCDGFQNKKWDLFVERSKAYSNCYPYDVPDYASLRSLVASSGTLEFNDESFNWTGVTQNGTSSSCKRRSNNSFFSRLNWLTHLKFKYPALNVTMPNNEKFDKLYIWGVHHPVTDNDQIFLYAQASGRITVSTKRSQQTVIPNIGSRPRIRNIPSRISIYWTIVKPGDILLINSTGNLIAPRGYFKIRSGKSSIMRSDAPIGKCNSECITPNGSIPNDKPFQNVNRITYGACPRYVKQNTLKLATGMRNVPEKQTRGIFGAIAGFIENGWEGMVDGWYGFRHQNSEGIGQAADLKSTQAAINQINGKLNRLIGKTNEKFHQIEKEFSEVEGRIQDLEKYVEDTKIDLWSYNAELLVALENQHTIDLTDSEMNKLFERTKKQLRENAEDMGNGCFKIYHKCDNACIGSIRNGTYDHDVYRDEALNNRFQIKGVELKSGYKDWILWISFAISCFLLCVALLGFIMWACQKGNIRCNICI,MNPNQKIITIGSVSLTISTICFFMQIAILITTVTLHFKQYEFNSPPNNQVMLCEPTIIERNITEIVYLTNTTIEKEICPKLAEYRNWSKPQCNITGFAPFSKDNSIRLSAGGDIWVTREPYVSCDPDKCYQFALGQGTTLNNVHSNDTVHDRTPYRTLLMNELGVPFHLGTKQVCIAWSSSSCHDGKAWLHVCVTGDDKNATASFIYNGRLVDSIVSWSKEILRTQESECVCINGTCTVVMTDGSASGKADTKILFIEEGKIVHTSTLSGSAQHVEECSCYPRYLGVRCVCRDNWKGSNRPIVDINIKDYSIVSSYVCSGLVGDTPRKNDSSSSSHCLDPNNEEGGHGVKGWAFDDGNDVWMGRTISEKLRSGYETFKVIEGWSNPNSKLQINRQVIVDRGNRSGYSGIFSVEGKSCINRCFYVELIRGRKEETEVLWTSNSIVVFCGTSGTYGTGSWPDGADINLMPI,10.897727272727272,8.053030303030303,8.537878787878787,8.053030303030303,10.910037878787879,10.910037878787879,4.034295925043693,4.034295925043693
07_08,A/Kentucky/UR06-0044/2007,ABY51226.1 ,MKTIIALSYILCLVFAQKLPGNDNSTATLCLGHHAVPNGTIVKTITNDQIEVTNATELVQSSSTGEICDSPHQILDGENCTLIDALLGDPQCDGFQNKKWDLFVERSKAYSNCYPYDVPDYASLRSLVASSGTLEFNNESFNWTGVTQNGTSSACIRRSNNSFFSRLNWLTHLKFKYPALNVTMPNNEEFDKLYIWGVHHPGTDNDQIFLYAQASGRITVSTKRSQQTVIPNIGSRPRVRNIPSRISIYWTIVKPGDILLINSTGNLIAPRGYFKIRSGKSSIMRSDAPIGKCNSECITPNGSIPNDKPFQNVNRITYGACPRYVKQNTLKLATGMRNVPEKQTRGIFGAIAGFIENGWEGMVDGWYGFRHQNSEGIGQAADLKSTQAAIDQINGKLNRLIGKTNEKFHQIEKEFSEVEGRIQDLEKYVEDTKIDLWSYNAELLVALENQHTIDLTDSEMNKLFEKTKKQLRENAEDMGNGCFKIYHKCDNACIGSIRNGTYDHDVYRDEALNNRFQIKGVELKSGYKDWILWISFAISCFLLCVALLGFIMWACQKGNIRCNIC,ABY51229.1 ,MNPNQKIITIGSVSLTISTICFFMQTAILITTVTLHFKQYEFNSPPNNQVMLCEPTIIERNITEIVYLTNTTIEKEICPKLAEYRNWSKPQCDITGFAPFSKDNSIRLSAGGDIWVTREPYVSCDPDKCYQFALGQGTTLNNVHSNDTVRDRTPYRTLLMNELGVPFHLGTKQVCIAWSSSSCHDGKAWLHVCITGDDKNATASFIYNGRLVDSIVSWSKEILRTQESECVCINGTCTVVMTDGSASGKADTKILFIEEGKIVHTSTLSGSAQHVEECSCYPRYPGVRCVCRDNWKGSNRPIVDINIKDHSIVSSYVCSGLVGDTPRKNDSSSSSHCLDPNNEEGGHGVKGWAFDDGNDVWMGRTISEKSRLGYETFKVIEGWSNPKSKLQINRQVIVDRGNRSGYSGIFSVEGKSCINRCFYVELIRGRKEETEVLWTSNSIVVFCGTSGTYGTGSWPDGADINLMP,A/Wisconsin/67/2005,MKTIIALSYILCLVFAQKLPGNDNSTATLCLGHHAVPNGTIVKTITNDQIEVTNATELVQSSSTGGICDSPHQILDGENCTLIDALLGDPQCDGFQNKKWDLFVERSKAYSNCYPYDVPDYASLRSLVASSGTLEFNDESFNWTGVTQNGTSSSCKRRSNNSFFSRLNWLTHLKFKYPALNVTMPNNEKFDKLYIWGVHHPVTDNDQIFLYAQASGRITVSTKRSQQTVIPNIGSRPRIRNIPSRISIYWTIVKPGDILLINSTGNLIAPRGYFKIRSGKSSIMRSDAPIGKCNSECITPNGSIPNDKPFQNVNRITYGACPRYVKQNTLKLATGMRNVPEKQTRGIFGAIAGFIENGWEGMVDGWYGFRHQNSEGIGQAADLKSTQAAINQINGKLNRLIGKTNEKFHQIEKEFSEVEGRIQDLEKYVEDTKIDLWSYNAELLVALENQHTIDLTDSEMNKLFERTKKQLRENAEDMGNGCFKIYHKCDNACIGSIRNGTYDHDVYRDEALNNRFQIKGVELKSGYKDWILWISFAISCFLLCVALLGFIMWACQKGNIRCNICI,MNPNQKIITIGSVSLTISTICFFMQIAILITTVTLHFKQYEFNSPPNNQVMLCEPTIIERNITEIVYLTNTTIEKEICPKLAEYRNWSKPQCNITGFAPFSKDNSIRLSAGGDIWVTREPYVSCDPDKCYQFALGQGTTLNNVHSNDTVHDRTPYRTLLMNELGVPFHLGTKQVCIAWSSSSCHDGKAWLHVCVTGDDKNATASFIYNGRLVDSIVSWSKEILRTQESECVCINGTCTVVMTDGSASGKADTKILFIEEGKIVHTSTLSGSAQHVEECSCYPRYLGVRCVCRDNWKGSNRPIVDINIKDYSIVSSYVCSGLVGDTPRKNDSSSSSHCLDPNNEEGGHGVKGWAFDDGNDVWMGRTISEKLRSGYETFKVIEGWSNPNSKLQINRQVIVDRGNRSGYSGIFSVEGKSCINRCFYVELIRGRKEETEVLWTSNSIVVFCGTSGTYGTGSWPDGADINLMPI,11.164619164619165,15.201474201474202,3.329238329238329,8.100737100737101,8.857493857493859,8.857493857493859,2.7858505418548427,2.7858505418548427
08_09,A/LangSon/LS218/2007,AEX36179.1 ,MKTIIALSYILCLVFAQKLPGNDNSTATLCLGHHAVPNGTIVKTITNDQIEVTNATELVQSSSTGEICDSPHQILDGENCTLIDALLGDPQCDGFQNKKWDLFVERSKAYSNCYPYDVPDYASLRSLVASSGTLEFNNESFNWTGVTQNGTSSACIRRSNNSFFSRLNWLTHLKFKYPALNVTMPNNEQFDKLYIWGVHHPGTDNDQIFLYAQASGRITVSTKRSQQTVIPNIGSRPRVRNIPSRISIYWTIVKPGDILLINSTGNLIAPRGYFKIRSGKSSIMRSDAPIGKCNSECITPNGSIPNDKPFQNVNRITYGACPRYVKQNTLKLATGMRNVPEKQTRGIFGAIAGFIENGWEGMVDGWYGFRHQNSEGRGQAADLKSTQAAIDQINGKLNRLIGKTNEKFHQIEKEFSEVEGRIQDLEKYVEDTKIDLWSYNAELLVALENQHTIDLTDSEMNKLFEKTKKQLRENAEDMGNGCFKIYHKCDNACIGSIRNGTYDHDVYRDEALNNRFQIKGVELKSGYKDWILWISFAISCFLLCVALLGFIMWACQKGNIRCNIC,AEX36182.1 ,MNPNQKIITIGSVSLTISTICFFMQIAILITTVTLHFKQYEFNSPPNNQVMLCEPTIIERNITEIVYLTNTTIEKEICPKLAEYRNWSKPQCDITGFAPFSKDNSIRLSAGGDIWVTREPYVSCDPDKCYQFALGQGTTLNNVHSNDTVRNRTPYRTLLMNELGVPFHLGTKQVCIAWSSSSCHDGKAWLHVCITGDDKNATASFIYNGRLVDSVVSWSKEILRTQESECVCINGTCTVVMTDGSASGKADTKILFIEEGKIVHTSTLSGSAQHVEECSCYPRYPGVRCVCRDNWKGSNRPIVDINIKDHSIVSSYVCSGLVGDTPRKNDSSSSSHCLDPNNEEGGHGVKGWAFDDGNDVWMGRTISEKSRLGYETFKVIEGWSNPKSKLQINRQVIVDRGNRSGYSGIFSVEGKSCINRCFYVELIRGRKEETEVLWTSNSIVVFCGTSGTYGTGSWPDGADINLMP,A/Brisbane/10/2007,MKTIIALSYILCLVFTQKLPGNDNSTATLCLGHHAVPNGTIVKTITNDQIEVTNATELVQSSSTGEICDSPHQILDGENCTLIDALLGDPQCDGFQNKKWDLFVERSKAYSNCYPYDVPDYASLRSLVASSGTLEFNNESFNWTGVTQNGTSSACIRRSNNSFFSRLNWLTHLKFKYPALNVTMPNNEKFDKLYIWGVHHPGTDNDQIFLYAQASGRITVSTKRSQQTVIPNIGSRPRVRNIPSRISIYWTIVKPGDILLINSTGNLIAPRGYFKIRSGKSSIMRSDAPIGKCNSECITPNGSIPNDKPFQNVNRITYGACPRYVKQNTLKLATGMRNVPEKQTRGIFGAIAGFIENGWEGMVDGWYGFRHQNSEGIGQAADLKSTQAAIDQINGKLNRLIGKTNEKFHQIEKEFSEVEGRIQDLEKYVEDTKIDLWSYNAELLVALENQHTIDLTDSEMNKLFEKTKKQLRENAEDMGNGCFKIYHKCDNACIGSIRNGTYDHDVYRDEALNNRFQIKGVELKSGYKDWILWISFAISCFLLCVALLGFIMWACQKGNIRCNICI,MNPNQKIITIGSVSLTISTICFFMQIAILITTVTLHFKQYEFNSPPNNQVMLCEPTIIERNITEIVYLTNTTIEKEICPKLAEYRNWSKPQCDITGFAPFSKDNSIRLSAGGDIWVTREPYVSCDPDKCYQFALGQGTTLNNVHSNDTVRDRTPYRTLLMNELGVPFHLGTKQVCIAWSSSSCHDGKAWLHVCITGDDKNATASFIYNGRLVDSIVSWSKEILRTQESECVCINGTCTVVMTDGSASGKADTKILFIEEGKIVHTSTLSGSAQHVEECSCYPRYPGVRCVCRDNWKGSNRPIVDINIKDHSTVSSYVCSGLVGDTPRKNDSSSSSHCLDPNNEEGGHGVKGWAFDDGNDVWMGRTISEKSRLGYETFKVIEGWSNPKSKLQINRQVIVDRGNRSGYSGIFSVEGKSCINRCFYVELIRGRKEETEVLWTSNSIVVFCGTSGTYGTGSWPDGADINLMPI,4.968354430379747,5.113924050632911,2.3797468354430378,4.060126582278481,5.778639240506329,5.778639240506329,2.1871396457371293,2.1871396457371293
09_10,A/Pennsylvania/PIT43/2008,ACI26538.1 ,MKTIIALSYILCLVFAQKLPGNDNSTATLCLGHHAVPNGTIVKTITNDQIEVTNATELVQSSSTGEICDSPHQILDGENCTLIDALLGDPQCDGFQNKKWDLFVERSKAYSNCYPYDVPDYASLRSLVASSGTLEFNNESFNWTGVTQNGTSSACIRRSNNSFFSRLNWLTHLKFKYPALNVTMPNNEQFDKLYIWGVHHPGTDNDQIFLYAQASGRITVSTKRSQQTVIPNIGSRPRVRNIPSRISIYWTIVKPGDILLINSTGNLIAPRGYFKIRSGKSSIMRSDAPIGKCNSECITPNGSIPNDKPFQNVNRITYGACPRYVKQNTLKLATGMRNVPDKQTRGIFGAIAGFIENGWEGMVDGWYGFRHQNSEGRGQAADLKSTQAAIDQINGKLNRLIGKTNEKFHQIEKEFSEVEGRIQDLEKYVEDTKIDLWSYNAELLVALENQHTIDLTDSEMNKLFEKTKKQLRENAEDMGNGCFKIYHKCDNACIGSIRNGTYDHDVYRDEALNNRFQIKGVELKSGYKDWILWISFAISCFLLCVALLGFIMWACQKGNIRCNIC,ACI26541.1 ,MNPNQKIITIGSVSLTISTICFFMQIAILITTVTLHFKQYEFNSPPNNQVMLCEPTIIERNITEIVYLTNTTIEKEICPKLAEYRNWSKPQCDITGFAPFSKDNSIRLSAGGDIWVTREPYVSCDPDKCYQFALGQGTTLNNVHSNDTVRDRTPYRTLLMNELGVPFHLGTKQVCIAWSSSSCHDGKAWLHVCITGDDKNATASFIYNGRLVDSVVSWSKEILRTQESECVCINGTCTVVMTDGSASGKADTKILFIEEGKIVHTSTLSGSAQHVEECSCYPRYPGVRCVCRDNWKGSNRPIVDINIKDHSIVSSYVCSGLVGDTPRKNDSSSSSHCLDPNNEEGGHGVKGWAFDDGNDVWMGRTISEKSRLGYETFKVIEGWSNPKSKLQINRQVIVDRGNRSGYSGIFSVEGKSCINRCFYVELIRGRKEETEVLWTSNSIVVFCGTSGTYGTGSWPDGADINLMP,A/Brisbane/10/2007,MKTIIALSYILCLVFTQKLPGNDNSTATLCLGHHAVPNGTIVKTITNDQIEVTNATELVQSSSTGEICDSPHQILDGENCTLIDALLGDPQCDGFQNKKWDLFVERSKAYSNCYPYDVPDYASLRSLVASSGTLEFNNESFNWTGVTQNGTSSACIRRSNNSFFSRLNWLTHLKFKYPALNVTMPNNEKFDKLYIWGVHHPGTDNDQIFLYAQASGRITVSTKRSQQTVIPNIGSRPRVRNIPSRISIYWTIVKPGDILLINSTGNLIAPRGYFKIRSGKSSIMRSDAPIGKCNSECITPNGSIPNDKPFQNVNRITYGACPRYVKQNTLKLATGMRNVPEKQTRGIFGAIAGFIENGWEGMVDGWYGFRHQNSEGIGQAADLKSTQAAIDQINGKLNRLIGKTNEKFHQIEKEFSEVEGRIQDLEKYVEDTKIDLWSYNAELLVALENQHTIDLTDSEMNKLFEKTKKQLRENAEDMGNGCFKIYHKCDNACIGSIRNGTYDHDVYRDEALNNRFQIKGVELKSGYKDWILWISFAISCFLLCVALLGFIMWACQKGNIRCNICI,MNPNQKIITIGSVSLTISTICFFMQIAILITTVTLHFKQYEFNSPPNNQVMLCEPTIIERNITEIVYLTNTTIEKEICPKLAEYRNWSKPQCDITGFAPFSKDNSIRLSAGGDIWVTREPYVSCDPDKCYQFALGQGTTLNNVHSNDTVRDRTPYRTLLMNELGVPFHLGTKQVCIAWSSSSCHDGKAWLHVCITGDDKNATASFIYNGRLVDSIVSWSKEILRTQESECVCINGTCTVVMTDGSASGKADTKILFIEEGKIVHTSTLSGSAQHVEECSCYPRYPGVRCVCRDNWKGSNRPIVDINIKDHSTVSSYVCSGLVGDTPRKNDSSSSSHCLDPNNEEGGHGVKGWAFDDGNDVWMGRTISEKSRLGYETFKVIEGWSNPKSKLQINRQVIVDRGNRSGYSGIFSVEGKSCINRCFYVELIRGRKEETEVLWTSNSIVVFCGTSGTYGTGSWPDGADINLMPI,9.184,5.856,7.224,3.912,8.616,8.616,1.907182214682173,1.907182214682173
10_11,A/California/VRDL384/2009,ADL28214.1 ,MKTIIALSYILCLVFAQKLPGNDNSTATLCLGHHAVPNGTIVKTITNDQIEVTNATELVQSSSTGEICDSPHQILDGENCTLIDALLGDPQCDGFQNKKWDLFVERSKAYSNCYPYDVPDYASLRSLVASSGTLEFNNESFNWTGVTQNGTSSACIRRSNNSFFSRLNWLTHLNFKYPALNVTMPNNEQFDKLYIWGVHHPGTDKDQIFLYAQASGRITVSTKRSQQAVIPNIGSRPRVRNIPSRISIYWTIVKPGDILLINSTGNLIAPRGYFKIRSGKSSIMRSDAPIGKCNSECITPNGSIPNDKPFQNVNRITYGACPRYVKQNTLKLATGMRNVPEKQTRGIFGAIAGFIENGWEGMVDGWYGFRHQNSEGRGQAADLKSTQAAIDQINGKLNRLIGKTNEKFHQIEKEFSEVEGRIQDLEKYVEDTKIDLWSYNAELLVALENQHTIDLTDSEMNKLFEKTKKQLRENAEDMGNGCFKIYHKCDNACIGSIRNGTYDHDVYRDEALNNRFQIKGVELKSGYKDWILWISFAISCFLLCVALLGFIMWACQKGNIRCNIC,ADL28217.1 ,MNPNQKIITIGSVSLTISTICFFMQTAILITTVTLHFKQCEFNSPPNNQVMLCEPTIIERNITEIVYLTNTTIEKEICPKLAEYRNWSKPQCDITGFAPFSKDNSIRLSAGGDIWVTREPYVSCDPDKCYQFALGQGTTLNNVHSNNTVRDRTPYRTLLMNELGVPFHLGTKQVCIAWSSSSCHDGKAWLHVCITGDDKNATASFIYNGRLVDSVVSWSKEILRTQESECVCINGTCTVVMTDGSASGKADTKILFIEEGKIVHTSTLSGSAQHVEECSCYPRYPGVRCVCRDNWKGSNRPIVDINIKDHSIVSSYVCSGLVGDTPRKNDSSSSSHCLDPNNEEGGHGVKGWAFDDGNDVWMGRTISEKSRLGYETFKVIEGWSNPKSKLQINRQVIVDRGNRSGYSGIFSVEGKSCINRCFYVELIRGRKEETEVLWTSNSIVVFCGTSGTYGTGSWPDGADINLMP,A/Perth/16/2009,MKTIIALSYILCLVFAQKLPGNDNSTATLCLGHHAVPNGTIVKTITNDQIEVTNATELVQSSSTGEICDSPHQILDGKNCTLIDALLGDPQCDGFQNKKWDLFVERSKAYSNCYPYDVPDYASLRSLVASSGTLEFNNESFNWTGVTQNGTSSACIRRSKNSFFSRLNWLTHLNFKYPALNVTMPNNEQFDKLYIWGVHHPGTDKDQIFLYAQASGRITVSTKRSQQTVSPNIGSRPRVRNIPSRISIYWTIVKPGDILLINSTGNLIAPRGYFKIRSGKSSIMRSDAPIGKCNSECITPNGSIPNDKPFQNVNRITYGACPRYVKQNTLKLATGMRNVPEKQTRGIFGAIAGFIENGWEGMVDGWYGFRHQNSEGRGQAADLKSTQAAIDQINGKLNRLIGKTNEKFHQIEKEFSEVEGRIQDLEKYVEDTKIDLWSYNAELLVALENQHTIDLTDSEMNKLFEKTKKQLRENAEDMGNGCFKIYHKCDNACIGSIRNGTYDHDVYRDEALNNRFQIKGVELKSGYKDWILWISFAISCFLLCVALLGFIMWACQKGNIRCNICI,MNPNQKIITIGSVSLTISTICFFMQIAILITTVTLHFKQYEFNSPPNNQVMLCEPTIIERNITEIVYLTNTTIEKEICPKLAEYRNWSKPQCDITGFAPFSKDNSIRLSAGGDIWVTREPYVSCDPDKCYQFALGQGTTLNNVHSNNTVRDRTPYRTLLMNELGVPFHLGTKQVCIAWSSSSCHDGKAWLHVCITGDDKNATASFIYNGRLVDSVVSWSKEILRTQESECVCINGTCTVVMTDGSASGKADTKILFIEEGKIVHTSTLSGSAQHVEECSCYPRYPGVRCVCRDNWKGSNRPIVDINIKDHSIVSSYVCSGLVGDTPRKNDSSSSSHCLDPNNEEGGHGVKGWAFDDGNDVWMGRTISEKSRLGYETFKVIEGWSNPKSKLQINRQVIVDRGNRSGYSGIFSVEGKSCINRCFYVELIRGRKEETEVLWTSNSIVVFCGTSGTYGTGSWPDGADINLMPI,10.387619047619047,4.973333333333334,6.860952380952381,6.94952380952381,10.774714285714285,10.774714285714285,2.1999120467885622,2.1999120467885622
11_12,A/Singapore/N1604/2009,AER08660.1 ,MKTIIALSYILCLVFAQKLPGNDNSTATLCLGHHAVPNGTIVKTITNDQIEVTNATELVQSSSTGEICNSPHQILDGENCTLIDALLGDPQCDGFQNKKWDLFVERSKAYSNCYPYDVPDYASLRSLVASSGTLEFNNESFNWTGVTQNGTSSACIRRSNNSFFSRLNWLTHLNFKYPALNVTMPNNEQFDKLYIWGVHHPGTDKDQIFLYAQASGRITVSTKRSQQAVIPNIGSRPRVRNIPSRISIYWTIVKPGDILLINSTGNLIAPRGYFKIRSGKSSIMRSDAPIGKCNSACITPNGSIPNDKPFQNVNRITYGACPRYVKQNTLKLATGMRNVPEKQTRGIFGAIAGFIENGWEGMVDGWYGFRHQNSEGRGQAADLKSTQAAIDQINGKLNRLIGKTNEKFHQIEKEFSEVEGRIQDLEKYVEDTKIDLWSYNAELLVALENQHTIDLTDSEMNKLFEKTKKQLRENAEDMGNGCFKIYHKCDNACIGSIRNGTYDHDVYRDEALNNRFQIKGVELKSGYKDWILWISFAISCFLLCVALLGFIMWACQKGNIRCNIC,AER08661.1 ,MNPNQKIITIGSVSLTISTICFFMQIAILITTVTLHFKQYEFNSPPNNQVMLCEPTIIERNITEIVYLTNTTIEKEICPKLAEYRNWSKPQCDITGFAPFSKDNSIRLSAGGDIWVTREPYVSCDPDKCYQFALGQGTTLNNVHSNNTVRDRTPYRTLLMNELGVPFHLGTKQVCIAWSSSSCHDGKAWLHVCITGDDKNATASFIYNGRLVDSVVSWSKEILRTQESECVCINGTCTVVMTDGSASGKADTKILFIEEGKIVHTSTLSGSAQHVEECSCYPRYPGVRCVCRDNWKGSNRPIVDINIKDHSIVSSYVCSGLVGDTPRKNDSSSSSHCLDPNNEEGDHGVKGWAFDDGNDVWMGRTINETSRLGYETFKVIEGWSNPKSKLQINRQVIVDRGNRSGYSGIFSVEGKSCINRCFYVELIRGRKEETEVLWTSNSIVVFCGTSGTYGTGSWPDGADLNLMP,A/Perth/16/2009,MKTIIALSYILCLVFAQKLPGNDNSTATLCLGHHAVPNGTIVKTITNDQIEVTNATELVQSSSTGEICDSPHQILDGKNCTLIDALLGDPQCDGFQNKKWDLFVERSKAYSNCYPYDVPDYASLRSLVASSGTLEFNNESFNWTGVTQNGTSSACIRRSKNSFFSRLNWLTHLNFKYPALNVTMPNNEQFDKLYIWGVHHPGTDKDQIFLYAQASGRITVSTKRSQQTVSPNIGSRPRVRNIPSRISIYWTIVKPGDILLINSTGNLIAPRGYFKIRSGKSSIMRSDAPIGKCNSECITPNGSIPNDKPFQNVNRITYGACPRYVKQNTLKLATGMRNVPEKQTRGIFGAIAGFIENGWEGMVDGWYGFRHQNSEGRGQAADLKSTQAAIDQINGKLNRLIGKTNEKFHQIEKEFSEVEGRIQDLEKYVEDTKIDLWSYNAELLVALENQHTIDLTDSEMNKLFEKTKKQLRENAEDMGNGCFKIYHKCDNACIGSIRNGTYDHDVYRDEALNNRFQIKGVELKSGYKDWILWISFAISCFLLCVALLGFIMWACQKGNIRCNICI,MNPNQKIITIGSVSLTISTICFFMQIAILITTVTLHFKQYEFNSPPNNQVMLCEPTIIERNITEIVYLTNTTIEKEICPKLAEYRNWSKPQCDITGFAPFSKDNSIRLSAGGDIWVTREPYVSCDPDKCYQFALGQGTTLNNVHSNNTVRDRTPYRTLLMNELGVPFHLGTKQVCIAWSSSSCHDGKAWLHVCITGDDKNATASFIYNGRLVDSVVSWSKEILRTQESECVCINGTCTVVMTDGSASGKADTKILFIEEGKIVHTSTLSGSAQHVEECSCYPRYPGVRCVCRDNWKGSNRPIVDINIKDHSIVSSYVCSGLVGDTPRKNDSSSSSHCLDPNNEEGGHGVKGWAFDDGNDVWMGRTISEKSRLGYETFKVIEGWSNPKSKLQINRQVIVDRGNRSGYSGIFSVEGKSCINRCFYVELIRGRKEETEVLWTSNSIVVFCGTSGTYGTGSWPDGADINLMPI,10.615172413793104,7.489655172413793,7.898620689655172,5.656551724137931,10.978586206896551,10.978586206896551,1.8750687911280866,1.8750687911280866
12_13,A/Cote_d'Ivoire/GR1596/2010,EPI309715,MKTIIALSYILCLVFAQKLPGNDNSTATLCLGHHAVPNGTIVKTITNDQIEVTNATELVQSSSTGEICDSPHQILDGENCTLIDALLGDPQCDGFQNKKWDLFVERSKAYSNCYPYDVPDYASLRSLVASSGTLEFNNESFNWTGVTQNGTSSACIRRSNSSFFSRLNWLTHLNFKYPALNVTMPNNEQFDKLYIWGVHHPGTDKDQIFLYAQASGRITVSTKRSQQAVIPNIGSRPRIRNIPSRISIYWTIVKPGDILLINSTGNLIAPRGYFKIRSGKSSIMRSDAPIGKCNSECITPNGSIPNDKPFQNVNRITYGACPRYVKQNTLKLATGMRNVPEKQTRGIFGAIAGFIENGWEGMVDGWYGFRHQNSEGRGQAADLKSTQAAIDQINGKLNRLIGKTNEKFHQIEKEFSEVEGRIQDLEKYVEDTKIDLWSYNAELLVALENQHTIDLTDSEMNKLFEKTKKQLRENAEDMGNGCFKIYHKCDNACIGSIRNGTYNHDVYRDEALNNRFQIKGVELKSGYKDWILWISFAISCFLLCVALLGFIMWACQKGNIRCNIC,EPI309716,MNPNQKIITIGSVSLTISTICFFMQIAILITTVTLHFKQYEFNPPPNNQVMLCEPTIIERNITEIVYLTNTTIEKEICPKLAEYRNWSKPQCDITGFAPFSKDNSIRLSAGGDIWVTREPYVSCDPDKCYQFALGQGTTLNNVHSNNTVRDRTPYRTLLMNELGVPFHLGTKQVCIAWSSSSCHDGKAWLHVCITGDDKNATASFIYNGRLVDSVVSWSKEILRTQESECVCINGTCAVVMTDGSASGKADIKILFIEEGKIVHTSTLSGSAQHVEECSCYPRYPGVRCVCRDNWKGSNRPIVDINIKDHSVVSSYVCSGLVGDTPRKNDSSSSSHCLDPNNEEGGHGVKGWAFDDGNDVWMGRTINETSRLGYETFKVIEGWSNPKSKLQISRQVIVDRGNRSGYSGIFSVEGKNCINRCFYVELIRGRKEETEVLWTSNSIVVFCGTSGTYGTGSWPDGADLNLMP,A/Victoria/361/2011,MKTIIALSHILCLVFAQKLPGNDNSTATLCLGHHAVPNGTIVKTITNDQIEVTNATELVQNSSIGEICDSPHQILDGENCTLIDALLGDPQCDGFQNKKWDLFVERSKAYSNCYPYDVPDYASLRSLVASSGTLEFNNESFNWTGVTQNGTSSACIRRSNNSFFSRLNWLTHLNFKYPALNVTMPNNEQFDKLYIWGVHHPGTDKDQIFLYAQSSGRITVSTKRSQQAVIPNIGSRPRIRNIPSRISIYWTIVKPGDILLINSTGNLIAPRGYFKIRSGKSSIMRSDAPIGKCNSECITPNGSIPNDKPFQNVNRITYGACPRYVKQSTLKLATGMRNVPEKQTRGIFGAIAGFIENGWEGMVDGWYGFRHQNSEGRGQAADLKSTQAAIDQINGKLNRLIGKTNEKFHQIEKEFSEVEGRIQDLEKYVEDTKIDLWSYNAELLVALENQHTIDLTDSEMNKLFEKTKKQLRENAEDMGNGCFKIYHKCDNACIGSIRNGTYDHDVYRDEALNNRFQIKGVELKSGYKDWILWISFAISCFLLCVALLGFIMWACQKGNIRCNICI,MNPNQKIITIGSVSLTISTICFFMQIAILITTVTLHFKQYEFNSPPNNQVMLCEPTIIERNITEIVYLTNTTIEKEICPKPAEYRNWSKPQCGITGFAPFSKDNSIRLSAGGDIWVTREPYVSCDPDKCYQFALGQGTTLNNVHSNNTVRXRTPYRTLLMNELGVPFHLGTKQVCIAWSSSSCHDGKAWLHVCITGDDKNATASFIYNGRLVDSVVSWSKEILRTQESECVCINGTCTVVMTDGSASGKADTKILFIKEGKIVHTSTLSGSAQHVEECSCYPRYPGVRCVCRDNWKGSNRPIVDINIKDHSIVSSYVCSGLVGDTPRKTDSSSSSHCLDPNNEEGGHGVKGWAFDDGNDVWMGRTINETSRLGYETFKVIEGWSNPKSKLQINRQVIVDRGDRSGYSGIFSVEGKSCINRCFYVELIRGRKEETEVLWTSNSIVVFCGTSGTYGTGSWPDGADLNLMPI,6.941914498141264,4.54228624535316,9.143122676579926,10.267193308550183,12.28257434944238,12.28257434944238,3.9582141460139755,3.9582141460139755
13_14,A/Boston/DOA2-162/2012,AGW01391.1 ,MKTIIALSYILCLVFAQKLPGNDNSTATLCLGHHAVPNGTIVKTITNDRIEVTNATELVQNSSIGEICDSPHQILDGENCTLIDALLGDPQCDGFQNKKWDLFVERSKAYSNCYPYDVPDYASLRSLVASSGTLEFNNESFNWAGVTQNGTSSACIRGSNSSFFSRLNWLTHLNFKYPALNVTMPNNEQFDKLYIWGVHHPGTDKDQIFLYAQSSGRITVSTKRSQQAVIPNIGSRPRIRNIPSRISIYWTIVKPGDILLINSTGNLIAPRGYFKIRSGKSSIMRSDAPIGKCKSECITPNGSIPNDKPFQNVNRITYGACPRYVKQSTLKLATGMRNVPEKQTRGIFGAIAGFIENGWEGMVDGWYGFRHQNSEGRGQAADLKSTQAAIDQINGKLNRLIGKTNEKFHQIEKEFSEVEGRIQDLEKYVEDTKIDLWSYNAELLVALENQHTIDLTDSEMNKLFEKTKKQLRENAEDMGNGCFKIYHKCDNACIGSIRNGTYDHDVYRDEALNNRFQIKGVELKSGYKDWILWISFAISCFLLCVALLGFIMWACQKGNIRCNIC,AGW01394.1 ,MNPNQKIITIGSVSLTISTICFFMQIAILITTVTLHFKQYEFDSPPNNQVMLCEPTIIERNITEIVYLTNTTIEKEICPKPAEYRNWSKPQCGITGFAPFSKDNSIRLSAGGDIWVTREPYVSCDPDKCYQFALGQGTTLNNVHSNNTVRDRTPYRTLLMNELGVPFHLGTKQVCIAWSSSSCHDGKAWLHVCITGDDKNATASFIYNGRLVDSIVSWSKDILRTQESECVCINGTCTVVMTDGSASGKADTKILFIEEGKIVHTSTLSGSAQHVEECSCYPRYPGVRCVCRDNWKGSNRPIVDINIKDHSIVSSYVCSGLVGDTPRKNDSSSSSHCLDPNNEEGGHGVKGWAFDDGNDVWMGRTINETSRLGYETFKVIEGWSNPKSKLQINRQVIVDRGDRSGYSGIFSVEGKSCINRCFYVELIRGRKEETEVLWTSNSIVVFCGTSGTYGTGSWPDGADLNLMP,A/Victoria/361/2011,MKTIIALSHILCLVFAQKLPGNDNSTATLCLGHHAVPNGTIVKTITNDQIEVTNATELVQNSSIGEICDSPHQILDGENCTLIDALLGDPQCDGFQNKKWDLFVERSKAYSNCYPYDVPDYASLRSLVASSGTLEFNNESFNWTGVTQNGTSSACIRRSNNSFFSRLNWLTHLNFKYPALNVTMPNNEQFDKLYIWGVHHPGTDKDQIFLYAQSSGRITVSTKRSQQAVIPNIGSRPRIRNIPSRISIYWTIVKPGDILLINSTGNLIAPRGYFKIRSGKSSIMRSDAPIGKCNSECITPNGSIPNDKPFQNVNRITYGACPRYVKQSTLKLATGMRNVPEKQTRGIFGAIAGFIENGWEGMVDGWYGFRHQNSEGRGQAADLKSTQAAIDQINGKLNRLIGKTNEKFHQIEKEFSEVEGRIQDLEKYVEDTKIDLWSYNAELLVALENQHTIDLTDSEMNKLFEKTKKQLRENAEDMGNGCFKIYHKCDNACIGSIRNGTYDHDVYRDEALNNRFQIKGVELKSGYKDWILWISFAISCFLLCVALLGFIMWACQKGNIRCNICI,MNPNQKIITIGSVSLTISTICFFMQIAILITTVTLHFKQYEFNSPPNNQVMLCEPTIIERNITEIVYLTNTTIEKEICPKPAEYRNWSKPQCGITGFAPFSKDNSIRLSAGGDIWVTREPYVSCDPDKCYQFALGQGTTLNNVHSNNTVRXRTPYRTLLMNELGVPFHLGTKQVCIAWSSSSCHDGKAWLHVCITGDDKNATASFIYNGRLVDSVVSWSKEILRTQESECVCINGTCTVVMTDGSASGKADTKILFIKEGKIVHTSTLSGSAQHVEECSCYPRYPGVRCVCRDNWKGSNRPIVDINIKDHSIVSSYVCSGLVGDTPRKTDSSSSSHCLDPNNEEGGHGVKGWAFDDGNDVWMGRTINETSRLGYETFKVIEGWSNPKSKLQINRQVIVDRGDRSGYSGIFSVEGKSCINRCFYVELIRGRKEETEVLWTSNSIVVFCGTSGTYGTGSWPDGADLNLMPI,8.790281329923273,6.594202898550725,3.997442455242967,6.1841432225063935,7.891858482523446,7.891858482523446,4.241250131931197,4.241250131931197
14_15,A/Schleswig_Holstein/7/2012,EPI416522,MKTIIALSYILCLVFAQKLPGNDNSTATLCLGHHAVPNGTIVKTITNDRIEVTNATELVQNSSIGEICDSPHQILDGENCTLIDALLGDPQCDGFQNKKWDLFVERSKAYSNCYPYDVPDYASLRSLVASSGTLEFNNESFNWAGVTQNGTSSACIRGSNSSFFSRLNWLTHLNFKYPALNVTMPNNEQFDKLYIWGVHHPGTDKDQIFLYAQSSGRITVSTKRSQQAVIPNIGSRPRIRNIPSRISIYWTIVKPGDILLINSTGNLIAPRGYFKIRSGKSSIMRSDAPIGKCKSECITPNGSIPNDKPFQNVNRITYGACPRYVKQSTLKLATGMRNVPEKQTRGIFGAIAGFIENGWEGMVDGWYGFRHQNSEGRGQAADLKSTQAAIDQINGKLNRLIGKTNEKFHQIEKEFSEVEGRIQDLEKYVEDTKIDLWSYNAELLVALENQHTIDLTDSEMNKLFEKTKKQLRENAEDIGNGCFKIYHKCDNACIGSIRNGTYDHDVYRDEALNNRFQIKGVELKSGYKDWILWISFAISCFLLCVALLGFIMWACQKGNIRCNIC,EPI416523,MNPNQKIITIGSVSLTISTICFFMQIAILITTVTLHFKQYEFNSPPNNQVMLCEPTIIERNITEIVYLTNTTIEKEMCPKPAEYRNWSKPQCGITGFAPFSKDNSIRLSAGGDIWVTREPYVSCDPDKCYQFALGQGTTLNNVHSNNTVRDRTPYRTLLMNELGVPFHLGTKQVCIAWSSSSCHDGKAWLHVCITGDDKNATASFIYNGRLVDSVVSWSKEILRTQESECVCINGTCTVVMTDGSASGKADTKILFIEEGKIVHTSTLSGSAQHVEECSCYPRYPGVRCVCRDNWKGSNRPIVDINIKDHSIVSSYVCSGLVGDTPRKNDSSSSSHCLDPNNEEGGHGVKGWAFDDGNDVWMGRTINETSRLGYETFKVIEGWSNPKSKLQINRQVVVDRGDRSGYSGIFSVEGKSCINRCFYVELIRGRKEETEVLWTSNSIVVFCGTSGTYGTGSWPDGADLNLMP,A/Texas/50/2012,MKTIIALSYILCLVFAQKLPGNDNSTATLCLGHHAVPNGTIVKTITNDRIEVTNATELVQNSSIGEICDSPHQILDGENCTLIDALLGDPQCDGFQNKKWDLFVERSKAYSNCYPYDVPDYASLRSLVASSGTLEFNNESFNWNGVTQNGTSSACIRRSNNSFFSRLNWLTHLNFKYPALNVTMPNNEQFDKLYIWGVHHPGTDKDQIFLYAQPSGRITVSTKRSQQAVIPNIGSRPRIRNIPSRISIYWTIVKPGDILLINSTGNLIAPRGYFKIRSGKSSIMRSDAPIGKCKSECITPNGSIPNDKPFQNVNRITYGACPRYVKQSTLKLATGMRNVPEKQTRGIFGAIAGFIENGWEGMVDGWYGFRHQNSEGRGQAADLKSTQAAIDQINGKLNRLIGKTNEKFHQIEKEFSEVEGRIQDLEKYVEDTKIDLWSYNAELLVALENQHTIDLTDSEMNKLFEKTKKQLRENAEDMGNGCFKIYHKCDNACIGSIRNGTYDHDVYRDEALNNRFQIKGVELKSGYKDWILWISFAISCFLLCVALLGFIMWACQKGNIRCNICI,MNPNQKIITIGSVSLTISTICFFMQIAILITTVTLHFKQYEFNSPPNNQVMLCEPTIIERNITEIVYLTNTTIEKEICPKPAEYRNWSKPQCGITGFAPFSKDNSIRLSAGGDIWVTREPYVSCDPDKCYQFALGQGTTLNNVHSNNTVHXRTPYRTLLMNELGVPFHLGTKQVCIAWSSSSCHDGKAWLHVCITGDDKNATASFIYNGRLVDSVVSWSKEILRTQESECVCINGTCTVVMTDGSASGKADTKILFIEEGKIVHTSTLSGSAQHVEECSCYPRYPGVRCVCRDNWKGSNRPIVDINIKDHSIVSSYVCSGLVGDTPRKNDSSSSSHCLDPNNEEGGHGVKGWAFDDGNDVWMGRTINETSRLGYETFKVIEGWSNPKSKLQINRQVIVDRGDRSGYSGIFSVEGKSCINRCFYVELIRGRKEETEVLWTSNSIVVFCGTSGTYGTGSWPDGADLNLMPI,10.678782983306409,6.3002154011847065,9.830640818524502,6.489499192245558,10.990091545503502,10.990091545503502,2.048569608759742,2.048569608759742
15_16,A/Thailand/CU-B11417/2014,AMD42404.1 ,MKTIIALSYILCLVFAQKLPGNDNSTATLCLGHHAVPNGTIVKTITNDRIEVTNATELVQNSSIGEICDSPHQILDGENCTLIDALLGDPQCDGFQNKKWDLFVERSKAYSNCYPYDVPDYASLRSLVASSGTLEFNNESFNWTGVTQNGTSSACIRRSSSSFFSRLNWLTHLNYTYPALNVTMPNNEQFDKLYIWGVHHPGTDKDQIFLYAQSSGRITVSTKRSQQAVIPNIGSRPRIRDIPSRISIYWTIVKPGDILLINSTGNLIAPRGYFKIRSGKSSIMRSDAPIGKCKSECITPNGSIPNDKPFQNVNRITYGACPRYVKHSTLKLATGMRNVPEKQTRGIFGAIAGFIENGWEGMVDGWYGFRHQNSEGRGQAADLKSTQAAIDQINGKLNRLIGKTNEKFHQIEKEFSEVEGRIQDLEKYVEDTKIDLWSYNAELLVALENQHTIDLTDSEMNKLFEKTKKQLRENAEDMGNGCFKIYHKCDNACIGSIRNGTYDHNVYRDEALNNRFQIKGVELKSGYKDWILWISFAISCFLLCVALLGFIMWACQKGNIRCNIC,ANF29281.1 ,MNPNQKIITIGSVSLTISTICFFMQIAILITTVTLHFKQYEFNSPPNNQVMLCEPTIIERNITEIVYLTNTTIEKEICPKPAEYRNWSKPQCGITGFAPFSKDNSIRLSAGGDIWVTREPYVSCDPDKCYQFALGQGTTLNNVHSNNTVRDRTPYRTLLMNELGVPFHLGTKQVCIAWSSSSCHDGKAWLHVCITGDDKNATASFIYNGRLVDSVVSWSKDILRTQESECVCINGTCTVVMTDGSASGKADTKILFIEEGKIVHTSKLSGSAQHVEECSCYPRYPGVRCVCRDNWKGSNRPIVDINIKDHSIVSSYVCSGLVGDTPRKNDSSSSSHCLDPNNEEGGHGVKGWAFDDGNDVWMGRTINETSRLGYETFKVVEGWSNPKSKLQINRQVIVDRGDRSGYSGIFSVEGKSCINRCFYVELIRGRKEETEVLWTSNSIVVFCGTSGTYGTGSWPDGADLNLMP,A/Switzerland/9715293/2013,MKTIIALSYILCLVFAQKLPGNDNSTATLCLGHHAVPNGTIVKTITNDRIEVTNATELVQNSSIGEICDSPHQILDGENCTLIDALLGDPQCDGFQNKKWDLFVERSKAYSNCYPYDVPDYASLRSLVASSGTLEFNNESFNWAGVTQNGTSSSCIRGSNSSFFSRLNWLTHLNSKYPALNVTMPNNEQFDKLYIWGVHHPGTDKDQIFLYAQSSGRITVSTKRSQQAVIPNIGSRPRIRDIPSRISIYWTIVKPGDILLINSTGNLIAPRGYFKIRSGKSSIMRSDAPIGKCKSECITPNGSIPNDKPFQNVNRITYGACPRYVKQSTLKLATGMRNVPERQTRGIFGAIAGFIENGWEGMVDGWYGFRHQNSEGRGQAADLKSTQAAIDQINGKLNRLIGKTNEKFHQIEKEFSEVEGRIQDLEKYVEDTKIDLWSYNAELLVALENQHTIDLTDSEMNKLFEKTKKQLRENAEDMGNGCFKIYHKCDNACIGSIRNGTYDHDVYRDEALNNRFQIKGVELKSGYKDWILWISFAISCFLLCVALLGFIMWACQKGNIRCNICI,MNPNQKIITIGSVSLTISTICFFMQIAILITTVTLHFKQYEFNSPPNNQVMLCEPTIIERNITEIVYLTNTTIEKEICPKPAEYRNWSKPQCGITGFAPFSKDNSIRLSAGGDIWVTREPYVSCDPDKCYQFALGQGTTLNNVHSNNTVRDRTPYRTLLMNELGVPFHLGTKQVCIAWSSSSCHDGKAWLHVCITGDDKNATASFIYNGRLVDSVVSWSKDILRTQESECVCINGTCTVVMTDGSASGKADTKILFIEEGKIVHTSTLSGSAQHVEECSCYPRYPGVRCVCRDNWKGSNRPIVDINIKDHSIVSSYVCSGLVGDTPRKNDSSSSSHCLDPNNEEGGHGVKGWAFDDGNDVWMGRTINETSRLGYETFKVIEGWSNPKSKLQTNRQVIVDRGDRSGYSGIFSVEGKSCINRCFYVELIRGRKEETEVLWTSNSIVVFCGTSGTYGTGSWPDGADLNLMPI,10.615960099750623,6.641895261845386,5.530174563591022,4.729177057356608,9.193466334164587,9.193466334164587,3.7867982214064364,3.7867982214064364
16_17,A/New_Hampshire/09/2014,EPI531706,MKTIIALSYILCLVFAQKIPGNDNSTATLCLGHHAVPNGTIVKTITNDRIEVTNATELVQNSSIGEICDSPHQILDGENCTLIDALLGDPQCDGFQNKKWDLFVERSKAYSNCYPYDVPDYASLRSLVASSGTLEFNNESFNWTGVTQNGTSSACIRRSSSSFFSRLNWLTHLNYKYPALNVTMPNNEQFDKLYIWGVHHPGTDKDQIFLYAQSSGRITVSTKRSQQAVIPNIGSRPRIRDIPSRISIYWTIVKPGDILLINSTGNLIAPRGYFKIRSGKSSIMRSDAPIGKCKSECITPNGSIPNDKPFQNVNRITYGACPRYVKHSTLKLATGMRNVPEKQTRGIFGAIAGFIENGWEGMVDGWYGFRHQNSEGRGQAADLKSTQAAIDQINGKLNRLIGKTNEKFHQIEKEFSEVEGRIQDLEKYVEDTKIDLWSYNAELLVALENQHTIDLTDSEMNKLFEKTKKQLRENAEDMGNGCFKIYHKCDNACIGSIRNGTYDHNVYRDEALNNRFQIKGVELKSGYKDWILWISFAISCFLLCVALLGFIMWACQKGNIRCNIC,EPI524307,MNPNQKIITIGSVSLTISTICFFMQIAILITTVTLHFKQYEFNSPPNNQVMLCEPTIIERNITEIVYLTNTTIEKEICPKPAEYRNWSKPQCGITGFAPFSKDNSIRLSAGGDIWVTREPYVSCDPDKCYQFALGQGTTLNNVHSNNTVRDRTPYRTLLMNELGVPFHLGTKQVCIAWSSSSCHDGKAWLHVCITGDDTNATASFIYNGRLVDSVVSWSKDILRTQESECVCINGTCTVVMTDGSASGKADTKILFIEEGKIVHTSTLSGSAQHVEECSCYPRYPGVRCVCRDNWKGSNRPIVDINIKDHSIVSSYVCSGLVGDTPRKNDSSSSSHCLDPNNEEGGHGVKGWAFDDGNDVWMGRTINETSRLGYETFKVIEGWSNPKSKLQTNRQVIVDRGDRSGYSGIFSVEGKSCINRCFYVELIRGRKEETEVLWTSNSIVVFCGTSGTYGTGSWPDGADLNLMP,A/Hong Kong/4801/2014,MKTIIALSYILCLVFAQKIPGNDNSTATLCLGHHAVPNGTIVKTITNDRIEVTNATELVQNSSIGEICDSPHQILDGENCTLIDALLGDPQCDGFQNKKWDLFVERSKAYSNCYPYDVPDYASLRSLVASSGTLEFNNESFNWTGVTQNGTSSACIRRSSSSFFSRLNWLTHLNYTYPALNVTMPNNEQFDKLYIWGVHHPGTDKDQIFLYAQSSGRITVSTKRSQQAVIPNIGSRPRIRDIPSRISIYWTIVKPGDILLINSTGNLIAPRGYFKIRSGKSSIMRSDAPIGKCKSECITPNGSIPNDKPFQNVNRITYGACPRYVKHSTLKLATGMRNVPEKQTRGIFGAIAGFIENGWEGMVDGWYGFRHQNSEGRGQAADLKSTQAAIDQINGKLNRLIGKTNEKFHQIEKEFSEVEGRIQDLEKYVEDTKIDLWSYNAELLVALENQHTIDLTDSEMNKLFEKTKKQLRENAEDMGNGCFKIYHKCDNACIGSIRNGTYDHNVYRDEALNNRFQIKGVELKSGYKDWILWISFAISCFLLCVALLGFIMWACQKGNIRCNICI,MNPNQKIITIGSVSLTISTICFFMQIAILITTVTLHFKQYEFNSPPNNQVMLCEPTIIERNITEIVYLTNTTIEKEICPKPAEYRNWSKPQCGITGFAPFSKDNSIRLSAGGDIWVTREPYVSCDPDKCYQFALGQGTTLNNVHSNNKVRDRTPYRTLLMNELGVPFHLGTKQVCIAWSSSSCHDGKAWLHVCITGDDKNATASFIYNGRLVDSVVSWSKDILRTQESECICINGTCTVVMTDGSASGKADTKILFIEEGKIVHTSTLSGSAQHVEECSCYPRYPGVRCVCRDNWKGSNRPIVDINIKDHSIVSSYVCSGLVGDTPRKNDSSSSSHCLDPNNEEGGHGVKGWAFDDGNDVWMGRTINETSRLGYETFKVIEGWSNPKSKLQTNRQVIVDRGDRSGYSGIFSVEGKSCINRCFYVELIRGRKEETEVLWTSNSIVVFCGTSGTYGTGSWPDGADLNLMPI,6.247270306258322,11.481491344873502,7.098801597869508,10.488282290279628,10.46100532623169,10.46100532623169,3.5820045505568427,3.5820045505568427
17_18,A/Tanzania/2220/2016,EPI814457,MKTIIALSYILCLVFAQKIPGNDNSTATLCLGHHAVPNGTIVKTITNDRIEVTNATELVQNSSIGEICDSPHQILDGENCTLIDALLGDPQCDGFQNKKWDLFVERSKAYSNCYPYDVPDYASLRSLVASSGTLEFKNESFNWTGVTQNGTSSACIRRSSSSFFSRLNWLTHLNYTYPALNVTMPNNEQFDKLYIWGVHHPGTDKDQIFLYAQSSGRITVSTKRSQQAVIPNIGSRPRIRDIPSRISIYWTIVKPGDILLINSTGNLIAPRGYFKIRSGKSSIMRSDAPIGKCKSECITPNGSIPNDKPFQNVNRITYGACPRYVKHSTLKLATGMRNVPEKQTRGIFGAIAGFIENGWEGMVDGWYGFRHQNSEGRGQAADLKSTQAAIDQINGKLNRLIGKTNEKFHQIEKEFSEVEGRVQDLEKYVEDTKIDLWSYNAELLVALENQHTIDLTDSEMNKLFEKTKKQLRENAEDMGNGCFKIYHKCDNACIGSIRNETYDHNVYRDEALNNRFQIKGVELKSGYKDWILWISFAISCFLLCVALLGFIMWACQKGNIRCNIC,EPI814456,MNPNQKIITIGSVSLTISTICFFMQIAILITTVTLHFKQYEFNSPPNNQVMLCEPTIIERNITEIVYLTNTTIEKEICPKPAEYRNWSKPQCGITGFAPFSKDNSIRLSAGGDIWVTREPYVSCDPDKCYQFALGQGTTLNNVHSNNTVRDRTPYRTLLMNELGVPFHLGTKQVCIAWSSSSCHDGKAWLHVCITGDDKNATASFIYNGRLVDSVVSWSKDILRTQESECVCINGTCTVVMTDGNATGKADTKILFIEEGKIVHTSKLSGSAQHVEECSCYPRYPGVRCVCRDNWKGSNRPIVDINIKDHSIVSSYVCSGLVGDTPRKNDSSSSSHCLNPNNEEGGHGVKGWAFDDGNDVWMGRTINETSRLGYETFKVVEGWSNPKSKLQINRQVIVDRGDRSGYSGIFSVEGKSCINRCFYVELIRGRKEETEVLWTSNSIVVFCGTSGTYGTGSWPDGADLNLMH,A/Hong Kong/4801/2014,MKTIIALSYILCLVFAQKIPGNDNSTATLCLGHHAVPNGTIVKTITNDRIEVTNATELVQNSSIGEICDSPHQILDGENCTLIDALLGDPQCDGFQNKKWDLFVERSKAYSNCYPYDVPDYASLRSLVASSGTLEFNNESFNWTGVTQNGTSSACIRRSSSSFFSRLNWLTHLNYTYPALNVTMPNNEQFDKLYIWGVHHPGTDKDQIFLYAQSSGRITVSTKRSQQAVIPNIGSRPRIRDIPSRISIYWTIVKPGDILLINSTGNLIAPRGYFKIRSGKSSIMRSDAPIGKCKSECITPNGSIPNDKPFQNVNRITYGACPRYVKHSTLKLATGMRNVPEKQTRGIFGAIAGFIENGWEGMVDGWYGFRHQNSEGRGQAADLKSTQAAIDQINGKLNRLIGKTNEKFHQIEKEFSEVEGRIQDLEKYVEDTKIDLWSYNAELLVALENQHTIDLTDSEMNKLFEKTKKQLRENAEDMGNGCFKIYHKCDNACIGSIRNGTYDHNVYRDEALNNRFQIKGVELKSGYKDWILWISFAISCFLLCVALLGFIMWACQKGNIRCNICI,MNPNQKIITIGSVSLTISTICFFMQIAILITTVTLHFKQYEFNSPPNNQVMLCEPTIIERNITEIVYLTNTTIEKEICPKPAEYRNWSKPQCGITGFAPFSKDNSIRLSAGGDIWVTREPYVSCDPDKCYQFALGQGTTLNNVHSNNKVRDRTPYRTLLMNELGVPFHLGTKQVCIAWSSSSCHDGKAWLHVCITGDDKNATASFIYNGRLVDSVVSWSKDILRTQESECICINGTCTVVMTDGSASGKADTKILFIEEGKIVHTSTLSGSAQHVEECSCYPRYPGVRCVCRDNWKGSNRPIVDINIKDHSIVSSYVCSGLVGDTPRKNDSSSSSHCLDPNNEEGGHGVKGWAFDDGNDVWMGRTINETSRLGYETFKVIEGWSNPKSKLQTNRQVIVDRGDRSGYSGIFSVEGKSCINRCFYVELIRGRKEETEVLWTSNSIVVFCGTSGTYGTGSWPDGADLNLMPI,6.189753320683112,12.965326893220633,7.739520441607728,4.246506813869242,9.937467655683976,9.937467655683976,1.7067500196677514,1.7067500196677514
18_19,A/Connecticut/21/2014,ALH27503.1 ,MKTIIALSYILCLVFAQKIPGNDNSTATLCLGHHAVPNGTIVKTITNDRIEVTNATELVQNSSIGEICDSPHQILDGENCTLIDALLGDPQCDGFQNKKWDLFVERSKAYSNCYPYDVPDYASLRSLVASSGTLEFNNESFNWTGVTQNGTSSACIRKSSSSFFSRLNWLTHLNYTYPALNVTMPNNEQFDKLYIWGVHHPGTDKDQIFLYAQSSGRITVSTKRSQQAVIPNIGSRPRIRDIPSRISIYWTIVKPGDILLINSTGNLIAPRGYFKIRSGKSSIMRSDAPIGKCKSECITPNGSIPNDKPFQNVNRITYGACPRYVKHSTLKLATGMRNVPEKQTRGIFGAIAGFIENGWEGMVDGWYGFRHQNSEGRGQAADLKSTQAAIDQINGKLNRLIGKTNEKFHQIEKEFSEVEGRIQDLEKYVEDTKIDLWSYNAELLVALENQHTIDLTDSEMNKLFEKTKKQLRENAEDMGNGCFKIYHKCDNACIGSIRNGTYDHNVYRDEALNNRFQIKGVELKSGYKDWILWISFAISCFLLCVALLGFIMWACQKGNIRCNIC,ALH27514.1 ,MNPNQKIITIGSVSLTISTICFFMQIAILITTVTLHFKQYEFNSPSNNQVMLCEPTIIERNITEIVYLTNTTIEKEICPKPAEYRNWSKPQCGITGFAPFSKDNSIRLSAGGDIWVTREPYVSCDPDKCYQFALGQGTTLNNVHSNNTVRDRTPYRTLLMNELGVPFHLGTKQVCIAWSSSSCHDGKAWLHVCITGDDKNATASFIYNGRLVDSVVSWSKDILRTQESECVCINGTCTVVMTDGSASGKADTKILFIEEGKIVHTSKLSGSAQHVEECSCYPRYPGVRCVCRDNWKGSNRPIVDINIKDHSIVSSYVCSGLVGDTPRKNDSSSSSHCLDPNNEEGGHGVKGWAFDDGNDVWMGRTINETSRLGYETFKVVEGWSNPKSKLQINRQVIVDRGDRSGYSGIFSVEGKSCINRCFYVELIRGRKEETEVLWTSNSIVVFCGTSGTYGTGSWPDGADLNLMP,A/Singapore/INFIMH-16-0019/2016,MKTIIALSYILCLVFAQKIPGNDNSTATLCLGHHAVPNGTIVKTITNDRIEVTNATELVQNSSIGEICDSPHQILDGENCTLIDALLGDPQCDGFQNKKWDLFVERSKAYSNCYPYDVPDYASLRSLVASSGTLEFKNESFNWTGVTQNGTSSACIRGSSSSFFSRLNWLTHLNYTYPALNVTMPNKEQFDKLYIWGVHHPGTDKDQIFLYAQSSGRITVSTKRSQQAVIPNIGSRPRIRDIPSRISIYWTIVKPGDILLINSTGNLIAPRGYFKIRSGKSSIMRSDAPIGKCKSECITPNGSIPNDKPFQNVNRITYGACPRYVKHSTLKLATGMRNVPEKQTRGIFGAIAGFIENGWEGMVDGWYGFRHQNSEGRGQAADLKSTQAAIDQINGKLNRLIGKTNEKFHQIEKEFSEVEGRVQDLEKYVEDTKIDLWSYNAELLVALENQHTIDLTDSEMNKLFEKTKKQLRENAEDMGNGCFKIYHKCDNACIESIRNETYDHNVYRDEALNNRFQIKGVELKSGYKDWILWISFAISCFLLCVALLGFIMWACQKGNIRCNICI,MNPNQKIITIGSVSLTISTICFFMQIAILITTVTLHFKQYEFNSPPNNQVMLCEPTIIERNITEIVYLTNTTIEKEICPKPAEYRNWSKPQCGITGFAPFSKDNSIRLSAGGDIWVTREPYVSCDPDKCYQFALGQGTTLNNVHSNNTVRDRTPYRTLLMNELGVPFHLGTKQVCIAWSSSSCHDGKAWLHVCITGDDKNATASFIYNGRLIDSVVSWSKDILRTQESECVCINGTCTVVMTDGNATGKADTKILFIEEGKIVHTSKLSGSAQHVEECSCYPRYPGVRCVCRDNWKGSNRPIVDINIKDHSIVSSYVCSGLVGDTPRKNDSSSSSHCLNPNNEEGGHGVKGWAFDDGNDVWMGRTINETSRLGYETFKVVEGWSNPKSKLQINRQVIVDRGDRSGYSGIFSVEGKSCINRCFYVELIRGRKEETEVLWTSNSIVVFCGTSGTYGTGSWPDGADLNLMHI,12.723450427234503,8.668791536687916,12.725620507256204,12.582395225823952,15.933073375830734,15.933073375830734,1.0954116277053263,1.0954116277053263
19_20,A/Arkansas/15/2016,AQS20947.1 ,MKTIIALSYILCLVFAQKIPGNDNSTATLCLGHHAVPNGTIVKTITNDRIEVTNATELVQNSSIGEICDSPHQILDGENCTLIDALLGDPQCDGFQNKKWDLFVERSKAYSNCYPYDVPDYASLRSLVASSGTLEFNNESFNWTGVTQNGTSSACIRGSSSSFFSRLNWLTHLNYTYPALNVTMPNKEQFDKLYIWGVHHPGTDKDQIFLYAQSSGRITVSTKRSQQAVIPNIGSRPRIRDIPSRISIYWTIVKPGDILLINSTGNLIAPRGYFKIRSGKSSIMRSDAPIGKCKSECITPNGSIPNDKPFQNVNRITYGACPRYVKQSTLKLATGMRNVPEKQTRGIFGAIAGFIENGWEGMVDGWYGFRHQNSEGRGQAADLKSTQAAIDQINGKLNRLIGKTNEKFHQIEKEFSEVEGRVQDLEKYVEDTKIDLWSYNAELLVALENQHTIDLTDSEMNKLFEKTKKQLRENAEDMGNGCFKIYHKCDNACIGSIRNETYDHNVYRDEALNNRFQIKGVELKSGYKDWILWISFAISCFLLCVALLGFIMWACQKGNIRCNIC,AQS20949.1 ,MNPNQKIITIGSVSLTISTICFFMQIAILITTVTLHFKQYEFNSPPNNQVMLCEPTIIERNITEIVYLTNTTIEKEICPKPAEYRNWSKPQCGITGFAPFSKDNSIRLSAGGDIWVTREPYVSCDPDKCYQFALGQGTTINNMHSNNTVRDRTPYRTLLMNELGVPFHLGTKQVCIAWSSSSCHDGKAWLHVCITGDDKNATASFIYNGRLVDSVVSWSKDILRTQESECVCINGTCTVVMTDGNATGKADTKILFIEEGKIVHTSKLSGSAQHVEECSCYPRYPGVRCVCRDNWKGSNRPIVDINIKDHSIVSSYVCSGLVGDTPRKNDSSSSSHCLNPNNEEGGHGVKGWAFDDGNDVWMGRTINETSRLGYETFKVVEGWSNPKSKLQINRQVIVDRGDRSGYSGIFSVEGKSCINRCFYVELIRGRKEETEVLWTSNSIVVFCGTSGTYGTGSWPDGADLNLMH,A/Kansas/14/2017,MKTIIALSCILCLVFAQKIPGNDNSTATLCLGHHAVPNGTIVKTITNDRIEVTNATELVQNSSIGEICDSPHQILDGENCTLIDALLGDPQCDGFQNKKWDLFVERNKAYSNCYPYDVPDYASLRSLVASSGTLEFNNESFNWAGVTQNGTSSSCIRGSKSSFFSRLNWLTHLNSKYPALNVTMPNNEQFDKLYIWGVHHPGTDKDQISLYAQSSGRITVSTKRSQQAVIPNIGSRPRIRDIPSRISIYWTIVKPGDILLINSTGNLIAPRGYFKIRSGKSSIMRSDAPIGKCKSECITPNGSIPNDKPFQNVNRITYGACPRYVKQSTLKLATGMRNVPERQTRGIFGAIAGFIENGWEGMVDGWYGFRHQNSEGRGQAADLKSTQAAIDQINGKLNRLIGKTNEKFHQIEKEFSEVEGRIQDLEKYVEDTKIDLWSYNAELLVALENQHTIDLTDSEMNKLFEKTKKQLRENAEDMGNGCFKIYHKCDNACMGSIRNGTYDHNVYRDEALNNRFQIKGVELKSGYKDWILWISFAISCFLLCVALLGFIMWACQKGNIRCNICI,MNPNQKIITIGSVSLTISTICFFMQIAILITTVTLHFKQYEFNSPPNNQVMLCEPTIIERNITEIVYLTNTTIEREICPKPAEYRNWSKPQCGITGFAPFSKDNSIRLSAGGDIWVTREPYVSCDPDKCYQFALGQGTTINNVHSNNTARDRTPHRTLLMNELGVPFHLGTKQVCIAWSSSSCHDGKAWLHVCITGDDKNATASFIYNGRLVDSVVSWSKDILRTQESECVCINGTCTVVMTDGNATGKADTKILFIEEGKIVHTSKLSGSAQHVEECSCYPRYPGVRCVCRDNWKGSNRPIVDINIKDHSIVSSYVCSGLVGDTPRKTDSSSSSHCLNPNNEKGGHGVKGWAFDDGNDVWMGRTINETSRLGYETFKVVEGWSNPKSKLQINRQVIVDRGDRSGYSGIFSVEGKSCINRCFYVELIRGRKEETEVLWTSNSIVVFCGTSGTYGTGSWPDGADLNLMHI,13.726797088262057,8.115787079162875,12.488853503184714,9.560509554140127,15.816696997270247,15.816696997270247,1.9578698668355055,1.9578698668355055
20_21,A/Colombia/5215/2015,EPI662466,MKTIIALSCILCLVFAQKIPGNDNSTATLCLGHHAVPNGTIVKTITNDRIEVTNATELVQNSSIGEICDSPHQILDGENCTLIDALLGDPQCDGFQNKKWDLFVERSKAYSNCYPYDVPDYASLRSLVASSGTLEFNNESFNWAGVTQNGTSSSCIRGSKSSFFSRLNWLTHLNSKYPALNVTMPNNEQFDKLYIWGVHHPGTDKDQISLYAQSSGRITVSTKRSQQAVIPNIGSRPRIRDIPSRISIYWTIVKPGDILLINSTGNLIAPRGYFKIRSGKSSIMRSDAPIGKCKSECITPNGSIPNDKPFQNVNRITYGACPRYVKQSTLKLATGMRNVPERQTRGIFGAIAGFIENGWEGMVDGWYGFRHQNSEGRGQAADLKSTQAAIDQINGKLNRLIGKTNEKFHQIEKEFSEVEGRIQDLEKYVEDTKIDLWSYNAELLVALENQHTIDLTDSEMNKLFEKTKKQLRENAEDMGNGCFKIYHKCDNACIGSIRNGTYDHNVYRDEALNNRFQIKGVELKSGYKDWILWISFAISCFLLCVALLGFIMWACQKGNIRCNIC,EPI662465,MNPNQKIITIGSVSLTISTICFFMQIAILITTVTLHFKQYEFNSPANNQVMLCEPTIIERNITEIVYLTNTTIEKEMCPKPAEYRNWSKPQCGITGFAPFSKDNSIRLSAGGDIWVTREPYVSCDPDKCYQFALGQGTTLNNVHSNNTVRDRTPYRTLLMNELGVPFHLGTKQVCIAWSSSSCHDGKAWLHVCITGDDKNATASFIYNGRLVDSVVSWSKDILRTQESECVCINGTCTVVMTDGSASGKADTKILFIEEGKIVHTSTLSGSAQHVEECSCYPRYPGVRCVCRDNWKGSNRPIVDINIKDHSIVSSYVCSGLVGDTPRKNDSSSSSHCLDPNNEKGGHGVKGWAFDDGNDVWMGRTINETSRLGYETFKVIEGWSNPKSKLQTNRQVIVDRGDRSGYSGIFSVEGKSCINRCFYVELIRGRKEETEVLWTSNSIVVFCGTSGTYGTGSWPDGADLNLMP,A/Hong Kong/2671/2019,MKTIIALSYILCLVFTQKIPGNDNSTATLCLGHHAVPNGTIVKTITNDRIEVTNATELVQNSSIGEICDSPHQILDGGNCTLIDALLGDPQCDGFQNKKWDLFVERSRAYSNCYPYDVPDYASLRSLVASSGTLEFKNESFNWAGVTQNGKSFSCIRGSSSSFFSRLNWLTHLNYIYPALNVTMPNKEQFDKLYIWGVHHPVTDKDQISLYAQSSGRITVSTKRSQQAVIPNIGSRPRIRNIPSRISIYWTIVKPGDILLINSTGNLIAPRGYFKIRSGKSSIMRSDAPIGKCKSECITPNGSIPNDKPFQNVNRITYGACPRYVKQSTLKLATGMRNVPEKQTRGIFGAIAGFIENGWEGMVDGWYGFRHQNSEGRGQAADLKSTQAAIDQINGKLNRLIGKTNEKFHQIEKEFSEVEGRVQDLEKYVEDTKIDLWSYNAELLVALENQHTIDLTDSEMNKLFEKTKKQLRENAEDMGNGCFKIYHKCDNACIGSIRNETYDHNVYRDEALNNRFQIKGVELKSGYKDWILWISFAISCFLLCVALLGFIMWACQKGNIRCNICI,MNPNQKIITIGSVSLTISTICFFMQIAILITTVTLHFKQYEFNSPPNNQVMLCEPTIIERNITEIVYLTNTTIEKEICPKPAEYRNWSKPQCGITGFAPFSKDNSIRLSAGGDIWVTREPYVSCDLDKCYQFALGQGTTLNNVHSNNTVRDRTPYRTLLMNELGVPFHLGTKQVCIAWSSSSCHDGKAWLHVCITGDDKNATASFIYNGRLVDSVVSWSNDILRTQESECVCINGTCTVVMTDGNATGKADTKILFIEEGKIVHTSKLSGSAQHVEECSCYPRYPGVRCVCRDNWKGSNRPIIDINIKDHSIVSSYVCSGLVGDTPRKSDSSSSSHCLNPNNEEGGHGVKGWAFDDGNDVWMGRTINETSRLGYETFKVVEGWSNPKSKLQINRQVIVDRGDRSGYSGIFSVEGKSCINRCFYVELIRGRKEETEVLWTSNSIVVFCGTSGTYGTGSWPDGADLNLMHT,15.91633466135458,5.729083665338646,21.89641434262948,17.394422310756973,18.09581673306773,18.09581673306773,4.985488612444542,4.985488612444542
21_22,A/Nepal/21FL0201/2021,EPI1860007,MKTIIALSYILCLVFAQKIPGNDNSTATLCLGHHAVPNGTIVKTITNDRIEVTNATELVQNSSIGEICDSPHQILDGGNCTLIDALLGDPQCDGFQNKEWDLFVERSRANSNCYPYDVPDYASLRSLVASSGTLEFKNESFNWTGVKQNGTSSACIRGSSSSFFSRLNWLTHLNNIYPAQNVTMPNKEQFDKLYIWGVHHPDTDKNQISLFAQSSGRITVSTKRSQQAVIPNIGSRPRIRDIPSRISIYWTIVKPGDILLINSTGNLIAPRGYFKIRSGKSSIMRSDAPIGKCKSECITPNGSIPNDKPFQNVNRITYGACPRYVKQSTLKLATGMRNVPEKQTRGIFGAIAGFIENGWEGMVDGWYGFRHQNSEGRGQAADLKSTQAAIDQINGKLNRLIGKTNEKFHQIEKEFSEVEGRVQDLEKYVEDTKIDLWSYNAELLVALENQHTIDLTDSEMNKLFEKTKKQLRENAEDMGNGCFKIYHKCDNACIGSIRNETYDHNVYRDEALNNRFQIKGVELKSGYKDWILWISFAMSCFLLCIALLGFIMWACQKGNIRCNIC,EPI1860006,MNPNQKIITIGSVSLTISTICFFMQIAILITTVTLHFKQYEFNSPPNNQVMLCEPTIIERNITEIVYLTNTTIEKEICPKPAEYRNWSKPQCGITGFAPFSKDNSIRLSAGGDIWVTREPYVSCDLDKCYQFALGQGTTLNNVHSNNTVRDRTPYRTLLMNELGVPFHLGTKQVCIAWSSSSCHDGKAWLHVCITGDDKNATASFIYNGRLVDSVVSWSNDILRTQESECVCINGTCTVVMTDGNATGKADTKILFIEEGKIVHTSKLSGSAQHVEECSCYPRYPGVRCVCRDNWKGSNRPIIDINIKDHSIVSRYVCSGLVGDTPRKSDSSSSSHCLNPNNEKGDHGVKGWAFDDGNDVWMGRTINETSRLGYETFKVVEGWSNPKSKLQINRQVIVDRGDRSGYSGIFSVEGKSCINRCFYVELIRGRKEETEVLWTSNSIVVFCGTSGTYGTGSWPDGANLSLMH,A/Cambodia/e0826360/2020,MKTIIALSYILCLVFAQKIPGNDNSTATLCLGHHAVPNGTIVKTITNDRIEVTNATELVQNSSIGEICDSPHQILDGGNCTLIDALLGDPQCDGFQNKEWDLFVERSRANSNCYPYDVPDYASLRSLVASSGTLEFKNESFNWTGVKQNGTSSACIRGSSSSFFSRLNWLTHLNYKYPALNVTMPNNEQFDKLYIWGVHHPRTDKDQIFLFAQPSGRITVSTKRSQQAVIPNIGSRPRIRDIPSRISIYWTIVKPGDILLINSTGNLIAPRGYFKIRSGKSSIMRSDAPIGKCKSECITPNGSIPNDKPFQNVNRITYGACPRYVKQSTLKLATGMRNVPEKQTRGIFGAIAGFIENGWEGMVDGWYGFKHQNSEGRGQAADLKSTQAAIDQINGKLNRLIGKTNEKFHQIEKEFSEVEGRVQDLEKYVEDTKIDLWSYNAELLVALENQHTIDLTDSEMNKLFEKTKKQLRENAEDMGNGCFKIYHKCDNACIGSIRNETYDHNVYRDEALNNRFQIKGVELKSGYKDWILWISFAMSCFLLCIALLGFIMWACQKGNIRCNICI,MNPNQKIITIGSVSLTISTICFFMQIAILITTVTLHFKQYEFNSPPNNQVMLCEPTIIERNMTEIVYLTNTTIEKEICPKPAEYRNWSKPQCGITGFAPFSKDNSIRLSAGGDIWVTREPYVSCDLDKCYQFALGQGTTLNNVHSNNTVRDRTPYRTLLMNELGVPFHLGTKQVCIAWSSSSCHDGKAWLHVCITGDDKNATASFIYNGRLVDSVVSWSNDILRTQESECVCINGTCTVVMTDGNATGKADTKILFIEEGKIVHTSKLSGSAQHVEECSCYPRYPGVRCVCRDNWKGSNRPIIDINIKDHSIVSRYVCSGLVGDTPRKSDSSSSSHCLNPNNEKGDHGVKGWAFDDGNDVWMGRTINETSRLGYETFKVVEGWSNPKSKLQINRQVIVDRGDRSGYSGIFSVEGKSCINRCFYVELIRGRKEETEVLWTSNSIVVFCGTSGTYGTGSWPDGANLSLMHI,16.273005831768312,3.1858258376989226,7.475239695561926,2.206978353266779,15.641682316892357,15.641682316892357,5.38338290369549,5.38338290369549
22_23,A/Darwin/7/2021,EPI1857219,MKTIIALSNILCLVFAQKIPGNDNSTATLCLGHHAVPNGTIVKTITNDRIEVTNATELVQNSSIGEICGSPHQILDGGNCTLIDALLGDPQCDGFQNKEWDLFVERSRANSNCYPYDVPDYASLRSLVASSGTLEFKNESFNWTGVKQNGTSSACIRGSSSSFFSRLNWLTSLNNIYPAQNVTMPNKEQFDKLYIWGVHHPDTDKNQISLFAQSSGRITVSTKRSQQAVIPNIGSRPRIRDIPSRISIYWTIVKPGDILLINSTGNLIAPRGYFKIRSGKSSIMRSDAPIGKCKSECITPNGSIPNDKPFQNVNRITYGACPRYVKQSTLKLATGMRNVPEKQTRGIFGAIAGFIENGWEGMVDGWYGFRHQNSEGRGQAADLKSTQAAIDQINGKLNRLIGKTNEKFHQIEKEFSEVEGRVQDLEKYVEDTKIDLWSYNAELLVALENQHTIDLTDSEMNKLFEKTKKQLRENAEDMGNGCFKIYHKCDNACIGSIRNETYDHNVYRDEALNNRFQIKGVELKSGYKDWILWISFAMSCFLLCIALLGFIMWACQKGNIRCNIC,EPI1857218,MNPNQKIITIGSVSLTISTICFFMQIAILITTVTLHFKQYEFNSPPNNQVMLCEPTIIERNITEIVYLTNTTIEKEICPKPAEYRNWSKPQCGITGFAPFSKDNSIRLSAGGDIWVTREPYVSCDLDKCYQFALGQGTTLNNVHSNNTVRDRTPYRTLLMNELGVPFHLGTKQVCIAWSSSSCHDGKAWLHVCITGDDKNATASFIYNGRLVDSVVSWSNDILRTQESECVCINGTCTVVMTDGNATGKADTKILFIEEGKIVHTSKLSGSAQHVEECSCYPRYPGVRCVCRDNWKGSNRPIIDINIKDHSIVSRYVCSGLVGDTPRKSDSSSSSHCLNPNNEKGDHGVKGWAFDDGNDVWMGRTINETSRLGYETFKVVEGWSNPKSKLQINRQVIVDRGDRSGYSGIFSVEGKSCINRCFYVELIRGRKEETEVLWTSNSIVVFCGTSGTYGTGSWPDGANLSLMH,A/Darwin/9/2021,MKTIIALSNILCLVFAQKIPGNDNSTATLCLGHHAVPNGTIVKTITNDRIEVTNATELVQNSSIGEICDSPHQILDGGNCTLIDALLGDPQCDGFQNKEWDLFVERSRANSNCYPYDVPDYASLRSLVASSGTLEFKNESFNWTGVKQNGTSSACIRGSSSSFFSRLNWLTSLNNIYPAQNVTMPNKEQFDKLYIWGVHHPNTDKNQISLFAQSSGRITVSTKRSQQAVIPNIGSRPRIRGIPSRISIYWTIVKPGDILLINSTGNLIAPRGYFKIRSGKSSIMRSDAPIGKCKSECITPNGSIPNDKPFQNVNRITYGACPRYVKQSTLKLATGMRNVPEKQTRGIFGAIAGFIENGWEGMVDGWYGFRHQNSEGRGQAADLKSTQAAIDQINGKLNRLIGKTNEKFHQIEKEFSEVEGRVQDLEKYVEDTKIDLWSYNAELLVALENQHTIDLTDSEMNKLFEKTKKQLRENAEDMGNGCFKIYHKCDNACIGSIRNETYDHNVYRDEALNNRFQIKGVELKSGYKDWILWISFAMSCFLLCIALLGFIMWACQKGNIRCNICI,MNPNQKIITIGSVSLTISTICFFMQIAILITTVTLHFKQYEFNSPPNNQVMLCEPTIIERNITEIVYLTNTTIEKEICPKPAEYRNWSKPQCGITGFAPFSKDNSIRLSAGGDIWVTREPYVSCDLDKCYQFALGQGTTLNNVHSNNTVSDRTPYRTLLMNELGVPFHLGTKQVCIAWSSSSCHDGKAWLHVCITGDDKNATASFIYNGRLVDSVVSWSNDILRTQESECVCINGTCTVVMTDGNATGKADTKILFIEEGKIVHTSKLSGSAQHVEECSCYPRYPGVRCVCRDNWKGSNRPIIDINIKDHSIVSRYVCSGLVGDTPRKSDSSSSSHCLNPNNEKGDHGVKGWAFDDGNDVWMGRTINETSRLGYETFKVVEGWSNPKSKLQINRQVIVDRGDRSGYSGIFSVEGKSCINRCFYVELIRGRKEETEVLWTSNSIVVFCGTSGTYGTGSWPDGANLSLMHI,8.197789960596197,4.8724516018502655,6.545999657358232,3.9545999657358233,10.546783450402605,10.546783450402605,3.4833476500631533,3.4833476500631533
23_24,A/Texas/78/2022,EPI2228238,MKTIIALSNILCLVFAQKIPGNDNSTATLCLGHHAVPNGTIVKTITNDRIEVTNATELVQNSSIGKICDSPHQILDGGNCTLIDALLGDPQCDGVQNKEWDLFVERSRANSNCYPYDVPDYASLRSLVASSGTLEFKNESFNWTGVKQNGTSSACKRGSSSSFFSRLNWLTHLNNIYPAQNVTMPNKEQFDKLYIWGVHHPDTDKNQISLFAQSSGRITVSTKRSQQAVIPNIGSRPRIRDIPSRISIYWTIVKPGDILLINSTGNLIAPRGYFKIRSGKSSIMRSDAPIGKCKSECITPNGSIPNDKPFQNVNKITYGACPRYVKQSTLKLATGMRNVPEKQTRGIFGAIAGFIENGWEGMVDGWYGFRHQNSEGRGQAADLKSTQAAIDQINGKLNRLIGKTNEKFHQIEKEFSEVEGRVQDLEKYVEDTKIDLWSYNAELLVALENQHTIDLTDSEMNKLFEKTKKQLRENAEDMGNGCFKIYHKCDNACIGSIRNETYDHNVYRDEALNNRFQIKGVELKSGYKDWILWISFAMSCFLLCIALLGFIMWACQKGNIRCNIC,EPI2228237,MNPNQKIITIGSVSLTISTICFFMQIAILITTVTLHFKQYEFNSPPNNQVMLCEPTIIERNITEIVYLTNTTIEKEICPKPAEYRNWSKPQCGITGFAPFSKDNSIRLSAGGDIWVTREPYVSCDLDKCYQFALGQGTTLNNVHSNNTVRDRTPYRTLLMNELGVPFHLGTKQVCIAWSSSSCHDGKAWLHVCITGDDKNATASFIYNGRLVDSVVSWSNDILRTQESECVCINGTCTVVMTDGNATGKADTKILFIEEGKIIHTSKLSGSAQHVEECSCYPRYPGVRCVCRDNWKGSNRPIIDINIKDHSIVSSYVCSGLVGDTPRKSDSSSSSHCLNPNNEKGSHGVKGWAFDDGNDVWMGRTINETSRLGYETFKVVEGWSNPKSKLQINRQVIVDRGDRSGYSGIFSVEGKSCINRCFYVELIRGRKEETEVLWTSNSIVVFCGTSGTYGTGSWPDGADLNLMH,A/Darwin/9/2021,MKTIIALSNILCLVFAQKIPGNDNSTATLCLGHHAVPNGTIVKTITNDRIEVTNATELVQNSSIGEICDSPHQILDGGNCTLIDALLGDPQCDGFQNKEWDLFVERSRANSNCYPYDVPDYASLRSLVASSGTLEFKNESFNWTGVKQNGTSSACIRGSSSSFFSRLNWLTSLNNIYPAQNVTMPNKEQFDKLYIWGVHHPNTDKNQISLFAQSSGRITVSTKRSQQAVIPNIGSRPRIRGIPSRISIYWTIVKPGDILLINSTGNLIAPRGYFKIRSGKSSIMRSDAPIGKCKSECITPNGSIPNDKPFQNVNRITYGACPRYVKQSTLKLATGMRNVPEKQTRGIFGAIAGFIENGWEGMVDGWYGFRHQNSEGRGQAADLKSTQAAIDQINGKLNRLIGKTNEKFHQIEKEFSEVEGRVQDLEKYVEDTKIDLWSYNAELLVALENQHTIDLTDSEMNKLFEKTKKQLRENAEDMGNGCFKIYHKCDNACIGSIRNETYDHNVYRDEALNNRFQIKGVELKSGYKDWILWISFAMSCFLLCIALLGFIMWACQKGNIRCNICI,MNPNQKIITIGSVSLTISTICFFMQIAILITTVTLHFKQYEFNSPPNNQVMLCEPTIIERNITEIVYLTNTTIEKEICPKPAEYRNWSKPQCGITGFAPFSKDNSIRLSAGGDIWVTREPYVSCDLDKCYQFALGQGTTLNNVHSNNTVSDRTPYRTLLMNELGVPFHLGTKQVCIAWSSSSCHDGKAWLHVCITGDDKNATASFIYNGRLVDSVVSWSNDILRTQESECVCINGTCTVVMTDGNATGKADTKILFIEEGKIVHTSKLSGSAQHVEECSCYPRYPGVRCVCRDNWKGSNRPIIDINIKDHSIVSRYVCSGLVGDTPRKSDSSSSSHCLNPNNEKGDHGVKGWAFDDGNDVWMGRTINETSRLGYETFKVVEGWSNPKSKLQINRQVIVDRGDRSGYSGIFSVEGKSCINRCFYVELIRGRKEETEVLWTSNSIVVFCGTSGTYGTGSWPDGANLSLMHI,-1.0,-1.0,-1.0,-1.0,-1.0,-1.0,0.0,0.0
