season,name,ha_acc,ha_seq,na_acc,na_seq,name_who,ha_seq_who,na_seq_who,ha_who_error,na_who_error,ha_enet_error,na_enet_error
03_04,A/Memphis/1/2001,AJK00834.1 ,MKAKLLVLLCTFTATYADTICIGYHANNSTDTVDTVLEKNVTVTHSVNLLEDSHNGKLCLLKGIAPLQLGNCSVAGWILGNPECELLIPKESWSYIVETPNPENGTCYPGYFADYEELREQLSSVSSFERFEIFPKESSWPNHTVTGVSASCSHNGKSSFYRNLLWLTGKNGLYPNLSKSYANNKEKEVLVLWGVHHPPNIGDQRALYHTENAYVSVVSSHYSRRFIPEMAKRPKVRDQEGRINYYWTLLEPGDTIIFEANGNLIAPWYAFALSRGFGSGIITSNAPMGECDAKCQTPQGAINSSLPFQNVHPVTIGECPKYVRSAKLRMVTGLRNIPSIQSRGLFGAIAGFIEGGWTGMVDGWYGYHHQNEQGSGYAADQKSTQNAINGITNKVNSVIEKMNTQFTAVGKEFNKLERRMENLNKKVDDGFLDIWTYNAELLVLLENERTLDFHDSNVKNLYEKVKSQLKNNAKEIGNGCFEFYHKCNNECMESVKNGTYDYPKYSEESKLNREKIDGVKLESMGVYQILAIYSTVASSLVLLVSLGAISFWMCSNGSLQCRICI,ABO38024.1 ,MNPNQKIITIGSISIAIGIISLMLQIGNIISIWASHSIQTGSQNHTGICNQRIITYENNTWVNHTYVNINNTNIVAGKDKTSVTLAGNSSLCSISGWAIYTKDNSIRIGSKGDVFVIREPFISCSHLECRTFFLTQGALLNDKHSNGTVKDRSPYRALMSCPLGEAPSPYNSKFESVAWSASACHDGMGWLTIGISGPDNGAVAVLKYNGIITETIKSWKKRILRTQESECVCVNGSCFTIMTDGPSNGAASYKIFKIEKGKVTKSIELNAPNFHYEECSCYPDTGTVMCVCRDNWHGSNRPWVSFNQNLDYQIGYICSGVFGDNPRPKDGEGSCNPVTVDGADGVKGFSYKYGNGVWIGRTKSNRLRKGFEMVWDPNGWTDTDSDFSVKQDVVAITDWSGYSGSFVQHPELTGLDCIRPCFWVELVRGLPRENTTIWTSGSSISFCGVNSDTANWSWPDGAELPFTI,A/New Caledonia/20/99,MKAKLLVLLCTFTATYADTICIGYHANNSTDTVDTVLEKNVTVTHSVNLLEDSHNGKLCLLKGIAPLQLGNCSVAGWILGNPECELLISKESWSYIVETPNPENGTCYPGYFADYEELREQLSSVSSFERFEIFPKESSWPNHTVTGVSASCSHNGKSSFYRNLLWLTGKNGLYPNLSKSYVNNKEKEVLVLWGVHHPPNIGNQRALYHTENAYVSVVSSHYSRRFTPEIAKRPKVRDQEGRINYYWTLLEPGDTIIFEANGNLIAPWYAFALSRGFGSGIITSNAPMDECDAKCQTPQGAINSSLPFQNVHPVTIGECPKYVRSAKLRMVTGLRNIPSIQSRGLFGAIAGFIEGGWTGMVDGWYGYHHQNEQGSGYAADQKSTQNAINGITNKVNSVIEKMNTQFTAVGKEFNKLERRMENLNKKVDDGFLDIWTYNAELLVLLENERTLDFHDSNVKNLYEKVKSQLKNNAKEIGNGCFEFYHKCNNECMESVKNGTYDYPKYSEESKLNREKIDGVKLESMGVYQILAIYSTVASSLVLLVSLGAISFWMCSNGSLQCRICI,MNPNQKIITIGSISIAIGIISLMLQIGNIISIWASHSIQTGSQNHTGVCNQRIITYENSTWVNHTYVNINNTNVVAGKDKTSVTLAGNSSLCSISGWAIYTKDNSIRIGSKGDVFVIREPFISCSHLECRTFFLTQGALLNDKHSNGTVKDRSPYRALMSCPLGEAPSPYNSKFESVAWSASACHDGMGWLTIGISGPDNGAVAVLKYNGIITETIKSWKKRILRTQESECVCVNGSCFTIMTDGPSNGAASYKIFKIEKGKVTKSIELNAPNFHYEECSCYPDTGTVMCVCRDNWHGSNRPWVSFNQNLDYQIGYICSGVFGDNPRPKDGEGSCNPVTVDGADGVKGFSYKYGNGVWIGRTKSNRLRKGFEMIWDPNGWTDTDSDFSVKQDVVAITDWSGYSGSFVQHPELTGLDCIRPCFWVELVRGLPRENTTIWTSGSSISFCGVNSDTANWSWPDGAELPFTID,8.285714285714286,4.0,11.285714285714286,6.0
04_05,A/Memphis/1/2001,AJK00834.1 ,MKAKLLVLLCTFTATYADTICIGYHANNSTDTVDTVLEKNVTVTHSVNLLEDSHNGKLCLLKGIAPLQLGNCSVAGWILGNPECELLIPKESWSYIVETPNPENGTCYPGYFADYEELREQLSSVSSFERFEIFPKESSWPNHTVTGVSASCSHNGKSSFYRNLLWLTGKNGLYPNLSKSYANNKEKEVLVLWGVHHPPNIGDQRALYHTENAYVSVVSSHYSRRFIPEMAKRPKVRDQEGRINYYWTLLEPGDTIIFEANGNLIAPWYAFALSRGFGSGIITSNAPMGECDAKCQTPQGAINSSLPFQNVHPVTIGECPKYVRSAKLRMVTGLRNIPSIQSRGLFGAIAGFIEGGWTGMVDGWYGYHHQNEQGSGYAADQKSTQNAINGITNKVNSVIEKMNTQFTAVGKEFNKLERRMENLNKKVDDGFLDIWTYNAELLVLLENERTLDFHDSNVKNLYEKVKSQLKNNAKEIGNGCFEFYHKCNNECMESVKNGTYDYPKYSEESKLNREKIDGVKLESMGVYQILAIYSTVASSLVLLVSLGAISFWMCSNGSLQCRICI,ABO38024.1 ,MNPNQKIITIGSISIAIGIISLMLQIGNIISIWASHSIQTGSQNHTGICNQRIITYENNTWVNHTYVNINNTNIVAGKDKTSVTLAGNSSLCSISGWAIYTKDNSIRIGSKGDVFVIREPFISCSHLECRTFFLTQGALLNDKHSNGTVKDRSPYRALMSCPLGEAPSPYNSKFESVAWSASACHDGMGWLTIGISGPDNGAVAVLKYNGIITETIKSWKKRILRTQESECVCVNGSCFTIMTDGPSNGAASYKIFKIEKGKVTKSIELNAPNFHYEECSCYPDTGTVMCVCRDNWHGSNRPWVSFNQNLDYQIGYICSGVFGDNPRPKDGEGSCNPVTVDGADGVKGFSYKYGNGVWIGRTKSNRLRKGFEMVWDPNGWTDTDSDFSVKQDVVAITDWSGYSGSFVQHPELTGLDCIRPCFWVELVRGLPRENTTIWTSGSSISFCGVNSDTANWSWPDGAELPFTI,A/New Caledonia/20/99,MKAKLLVLLCTFTATYADTICIGYHANNSTDTVDTVLEKNVTVTHSVNLLEDSHNGKLCLLKGIAPLQLGNCSVAGWILGNPECELLISKESWSYIVETPNPENGTCYPGYFADYEELREQLSSVSSFERFEIFPKESSWPNHTVTGVSASCSHNGKSSFYRNLLWLTGKNGLYPNLSKSYVNNKEKEVLVLWGVHHPPNIGNQRALYHTENAYVSVVSSHYSRRFTPEIAKRPKVRDQEGRINYYWTLLEPGDTIIFEANGNLIAPWYAFALSRGFGSGIITSNAPMDECDAKCQTPQGAINSSLPFQNVHPVTIGECPKYVRSAKLRMVTGLRNIPSIQSRGLFGAIAGFIEGGWTGMVDGWYGYHHQNEQGSGYAADQKSTQNAINGITNKVNSVIEKMNTQFTAVGKEFNKLERRMENLNKKVDDGFLDIWTYNAELLVLLENERTLDFHDSNVKNLYEKVKSQLKNNAKEIGNGCFEFYHKCNNECMESVKNGTYDYPKYSEESKLNREKIDGVKLESMGVYQILAIYSTVASSLVLLVSLGAISFWMCSNGSLQCRICI,MNPNQKIITIGSISIAIGIISLMLQIGNIISIWASHSIQTGSQNHTGVCNQRIITYENSTWVNHTYVNINNTNVVAGKDKTSVTLAGNSSLCSISGWAIYTKDNSIRIGSKGDVFVIREPFISCSHLECRTFFLTQGALLNDKHSNGTVKDRSPYRALMSCPLGEAPSPYNSKFESVAWSASACHDGMGWLTIGISGPDNGAVAVLKYNGIITETIKSWKKRILRTQESECVCVNGSCFTIMTDGPSNGAASYKIFKIEKGKVTKSIELNAPNFHYEECSCYPDTGTVMCVCRDNWHGSNRPWVSFNQNLDYQIGYICSGVFGDNPRPKDGEGSCNPVTVDGADGVKGFSYKYGNGVWIGRTKSNRLRKGFEMIWDPNGWTDTDSDFSVKQDVVAITDWSGYSGSFVQHPELTGLDCIRPCFWVELVRGLPRENTTIWTSGSSISFCGVNSDTANWSWPDGAELPFTID,7.428571428571429,3.7142857142857144,9.714285714285714,5.714285714285714
05_06,A/Malaysia/25862/2003,AFJ78408.1 ,MKVKLLVLLCTFTATYADTICIGYHANNSTDTVDTVLEKNVTVTHSVNLLEDSHNGKLCLLKGIAPLQLGNCSVAGWILGNPECELLISKESWSYIVETPNPENGTCYPGYFADYEELREQLSSVSSFERFEIFPKESSWPNHTVTGVSASCSHNGKSSFYRNLLWLTGKNGLYPNLSKSYANNKEKEVLVLWGVHHPPNIGDQRALYHTENAYVSVVSSHYSRRFTPEIAKRPKVRDQEGRINYYWTLLEPGDTIIFEANGNLIAPRFAFALSRGFGSGIITSNAPMDECDAKCQTPQGAINSSLPFQNVHPVTIGECPKYVRSAKLRMVTGLRNIPSIQSRGLFGAIAGFIEGGWTGMVDGWYGYHHQNEQGSGYAADQKSTQNAINGITNKVNSVIEKMNTQFTAVGKEFNKLERRMENLNKKVDDGFLDIWTYNAELLVLLENERTLDFHDSNVKNLYEKVKSQLKNNAKEIGNGCFEFYHKCNDECMESVKNGTYDYPKYSEESKLNREKIDGVKLESMGVYQILAIYSTVASSLVLLVSLGAISFWMCSNGSLQCRICI,AFJ78411.1 ,MNPNQKIITIGSISIAIGIISLMLQIGNIISIWASHSIQTGSQNHTGICNQRIITYENSTWVNHTYVNINNTNVVAGKDKTSVTLAGNSSLCSISGWAIYTKDNSIRIGSKGDVFVIREPFISCSHLECRTFFLTQGALLNDKHSNGTVKDRSPYRALMSCPLGEAPSPYNSKFESVAWSASACHDGMGWLTIGISGPDNGAVAVLKYNGIITETIKSWKKRILRTQESECVCVNGSCFTIMTDGPSNGAASYKIFKIEKGKVTKSIELNAPNFHYEECSCYPDTGTVMCVCRDNWHGSNRPWVSFNQNLDYQIGYICSGVFGDNPRPKDGKGSCNPVTVDGADGVKGFSYKYGNGVWIGRTKSNRLRKGFEMIWDPNGWTDTDSDFSVKQDVVAITDWSGYSGSFVQHPELTGLDCIRPCFWVELVRGLPRENTTIWTSGSSISFCGVDSDTANWSWPDGAELPFTI,A/New Caledonia/20/99,MKAKLLVLLCTFTATYADTICIGYHANNSTDTVDTVLEKNVTVTHSVNLLEDSHNGKLCLLKGIAPLQLGNCSVAGWILGNPECELLISKESWSYIVETPNPENGTCYPGYFADYEELREQLSSVSSFERFEIFPKESSWPNHTVTGVSASCSHNGKSSFYRNLLWLTGKNGLYPNLSKSYVNNKEKEVLVLWGVHHPPNIGNQRALYHTENAYVSVVSSHYSRRFTPEIAKRPKVRDQEGRINYYWTLLEPGDTIIFEANGNLIAPWYAFALSRGFGSGIITSNAPMDECDAKCQTPQGAINSSLPFQNVHPVTIGECPKYVRSAKLRMVTGLRNIPSIQSRGLFGAIAGFIEGGWTGMVDGWYGYHHQNEQGSGYAADQKSTQNAINGITNKVNSVIEKMNTQFTAVGKEFNKLERRMENLNKKVDDGFLDIWTYNAELLVLLENERTLDFHDSNVKNLYEKVKSQLKNNAKEIGNGCFEFYHKCNNECMESVKNGTYDYPKYSEESKLNREKIDGVKLESMGVYQILAIYSTVASSLVLLVSLGAISFWMCSNGSLQCRICI,MNPNQKIITIGSISIAIGIISLMLQIGNIISIWASHSIQTGSQNHTGVCNQRIITYENSTWVNHTYVNINNTNVVAGKDKTSVTLAGNSSLCSISGWAIYTKDNSIRIGSKGDVFVIREPFISCSHLECRTFFLTQGALLNDKHSNGTVKDRSPYRALMSCPLGEAPSPYNSKFESVAWSASACHDGMGWLTIGISGPDNGAVAVLKYNGIITETIKSWKKRILRTQESECVCVNGSCFTIMTDGPSNGAASYKIFKIEKGKVTKSIELNAPNFHYEECSCYPDTGTVMCVCRDNWHGSNRPWVSFNQNLDYQIGYICSGVFGDNPRPKDGEGSCNPVTVDGADGVKGFSYKYGNGVWIGRTKSNRLRKGFEMIWDPNGWTDTDSDFSVKQDVVAITDWSGYSGSFVQHPELTGLDCIRPCFWVELVRGLPRENTTIWTSGSSISFCGVNSDTANWSWPDGAELPFTID,10.558823529411764,6.0,6.382352941176471,4.529411764705882
06_07,A/New York/230/2003,AJK01929.1 ,MKVKLLVLLCTFTATYADTICIGYHANNSTDTVDTVLEKNVTVTHSVNLLEDSHNGKLCLLKGIAPLQLGNCSVAGWILGNPECELLISKESWSYIVETPNPENGTCYPGYFADYEELREQLSSVSSFERFEIFPKESSWPNHTVTGVSASCSHNGKSSFYKNLLWLTGKNGLYPNLSKSYANNKEKEVLVLWGVHHPPNIGDQRALYHTENAYVSVVSSHYSRRFTPEIAKRPKVRDQEGRINYYWTLLEPGDTIIFEANGNLIAPRYAFALSRGFGSGIITSNAPMDECDAKCQTPQGAINSSLPFQNVHPVTIGECPKYVRSAKLRMVTGLRNIPSIQSRGLFGAIAGFIEGGWTGMVDGWYGYHHQNEQGSGYAADQKSTQNAINGITNKVNSVIEKMNTQFTAVGKEFNKLERRMENLNKKVDDGFLDIWTYNAELLVLLENERTLDFHDSNVKNLYEKVKSQLKNNAKEIGNGCFEFYHKCNDECMESVKNGTYDYPKYSEESKLNREKIDGVKLESMGVYQILAIYSTVASSLVLLVSLGAISFWMCSNGSLQCRICI,ABA08478.1 ,MNTNQKIITIGSISIAIGIISLMLQIGNIISIWASHSIQTGSQNHTGICNQRIITYENSTWVNHTYVNINNTNVVAGKDKTSVTLAGNSSLCSISGWAIYTKDNSIRIGSKGDVFVIREPFISCSHLECRTFFLTQGALLNDKHSNGTVKDRSPYRALMSCPLGEAPSPYNSKFESVAWSASACHDGMGWLTIGISGPDNGAVAVLKYNGIITETIKSWKKRILRTQESECVCVNGSCFTIMTDGPSNGAASYKIFKIEKGKVTKSIELNAPNFHYEECSCYPDTGTVMCVCRDNWHGSNRPWVSFNQNLDYQIGYICSGVFGDNPRPKDGKGSCNPVTVDGADGVKGFSYKYGNGVWIGRTKSNRLRKGFEMIWDPNGWTDTDSDFSVKQDVVAITDWSGYSGSFVQHPELTGLDCIRPCFWVELVRGLPRENTTIWTSGSSISFCGVDSDTANWSWPDGAELPFTI,A/New Caledonia/20/99,MKAKLLVLLCTFTATYADTICIGYHANNSTDTVDTVLEKNVTVTHSVNLLEDSHNGKLCLLKGIAPLQLGNCSVAGWILGNPECELLISKESWSYIVETPNPENGTCYPGYFADYEELREQLSSVSSFERFEIFPKESSWPNHTVTGVSASCSHNGKSSFYRNLLWLTGKNGLYPNLSKSYVNNKEKEVLVLWGVHHPPNIGNQRALYHTENAYVSVVSSHYSRRFTPEIAKRPKVRDQEGRINYYWTLLEPGDTIIFEANGNLIAPWYAFALSRGFGSGIITSNAPMDECDAKCQTPQGAINSSLPFQNVHPVTIGECPKYVRSAKLRMVTGLRNIPSIQSRGLFGAIAGFIEGGWTGMVDGWYGYHHQNEQGSGYAADQKSTQNAINGITNKVNSVIEKMNTQFTAVGKEFNKLERRMENLNKKVDDGFLDIWTYNAELLVLLENERTLDFHDSNVKNLYEKVKSQLKNNAKEIGNGCFEFYHKCNNECMESVKNGTYDYPKYSEESKLNREKIDGVKLESMGVYQILAIYSTVASSLVLLVSLGAISFWMCSNGSLQCRICI,MNPNQKIITIGSISIAIGIISLMLQIGNIISIWASHSIQTGSQNHTGVCNQRIITYENSTWVNHTYVNINNTNVVAGKDKTSVTLAGNSSLCSISGWAIYTKDNSIRIGSKGDVFVIREPFISCSHLECRTFFLTQGALLNDKHSNGTVKDRSPYRALMSCPLGEAPSPYNSKFESVAWSASACHDGMGWLTIGISGPDNGAVAVLKYNGIITETIKSWKKRILRTQESECVCVNGSCFTIMTDGPSNGAASYKIFKIEKGKVTKSIELNAPNFHYEECSCYPDTGTVMCVCRDNWHGSNRPWVSFNQNLDYQIGYICSGVFGDNPRPKDGEGSCNPVTVDGADGVKGFSYKYGNGVWIGRTKSNRLRKGFEMIWDPNGWTDTDSDFSVKQDVVAITDWSGYSGSFVQHPELTGLDCIRPCFWVELVRGLPRENTTIWTSGSSISFCGVNSDTANWSWPDGAELPFTID,10.416289592760181,8.490950226244344,6.3710407239819,7.180995475113122
07_08,A/New York/1050/2006,AHL89558.1 ,MKVKLLVLLCTFTATYADTICIGYHANNSTDTVDTVLEKNVTVTHSVNLLEDSHNGKLCLLKGIAPLQLGNCSVAGWILGNPECELLISKESWSYIVETPNPENGTCYPGYFADYEELREQLSSVSSFERFEIFPKESSWPNHTVTGVSASCSHNGKSSFYRNLLWLTGKNGLYPNLSKSYANNKEKEVLVLWGVHHPPNIGDQRALYHTENAYVSVVSSHYSRRFTPEIAKRPKVRDQEGRINYYWTLLEPGDTIIFEANGNLIAPRFAFALSRGFGSGIITSNAPMDECDAKCQTPQGAINSSLPFQNVHPVTIGECPKYVRSTKLRMVTGLRNIPSIQSRGLFGAIAGFIEGGWTGMVDGWYGYHHQNEQGSGYAADQKSTQNAINGITNKVNSVIEKMNTQFTAVGKEFNKLERRMENLNKKVDDGFLDIWTYNAELLVLLENERTLDFHDSNVKNLYEKVKSQLKNNAKEIGNGCFEFYHKCNDECMESVKNGTYDYPKYSEESKLNREKIDGVKLESMGVYQILAIYSTVASSLVLLVSLGAISFWMCSNGSLQCRICI,AHL89561.1 ,MNPNQKIITIGSISIAIGIISLMLQIGNIISIWASHSIQTGSQNHTGICNQRIITYENSTWVNHTYVSINNTNVVAGKDKTSVTLAGNSSLCSISGWAIYTKDNSIRIGSKGDVFVIREPFISCSHLECRTFFLTQGALLNDKHSNGTVKDRSPYRALMSCPLGEAPSPYNSKFESVAWSASACHDGMGWLTIGISGPDNGAVAVLKYNGIITETIKSWKKRILRTQESECVCVNGSCFTIMTDGPSNGAASYKIFKIEKGKVTKSIELNAPNFHYEECSCYPDTGTVMCVCRDNWHGSNRPWVSFNQNLDYQIGYICSGVFGDNPRPKDGKGSCNPVTVDGADGVKGFSYKYGNGVWIGRTKSNRLRKGFEMIWDPNGWTDTDSDFSVKQDVVAITDWSGYSGSFVQHPELTGLDCIRPCFWVELVRGLPRENTTIWTSGSSISFCGVDSDTANWSWPDGAELPFTI,A/Solomon Islands/3/2006,MKVKLLVLLCTFTATYADTICIGYHANNSTDTVDTVLEKNVTVTHSVNLLEDSHNGKLCLLKGIAPLQLGNCSVAGWILGNPECELLISRESWSYIVEKPNPENGTCYPGHFADYEELREQLSSVSSFERFEIFPKESSWPNHTTTGVSASCSHNGESSFYKNLLWLTGKNGLYPNLSKSYANNKEKEVLVLWGVHHPPNIGDQRALYHTENAYVSVVSSHYSRKFTPEIAKRPKVRDREGRINYYWTLLEPGDTIIFEANGNLIAPRYAFALSRGFGSGIINSNAPMDECDAKCQTPQGAINSSLPFQNVHPVTIGECPKYVRSAKLRMVTGLRNIPSIQSRGLFGAIAGFIEGGWTGMVDGWYGYHHQNEQGSGYAADQKSTQNAINGITNKVNSVIEKMNTQFTAVGKEFNKLERRMENLNKKVDDGFIDIWTYNAELLVLLENERTLDFHDSNVKNLYEKVKSQLKNNAKEIGNGCFEFYHKCNDECMESVKNGTYDYPKYSEESKLNREKIDGVKLESMGVYQILAIYSTVASSRVLLVSLGAISFWMCSNGSLQCRICI,MNPNQKIITIGSISIAIGIISLILQIGNIISIWASHSIQTGSQNHTGICNQRIITYENSTWVNNTYVNINNTNVVAEKDKTSVTLAGNSSLCSISGWAIYTKDNSIRIGSKGDVFVIREPFISCSHLECRTFFLTQGALLNDKHSNGTVKDRSPYRALMSCPLGEAPSPYNSRFESVAWSASACHDGMGWLTIGISGPDNGAVAVLKYNGIITETIKSWKKRILRTQESECVCMNGSCFTIMTDGPSNGAASYKIFKIEKGKVTKTIELNAPNFHYEECSCYPDTGTVMCVCRDNWHGSNRPWVSFNQNLDYQIGYICSGVFGDNPRPKDGEGSCNPVTVDGADGVKGFSYKYGNGVWIGRTKSNRLRKGFEMIWDPNGWTNTDSDFSVKQDVVAITDWSGYSGSFVQHPELTGLDCIRPCFWVELVRGLPRENTTIWTSGSSISFCGVNSGTANWSWPDGAELPFTIDK,10.548223350253807,17.200507614213198,13.563451776649746,16.131979695431472
08_09,A/England/545/2007,AJK02469.1 ,MKVKLLVLLCTFTATYADTICIGYHANNSTDTVDTVLEKNVTVTHSVNLLENSHNGKLCLLKGIAPLQLGNCSVAGWILGNPECELLISKESWSYIVEKPNPENGTCYPGHFADYEELREQLSSVSSFERFEIFPKESSWPNHTVTGVSASCSHNGESSFYRNLLWLTGKNGLYPNLSKSYANNKEKEVLVLWGVHHPPNIGDQKALYHTENAYVSVVSSHYSRKFTPEIAKRPKVRDQEGRINYYWTLLEPGDTIIFEANGNLIAPRYAFALSRGFGSGIINSNAPMDKCDAKCQTPQGAINSSLPFQNVHPVTIGECPKYVRSAKLRMVTGLRNIPSIQSRGLFGAIAGFIEGGWTGMVDGWYGYHHQNEQGSGYAADQKSTQNAINGITNKVNSVIEKMNTQFTAVGKEFNKLERRMENLNKKVDDGFIDIWTYNAELLVLLENERTLDFHDSNVKNLYEKVKSQLKNNAKEIGNGCFEFYHKCNDECMESVKNGTYDYPKYSEESKLNREKIDGVKLESMGVYQILAIYSTVASSLVLLVSLGAISFWMCSNGSLQCRICI,ACJ25124.1 ,MNPNQKIITIGSISIAIGIISLMLQIGNIISIWASHSIQTGSQNNTGICNQRIITYENSTWVNHTYVNINNTNVVAGEDKTSVTLAGNSSLCSISGWAIYTKDNSIRIGSKGDVFVIREPFISCSHLECRTFFLTQGALLNDKHSNGTVKDRSPYRALMSCPLGEAPSPYNSKFESVAWSASACHDGMGWLTIGISGPDNGAVAVLKYNGIITGTIKSWKKQILRTQESECVCMNGSCFTIMTDGPSNKAASYKIFKIEKGKVTKSIELNAPNSHYEECSCYPDTGIVMCVCRDNWHGSNRPWVSFNQNLDYQIGYICSGVFGDNPRPEDGEGSCNPVTVDGANGVKGFSYKYDNGVWIGRTKSNRLRKGFEMIWDPNGWTNTDSDFSVKQDVVAITDWSGYSGSFVQHPELTGLDCIRPCFWVELVRGLPRENTTIWTSGSSISFCGVNSDTANWSWPDGAELPFTI,A/Brisbane/59/2007,MKVKLLVLLCTFTATYADTICIGYHANNSTDTVDTVLEKNVTVTHSVNLLENSHNGKLCLLKGIAPLQLGNCSVAGWILGNPECELLISKESWSYIVEKPNPENGTCYPGHFADYEELREQLSSVSSFERFEIFPKESSWPNHTVTGVSASCSHNGESSFYRNLLWLTGKNGLYPNLSKSYANNKEKEVLVLWGVHHPPNIGNQKALYHTENAYVSVVSSHYSRKFTPEIAKRPKVRDQEGRINYYWTLLEPGDTIIFEANGNLIAPRYAFALSRGFGSGIINSNAPMDKCDAKCQTPQGAINSSLPFQNVHPVTIGECPKYVRSAKLRMVTGLRNIPSIQSRGLFGAIAGFIEGGWTGMVDGWYGYHHQNEQGSGYAADQKSTQNAINGITNKVNSVIEKMNTQFTAVGKEFNKLERRMENLNKKVDDGFIDIWTYNAELLVLLENERTLDFHDSNVKNLYEKVKSQLKNNAKEIGNGCFEFYHKCNDECMESVKNGTYDYPKYSEESKLNREKIDGVKLESMGVYQILAIYSTVASSLVLLVSLGAISFWMCSNGSLQCRICI,MNPNQKIITIGSISIAIGIISLMLQIGNIISIWASHSIQTGSQNNTGICNQRIITYENSTWVNHTYVNINNTNVVAGEDKTSVTLAGNSSLCSISGWAIYTKDNSIRIGSKGDVFVIREPFISCSHLECRTFFLTQGALLNDKHSNGTVKDRSPYRALMSCPLGEAPSPYNSKFESVAWSASACHDGMGWLTIGISGPDNGAVAVLKYNGIITGTIKSWKKQILRTQESECVCMNGSCFTIMTDGPSNKAASYKIFKIEKGKVTKSIELNAPNFHYEECSCYPDTGIVMCVCRDNWHGSNRPWVSFNQNLDYQIGYICSGVFGDNPRPEDGEGSCNPVTVDGANGVKGFSYKYDNGVWIGRTKSNRLRKGFEMIWDPNGWTNTDSDFSVKQDVVAITDWSGYSGSFVQHPELTGLDCIRPCFWVELVRGLPRENTTIWTSGSSISFCGVNSDTANWSWPDGAELPFTIDK,28.89782244556114,10.34003350083752,28.495812395309883,11.284757118927974
09_10,A/Hawaii/02/2008,ACF10336.1 ,MKVKLLVLLCTFTATYADTICIGYHANNSTDTVDTVLEKNVTVTHSVNLLENSHNGKLCLLKGIAPLQLGNCSVAGWILGNPECELLISKESWSYIVEKPNPENGTCYPGHFADYEELREQLSSVSSFERFEIFPKESSWPNHTVTGVSASCSHNGESSFYRNLLWLTGKNGLYPNLSKSYANNKEKEVLVLWGVHHPPNIVDQKTLYHTENAYVSVVSSHYSRKFTPEIAKRPKVRDQEGRINYYWTLLEPGDTIIFEANGNLIAPRYAFALSRGFGSGIINSNAPMDKCDAKCQTPQGAINSSLPFQNVHPVTIGECPKYVRSAKLRMVTGLRNIPSIQSRGLFGAIAGFIEGGWTGMVDGWYGYHHQNEQGSGYAADQKSTQNAINGITNKVNSVIEKMNTQFTAVGKEFNKLERRMENLNKKVDDGFIDIWTYNAELLVLLENERTLDFHDSNVKNLYEKVKSQLKNNAKEIGNGCFEFYHKCNDECMESVKNGTYDYPKYSEESKLNREKIDGVKLESMGVYQILAIYSTVASSLVLLVSLGAISFWMCSNGSLQCRICI,ACF10337.1 ,MNPNQKIITIGSISIAIGIISLMLQIGNIISIWASHSIQTGSQNNTGICNQRIITYENSTWVNHTYVNINNTNVVAGEDKTSVTLAGNSSLCSISGWAIYTKDNSIRIGSKGDVFVIREPFISCSHLECRTFFLTQGALLNDKHSNGTVKDRSPYRALMSCPLGEAPSPYNSKFESVAWSASACHDGMGWLTIGISGPDNGAVAVLKYNGIITGTIKSWKKQILRTQESECVCMNGSCFTIMTDGPSNKAASYKIFKIEKGKVTKSIELNAPNFYYEECSCYPDTGIVMCVCRDNWHGSNRPWVSFNQNLDYQIGYICSGVFGDNPRPEDGEGSCNPVTVDGANGVKGFSYKYGNGVWIGRTKSNRLRKGFEMIWDPNGWTNTDSDFSVKQDVVAITDWSGYSGSFVQHPELTGLDCIRPCFWVELVRGLPRENTTIWTSGSSISFCGVNSDTANWSWPDGAELPFTI,A/Brisbane/59/2007,MKVKLLVLLCTFTATYADTICIGYHANNSTDTVDTVLEKNVTVTHSVNLLENSHNGKLCLLKGIAPLQLGNCSVAGWILGNPECELLISKESWSYIVEKPNPENGTCYPGHFADYEELREQLSSVSSFERFEIFPKESSWPNHTVTGVSASCSHNGESSFYRNLLWLTGKNGLYPNLSKSYANNKEKEVLVLWGVHHPPNIGNQKALYHTENAYVSVVSSHYSRKFTPEIAKRPKVRDQEGRINYYWTLLEPGDTIIFEANGNLIAPRYAFALSRGFGSGIINSNAPMDKCDAKCQTPQGAINSSLPFQNVHPVTIGECPKYVRSAKLRMVTGLRNIPSIQSRGLFGAIAGFIEGGWTGMVDGWYGYHHQNEQGSGYAADQKSTQNAINGITNKVNSVIEKMNTQFTAVGKEFNKLERRMENLNKKVDDGFIDIWTYNAELLVLLENERTLDFHDSNVKNLYEKVKSQLKNNAKEIGNGCFEFYHKCNDECMESVKNGTYDYPKYSEESKLNREKIDGVKLESMGVYQILAIYSTVASSLVLLVSLGAISFWMCSNGSLQCRICI,MNPNQKIITIGSISIAIGIISLMLQIGNIISIWASHSIQTGSQNNTGICNQRIITYENSTWVNHTYVNINNTNVVAGEDKTSVTLAGNSSLCSISGWAIYTKDNSIRIGSKGDVFVIREPFISCSHLECRTFFLTQGALLNDKHSNGTVKDRSPYRALMSCPLGEAPSPYNSKFESVAWSASACHDGMGWLTIGISGPDNGAVAVLKYNGIITGTIKSWKKQILRTQESECVCMNGSCFTIMTDGPSNKAASYKIFKIEKGKVTKSIELNAPNFHYEECSCYPDTGIVMCVCRDNWHGSNRPWVSFNQNLDYQIGYICSGVFGDNPRPEDGEGSCNPVTVDGANGVKGFSYKYDNGVWIGRTKSNRLRKGFEMIWDPNGWTNTDSDFSVKQDVVAITDWSGYSGSFVQHPELTGLDCIRPCFWVELVRGLPRENTTIWTSGSSISFCGVNSDTANWSWPDGAELPFTIDK,426.1551827441582,116.79868184541641,426.15038945476334,116.73307369682445
10_11,A/OKINAWA/283/2009,EPI230103,MKAILVVLLYTFATANADTLCIGYHANNSTDTVDTVLEKNVTVTHSVNLLEDKHNGKLCKLRGVAPLHLGKCNIAGWILGNPECESLSTASSWSYIVETSSSDNGTCYPGDFIDYEELREQLSSVSSFERFEIFPKTSSWPNHDSNKGVTAACPHAGAKSFYKNLIWLVKKGNSYPKLSKSYINDKGKEVLVLWGIHHPSTSADQQSLYQNADAYVFVGTSRYSKKFKPEIAIRPKVRDQEGRMNYYWTLVEPGDKITFEATGNLVVPRYAFAMERNAGSGIIISDTPVHDCNTTCQTPKGAINTSLPFQNIHPITIGKCPKYVKSTKLRLATGLRNVPSIQSRGLFGAIAGFIEGGWTGMVDGWYGYHHQNEQGSGYAADLKSTQNAIDEITNKVNSVIEKMNTQFTAVGKEFNHLEKRIENLNKKVDDGFLDIWTYNAELLVLLENERTLDYHDSNVKNLYEEVRSQLKNNAKEIGNGCFEFYHKCDNTCMESVKNGTYDYPKYSEEAKLNREEIDGVKLESTRIYQILAIYSTVASSLVLVVSLGAISFWMCSNGSLQCRIC,EPI230102,MNPNQKIITIGSVCMTIGMANLILQIGNIISIWISHSIQLGNQNQIETCNQSVITYENNTWVNQTYVNISNTNFAAGQSVVSVKLAGNSSLCPVSGWAIYSKDNSIRIGSKGDVFVIREPFISCSPLECRTFFLTQGALLNDKHSNGTIKDRSPYRTLMSCPIGEVPSPYNSRFESVAWSASACHDGINWLTIGISGPDNGAVAVLKYNGIITDTIKSWRNNILRTQESECACVNGSCFTVMTDGPSDGQASYKIFRIEKGKIVKSVEMNAPNYHYEECSCYPDSSEITCVCRDNWHGSNRPWVSFNQNLEYQIGYICSGIFGDNPRPNDKTGSCGPVSSNGANGVKGFSFKYGNGVWIGRTKSISSRNGFEMIWDPNGWTGTDNNFSIKQDIVGINEWSGYSGSFVQHPELTGLDCIRPCFWVELIRGRPKENTIWTSGSSISFCGVNSDTVGWSWPDGAELPFTID,A/California/7/2009,MKAILVVLLYTFATANADTLCIGYHANNSTDTVDTVLEKNVTVTHSVNLLEDKHNGKLCKLRGVAPLHLGKCNIAGWILGNPECESLSTASSWSYIVETPSSDNGTCYPGDFIDYEELREQLSSVSSFERFEIFPKTSSWPNHDSNKGVTAACPHAGAKSFYKNLIWLVKKGNSYPKLSKSYINDKGKEVLVLWGIHHPPTSADQQSLYQNADAYVFVGSSRYSKKFKPEIAIRPKVRDQEGRMNYYWTLVEPGDKITFEATGNLVVPRYAFAMERNAGSGIIISDTPVHDCNTTCQTPKGAINTSLPFQNIHPITIGKCPKYVKSTKLRLATGLRNIPSIQSRGLFGAIAGFIEGGWTGMVDGWYGYHHQNEQGSGYAADLKSTQNAIDEITNKVNSVIEKMNTQFTAVGKEFNHLEKRIENLNKKVDDGFLDIWTYNAELLVLLENERTLDYHDSNVKNLYEKVRSQLKNNAKEIGNGCFEFYHKCDNTCMESVKNGTYDYPKYSEEAKLNREEIDGVKLESTRIYQILAIYSTVASSLVLVVSLGAISFWMCSNGSLQCRICI,MNPNQKIITIGSVCMTIGMANLILQIGNIISIWISHSIQLGNQNQIETCNQSVITYENNTWVNQTYVNISNTNFAAGQSVVSVKLAGNSSLCPVSGWAIYSKDNSVRIGSKGDVFVIREPFISCSPLECRTFFLTQGALLNDKHSNGTIKDRSPYRTLMSCPIGEVPSPYNSRFESVAWSASACHDGINWLTIGISGPDNGAVAVLKYNGIITDTIKSWRNNILRTQESECACVNGSCFTVMTDGPSNGQASYKIFRIEKGKIVKSVEMNAPNYHYEECSCYPDSSEITCVCRDNWHGSNRPWVSFNQNLEYQIGYICSGIFGDNPRPNDKTGSCGPVSSNGANGVKGFSFKYGNGVWIGRTKSISSRNGFEMIWDPNGWTGTDNNFSIKQDIVGINEWSGYSGSFVQHPELTGLDCIRPCFWVELIRGRPKENTIWTSGSSISFCGVNSDTVGWSWPDGAELPFTIDK,10.580384854127871,5.422718808193668,7.793296089385475,3.451893234016139
11_12,A/Florida/14/2010,AGI54070.1 ,MKAILVVLLYTFATANADTLCIGYHANNSTDTVDTVLEKNVTVTHSVNLLEDKHNGKLCKLRGVAPLHLGKCNIAGWILGNPECESLSTASSWSYIVETSSSDNGTCYPGDFINYEELREQLSSVSSFERFEIFPKTSSWPNHDSNKGVTAACPHAGAKSFYKNLIWLVKKGNSYPKLSKSYINDKGKEVLVLWGIHHPSTTADQQSLYQNADAYVFVGTSRYSKKFKPEIAIRPKVRDQEGRMNYYWTLVEPGDKITFEATGNLVVPRYAFAMERNAGSGIIISDTPVHDCNTTCQTPKGAINTSLPFQNIHPITIGKCPKYVKSTKLRLATGLRNVPSIQSRGLFGAIAGFIEGGWTGMVDGWYGYHHQNEQGSGYAADLKSTQNAIDKITNKVNSVIEKMNTQFTAVGKEFNHLEKRIENLNKKVDDGFLDIWTYNAELLVLLENERTLDYHBSNVKNLYEKVRNQLKNNAKEIGNGCFEFYHKCDNTCMESVKNGTYDYPKYSEEAKLNREEIDGVKLESTRIYQILAIYSTVASSLVLVVSLGAISFWMCSNGSLQCRIC,AGI54071.1 ,MNPNQKIITIGSVCMTIGMANLILQIGNIISIWISHSIQLGNQNQIETCNQSVITYENNTWVNQTYVNISNTNFAAGQSVVSVKLAGNSSLCPVSGWAIYSKDNSIRIGSKGDVFVIREPFISCSPLECRTFFLTQGALLNDKHSNGTIKDRSPYRTLMSCPIGEVPSPYNSRFESVAWSASACHDGINWLTIGISGPDNGAVAVLKYNGIITDTIKSWRNNILRTQESECACVNGSCFTIMTDGPSDGQASYKIFRIEKGKIVKSVEMNAPNYHYEECSCYPDSSEITCVCRDNWHGSNRPWVSFNQNLEYQIGYICSGIFGDNPRPNDKTGSCGPVSSNGANGVKGFSFKYGNGVWIGRTKSISSRKGFEMIWDPNGWTGTDNNFSIKQDIVGINEWSGYSGSFVQHPELTGLDCIRPCFWVELIRGRPKENTIWTSGSSISFCGVNSDTVGWSWPDGAELPFTID,A/California/7/2009,MKAILVVLLYTFATANADTLCIGYHANNSTDTVDTVLEKNVTVTHSVNLLEDKHNGKLCKLRGVAPLHLGKCNIAGWILGNPECESLSTASSWSYIVETPSSDNGTCYPGDFIDYEELREQLSSVSSFERFEIFPKTSSWPNHDSNKGVTAACPHAGAKSFYKNLIWLVKKGNSYPKLSKSYINDKGKEVLVLWGIHHPPTSADQQSLYQNADAYVFVGSSRYSKKFKPEIAIRPKVRDQEGRMNYYWTLVEPGDKITFEATGNLVVPRYAFAMERNAGSGIIISDTPVHDCNTTCQTPKGAINTSLPFQNIHPITIGKCPKYVKSTKLRLATGLRNIPSIQSRGLFGAIAGFIEGGWTGMVDGWYGYHHQNEQGSGYAADLKSTQNAIDEITNKVNSVIEKMNTQFTAVGKEFNHLEKRIENLNKKVDDGFLDIWTYNAELLVLLENERTLDYHDSNVKNLYEKVRSQLKNNAKEIGNGCFEFYHKCDNTCMESVKNGTYDYPKYSEEAKLNREEIDGVKLESTRIYQILAIYSTVASSLVLVVSLGAISFWMCSNGSLQCRICI,MNPNQKIITIGSVCMTIGMANLILQIGNIISIWISHSIQLGNQNQIETCNQSVITYENNTWVNQTYVNISNTNFAAGQSVVSVKLAGNSSLCPVSGWAIYSKDNSVRIGSKGDVFVIREPFISCSPLECRTFFLTQGALLNDKHSNGTIKDRSPYRTLMSCPIGEVPSPYNSRFESVAWSASACHDGINWLTIGISGPDNGAVAVLKYNGIITDTIKSWRNNILRTQESECACVNGSCFTVMTDGPSNGQASYKIFRIEKGKIVKSVEMNAPNYHYEECSCYPDSSEITCVCRDNWHGSNRPWVSFNQNLEYQIGYICSGIFGDNPRPNDKTGSCGPVSSNGANGVKGFSFKYGNGVWIGRTKSISSRNGFEMIWDPNGWTGTDNNFSIKQDIVGINEWSGYSGSFVQHPELTGLDCIRPCFWVELIRGRPKENTIWTSGSSISFCGVNSDTVGWSWPDGAELPFTIDK,12.79295154185022,6.850220264317181,7.6255506607929515,3.1387665198237884
12_13,A/Singapore/GP2892/2010,AFP35555.1 ,MKAILVVLLYTFATANADTLCIGYHANNSTDTVDTVLEKNVTVTHSVNLLEDKHNGKLCKLRGVAPLHLGKCNIAGWILGNPECESLSTASSWSYIVETSSSDNGTCYPGDFINYEELREQLSSVSSFERFEIFPKTSSWPNHDSNKGVTAACPHAGAKSFYKNLIWLVKKGNSYPKLSKSYINDKGKEVLVLWGIHHPSTTADQQSLYQNADAYVFVGTSRYSKKFKPEIAIRPKVRDQEGRMNYYWTLVEPGDKITFEATGNLVVPRYAFAMERNAGSGIIISDTPVHDCNTTCQTPKGAINTSLPFQNIHPITIGKCPKYVKSTKLRLATGLRNVPSIQSRGLFGAIAGFIEGGWTGMVDGWYGYHHQNEQGSGYAADLKSTQNAIDKITNKVNSVIEKMNTQFTAVGKEFNHLEKRIENLNKKVDDGFLDIWTYNAELLVLLENERTLDYHDSNVKNLYEKVRNQLKNNAKEIGNGCFEFYHKCDNTCMESVKNGTYDYPKYSEEAKLNREEIDGVKLESTRIYQILAIYSTVASSLVLVVSLGAISFWMCSNGSLQCRIC,AFP35557.1 ,MNPNQKIITIGSVCMTIGMANLILQIGNIISIWISHSIQLGNQNQIETCNQSVITYENNTWVNQTYVNISNTNFAAGQSVVSVKLAGNSSLCPVSGWAIYSKDNSIRIGSKGDVFVIREPFISCSPLECRTFFLTQGALLNDKHSNGTIKDRSPYRTLMSCPIGEVPSPYNSRFESVAWSASACHDGINWLTIGISGPDNGAVAVLKYNGIITDTIKSWRNNILRTQESECACVNGSCFTIMTDGPSDGQASYKIFRIEKGKIVKSVEMNAPNYHYEECSCYPDFSEITCVCRDNWHGSNRPWVSFNQNLEYQIGYICSGIFGDNPRPNDKTGSCGPVSSNGANGVKGFSFKYGNGVWIGRTKSISSRKGFEMIWDPNGWTGTDNNFSIKQDIVGINEWSGYSGSFVQHPELTGLDCIRPCFWVELIRGRPKENTIWTSGSSISFCGVNSDTVGWSWPDGAELPFTID,A/California/7/2009,MKAILVVLLYTFATANADTLCIGYHANNSTDTVDTVLEKNVTVTHSVNLLEDKHNGKLCKLRGVAPLHLGKCNIAGWILGNPECESLSTASSWSYIVETPSSDNGTCYPGDFIDYEELREQLSSVSSFERFEIFPKTSSWPNHDSNKGVTAACPHAGAKSFYKNLIWLVKKGNSYPKLSKSYINDKGKEVLVLWGIHHPPTSADQQSLYQNADAYVFVGSSRYSKKFKPEIAIRPKVRDQEGRMNYYWTLVEPGDKITFEATGNLVVPRYAFAMERNAGSGIIISDTPVHDCNTTCQTPKGAINTSLPFQNIHPITIGKCPKYVKSTKLRLATGLRNIPSIQSRGLFGAIAGFIEGGWTGMVDGWYGYHHQNEQGSGYAADLKSTQNAIDEITNKVNSVIEKMNTQFTAVGKEFNHLEKRIENLNKKVDDGFLDIWTYNAELLVLLENERTLDYHDSNVKNLYEKVRSQLKNNAKEIGNGCFEFYHKCDNTCMESVKNGTYDYPKYSEEAKLNREEIDGVKLESTRIYQILAIYSTVASSLVLVVSLGAISFWMCSNGSLQCRICI,MNPNQKIITIGSVCMTIGMANLILQIGNIISIWISHSIQLGNQNQIETCNQSVITYENNTWVNQTYVNISNTNFAAGQSVVSVKLAGNSSLCPVSGWAIYSKDNSVRIGSKGDVFVIREPFISCSPLECRTFFLTQGALLNDKHSNGTIKDRSPYRTLMSCPIGEVPSPYNSRFESVAWSASACHDGINWLTIGISGPDNGAVAVLKYNGIITDTIKSWRNNILRTQESECACVNGSCFTVMTDGPSNGQASYKIFRIEKGKIVKSVEMNAPNYHYEECSCYPDSSEITCVCRDNWHGSNRPWVSFNQNLEYQIGYICSGIFGDNPRPNDKTGSCGPVSSNGANGVKGFSFKYGNGVWIGRTKSISSRNGFEMIWDPNGWTGTDNNFSIKQDIVGINEWSGYSGSFVQHPELTGLDCIRPCFWVELIRGRPKENTIWTSGSSISFCGVNSDTVGWSWPDGAELPFTIDK,12.646025878003696,6.544362292051756,5.363216266173752,5.408502772643253
13_14,A/Helsinki/207/2013,AGV75605.1 ,MKAILVVLLYTFATANADTLCIGYHANNSTDTVDTVLEKNVTVTHSVNLLEDKHNGKLCKLRGVAPLHLGKCNIAGWILGNPECESLSTASSWSYIVETSSSDNGTCYPGDFINYEELREQLSSVSSFERFEIFPKTSSWPNHDSNKGVTAACPHAGAKSFYKNLIWLVKKGNSYPKLSKSYINDKGKEVLVLWGIHHPSTTADQQSLYQNADAYVFVGTSRYSKKFKPEIAIRPKVRDQEGRMNYYWTLIEPGDKITFEATGNLVVPRYAFAMERNAGSGIIISDTPVHDCNTTCQTPKGAINTSLPFQNIHPITIGKCPKYVKSTKLRLATGLRNVPSIQSRGLFGAIAGFIEGGWTGMVDGWYGYHHQNEQGSGYAADLKSTQNAIDKITNKVNSVIEKMNTQFTAVGKEFNHLEKRIENLNKKVDDGFLDIWTYNAELLVLLENERTLDYHDSNVKNLYEKVRNQLKNNAKEIGNGCFEFYHKCDNTCMESVKNGTYDYPKYSEEAKLNREEIDGVKLESTRIYQILAIYSTVASSLVLVVSLGAISFWMCSNGSLQCRIC,AGV75608.1 ,MNPNQKIITIGSVCMTIGMANLILQIGNIISIWISHSIQLGNQSQIETCNQSVITYENNTWVNQTYVNISNTNFAAGQSVVSVKLAGNSSLCPVSGWAIYSKDNSVRIGSKGDVFVIREPFISCSPLECRTFFLTQGALLNDKHSNGTIKDRSPYRTLMSCPIGEVPSPYNSRFESVAWSASACHDGINWLTIGISGPDNGAVAVLKYNGIITDTIKSWRNNILRTQESECACVNGSCFTIMTDGPSDGQASYKIFRIEKGKIVKSVEMNAPNYHYEECSCYPDSSEITCVCRDNWHGSNRPWVSFNQNLEYRIGYICSGIFGDNPRPNDKTGSCGPVSSNGANGVKGFSFKYGNGVWIGRTKSISSRKGFEMIWDPNGWTGTDNNFSIKQDIVGINEWSGYSGSFVQHPELTGLDCIRPCFWVELIRGRPKENTIWTSGSSISFCGVNSDTVGWSWPDGAELPFTID,A/California/7/2009,MKAILVVLLYTFATANADTLCIGYHANNSTDTVDTVLEKNVTVTHSVNLLEDKHNGKLCKLRGVAPLHLGKCNIAGWILGNPECESLSTASSWSYIVETPSSDNGTCYPGDFIDYEELREQLSSVSSFERFEIFPKTSSWPNHDSNKGVTAACPHAGAKSFYKNLIWLVKKGNSYPKLSKSYINDKGKEVLVLWGIHHPPTSADQQSLYQNADAYVFVGSSRYSKKFKPEIAIRPKVRDQEGRMNYYWTLVEPGDKITFEATGNLVVPRYAFAMERNAGSGIIISDTPVHDCNTTCQTPKGAINTSLPFQNIHPITIGKCPKYVKSTKLRLATGLRNIPSIQSRGLFGAIAGFIEGGWTGMVDGWYGYHHQNEQGSGYAADLKSTQNAIDEITNKVNSVIEKMNTQFTAVGKEFNHLEKRIENLNKKVDDGFLDIWTYNAELLVLLENERTLDYHDSNVKNLYEKVRSQLKNNAKEIGNGCFEFYHKCDNTCMESVKNGTYDYPKYSEEAKLNREEIDGVKLESTRIYQILAIYSTVASSLVLVVSLGAISFWMCSNGSLQCRICI,MNPNQKIITIGSVCMTIGMANLILQIGNIISIWISHSIQLGNQNQIETCNQSVITYENNTWVNQTYVNISNTNFAAGQSVVSVKLAGNSSLCPVSGWAIYSKDNSVRIGSKGDVFVIREPFISCSPLECRTFFLTQGALLNDKHSNGTIKDRSPYRTLMSCPIGEVPSPYNSRFESVAWSASACHDGINWLTIGISGPDNGAVAVLKYNGIITDTIKSWRNNILRTQESECACVNGSCFTVMTDGPSNGQASYKIFRIEKGKIVKSVEMNAPNYHYEECSCYPDSSEITCVCRDNWHGSNRPWVSFNQNLEYQIGYICSGIFGDNPRPNDKTGSCGPVSSNGANGVKGFSFKYGNGVWIGRTKSISSRNGFEMIWDPNGWTGTDNNFSIKQDIVGINEWSGYSGSFVQHPELTGLDCIRPCFWVELIRGRPKENTIWTSGSSISFCGVNSDTVGWSWPDGAELPFTIDK,14.494082840236686,10.440828402366863,7.749112426035503,7.481656804733728
14_15,A/Nicaragua/6184_13/2013,AIL94584.1 ,MKAILVVLLYTFATANADTLCIGYHANNSTDTVDTVLEKNITVTHSVNLLEDKHNGKLCKLRGVAPLHLGKCNIAGWILGNPECESLSTASSWSYIVETSSSDNGTCYPGDFINYEELREQLSSVSSFERFEIFPKTSSWPNHDSNKGVTAACPHAGAKSFYKNLIWLVKKGNSYPKLSQSYINDKGKEVLVLWGIHHPSTTADQQSLYQNADAYVFVGTSRYSKKFKPEIAIRPKVRDQEGRMNYYWTLVEPGDKITFEATGNLVVPRYAFTMERNAGSGIIISDTPVHDCNTTCQTPEGAINTSLPFQNIHPITIGRCPKYVKSTKLRLATGLRNVPSIQSRGLFGAIAGFIEGGWTGMVDGWYGYHHQNEQGSGYAADLKSTQNAIDKITNKVNSVIEKMNTQFTAVGKEFNHLEKRIENLNKKVDDGFLDIWTYNAELLVLLENERTLDYHDSNVKNLYEKVRNQLKNNAKEIGNGCFEFYHKCDNTCMESVKNGTYDYPKYSEEAKLNREKIDGVKLESTRIYQILAIYSTVASSLVLVVSLGAISFWMCSNGSLQCRIC,AIL94587.1 ,MNPNQKIITIGSVCMTIGMANLILQIGNIISIWISHSIQLGNQSQIEACNQSVITYENNTWVNQTYVNISNTNFAAGQSVVSVKLAGNSSLCPVSGWAIYSKDNSVRIGSKGDVFVIREPFISCSPLECRTFFLTQGALLNDKHSNGTIKDRSPYRTLMSCPIGEVPSPYNSRFESVAWSASACHDGINWLTIGISGPDSGAVAVLKYNGIITDTIKSWKNNILRTQESECACVNGSCFTIMTDGPSDGQASYKIFRIEKGKIVKSVEMDAPNYHYEECSCYPDSSEITCVCRDNWHGSNRPWVSFNQNLEYQIGYICSGVFGDNPRPNDKTGSCGPVSSNGANGVKGFSFKYGNGVWIGRTKSISSRKGFEMIWDPNGWNGTDNNFSIKQDIVGINEWSGYSGSFVQHPELTGLDCIRPCFWVELIRGRPKENTIWTGGSSISFCGVNSDTVGWSWPDGAELPFTID,A/California/7/2009,MKAILVVLLYTFATANADTLCIGYHANNSTDTVDTVLEKNVTVTHSVNLLEDKHNGKLCKLRGVAPLHLGKCNIAGWILGNPECESLSTASSWSYIVETPSSDNGTCYPGDFIDYEELREQLSSVSSFERFEIFPKTSSWPNHDSNKGVTAACPHAGAKSFYKNLIWLVKKGNSYPKLSKSYINDKGKEVLVLWGIHHPPTSADQQSLYQNADAYVFVGSSRYSKKFKPEIAIRPKVRDQEGRMNYYWTLVEPGDKITFEATGNLVVPRYAFAMERNAGSGIIISDTPVHDCNTTCQTPKGAINTSLPFQNIHPITIGKCPKYVKSTKLRLATGLRNIPSIQSRGLFGAIAGFIEGGWTGMVDGWYGYHHQNEQGSGYAADLKSTQNAIDEITNKVNSVIEKMNTQFTAVGKEFNHLEKRIENLNKKVDDGFLDIWTYNAELLVLLENERTLDYHDSNVKNLYEKVRSQLKNNAKEIGNGCFEFYHKCDNTCMESVKNGTYDYPKYSEEAKLNREEIDGVKLESTRIYQILAIYSTVASSLVLVVSLGAISFWMCSNGSLQCRICI,MNPNQKIITIGSVCMTIGMANLILQIGNIISIWISHSIQLGNQNQIETCNQSVITYENNTWVNQTYVNISNTNFAAGQSVVSVKLAGNSSLCPVSGWAIYSKDNSVRIGSKGDVFVIREPFISCSPLECRTFFLTQGALLNDKHSNGTIKDRSPYRTLMSCPIGEVPSPYNSRFESVAWSASACHDGINWLTIGISGPDNGAVAVLKYNGIITDTIKSWRNNILRTQESECACVNGSCFTVMTDGPSNGQASYKIFRIEKGKIVKSVEMNAPNYHYEECSCYPDSSEITCVCRDNWHGSNRPWVSFNQNLEYQIGYICSGIFGDNPRPNDKTGSCGPVSSNGANGVKGFSFKYGNGVWIGRTKSISSRNGFEMIWDPNGWTGTDNNFSIKQDIVGINEWSGYSGSFVQHPELTGLDCIRPCFWVELIRGRPKENTIWTSGSSISFCGVNSDTVGWSWPDGAELPFTIDK,19.992890995260662,19.112559241706162,11.140995260663507,17.803317535545023
15_16,A/SENDAI/42/2014,EPI528098,MKAILVVLLYTFATANADTLCIXYHANNSTDTVDTVLEKNVTVTHSVNLLEDKHNGKLCKLRGVAPLHLGKCNIAGWILGNPECESLSTXSSWSYIVETSSSDNGTCYPGDFINYEELREQLSSVSSFERFEIFPKTSSWPNHDSNKGVTAACPHAGAKSFYKNLIWLVKKGNSYPKLSQSYINDKGKEVLVLWGIHHPSTTADQQSLYQNADAYVFVGTSRYSKKFKPEIAIRPKVRDQEGRMNYYWTLVEPGDKITFEATGNLVVPRYAFTMERNAGSGIIISDTPVHDCNTTCQTPEGAINTSLPFQNIHPITIGKCPKYVKSTKLRLATGLRNVPSIQSRGLFGAIAGFIEGGWTGMVDGWYGYHHQNEQGSGYAADLKSTQNAIDKITNKVNSVIEKMNTQFTAVGKEFNHLEKRIENLNKKVDDGFLDIWTYNAELLVLLENERTLDYHDSNVKNLYEKVRNQLKNNAKEIGNGCFEFYHKCDNTCMESVKNGTYDYPKYSEEAKLNREKIDGVKLESTRIYQILAIYSTVASSLVLVVSLGAISFWMCSNGSLQCRIC,EPI528097,MNPNQKIITIGSVCMTIGMANLILQIGNIISIWVSHSIQIGNQSQIETCNQSVITYENNTWVNQTYVNISNTNFAAGQSVVSVKLAGNSSLCPVSGWAIYSKDNSVRIGSKGDVFVIREPFISCSPLECRTFFLTQGALLNDKHSNGTIKDRSPYRTLMSCPIGEVPSPYNSRFESVAWSASACHDGINWLTIGISGPDSGAVAVLKYNGIITDTIKSWRNNILRTQESECACVNGSCFTIMTDGPSDGQASYKIFRIEKGKIVKSVEMNAPNYXYEECSCYPDSSEITCVCRDNWHGSNRPWVSFNQNLEYQIGYICSGVFGDNPRPNDKTGSCGPVSSNGANGVKGFSFKYGNGVWIGRTKSISSRKGFEMIWDPNGWTGTDNKFSIKQDIVRINEWSGYSGSFVQHPELTGLDCIRPCFWVELIRGRPEENTIWTSGSSISFCGVNSDTVGWSWPDGAELPFTID,A/California/7/2009,MKAILVVLLYTFATANADTLCIGYHANNSTDTVDTVLEKNVTVTHSVNLLEDKHNGKLCKLRGVAPLHLGKCNIAGWILGNPECESLSTASSWSYIVETPSSDNGTCYPGDFIDYEELREQLSSVSSFERFEIFPKTSSWPNHDSNKGVTAACPHAGAKSFYKNLIWLVKKGNSYPKLSKSYINDKGKEVLVLWGIHHPPTSADQQSLYQNADAYVFVGSSRYSKKFKPEIAIRPKVRDQEGRMNYYWTLVEPGDKITFEATGNLVVPRYAFAMERNAGSGIIISDTPVHDCNTTCQTPKGAINTSLPFQNIHPITIGKCPKYVKSTKLRLATGLRNIPSIQSRGLFGAIAGFIEGGWTGMVDGWYGYHHQNEQGSGYAADLKSTQNAIDEITNKVNSVIEKMNTQFTAVGKEFNHLEKRIENLNKKVDDGFLDIWTYNAELLVLLENERTLDYHDSNVKNLYEKVRSQLKNNAKEIGNGCFEFYHKCDNTCMESVKNGTYDYPKYSEEAKLNREEIDGVKLESTRIYQILAIYSTVASSLVLVVSLGAISFWMCSNGSLQCRICI,MNPNQKIITIGSVCMTIGMANLILQIGNIISIWISHSIQLGNQNQIETCNQSVITYENNTWVNQTYVNISNTNFAAGQSVVSVKLAGNSSLCPVSGWAIYSKDNSVRIGSKGDVFVIREPFISCSPLECRTFFLTQGALLNDKHSNGTIKDRSPYRTLMSCPIGEVPSPYNSRFESVAWSASACHDGINWLTIGISGPDNGAVAVLKYNGIITDTIKSWRNNILRTQESECACVNGSCFTVMTDGPSNGQASYKIFRIEKGKIVKSVEMNAPNYHYEECSCYPDSSEITCVCRDNWHGSNRPWVSFNQNLEYQIGYICSGIFGDNPRPNDKTGSCGPVSSNGANGVKGFSFKYGNGVWIGRTKSISSRNGFEMIWDPNGWTGTDNNFSIKQDIVGINEWSGYSGSFVQHPELTGLDCIRPCFWVELIRGRPKENTIWTSGSSISFCGVNSDTVGWSWPDGAELPFTIDK,16.75004900999804,14.587139776514409,6.884532444618702,6.792981768280729
16_17,A/Massachusetts/24/2015,AMA11286.1 ,MKAILVVLLYTFTTANADTLCIGYHANNSTDTVDTVLEKNVXVTHSVNLLEDKHNGKLCKLRGVAPLHLGKCNIAGWILGNPECESLSTASSWSYIVETSNSDNGTCYPGDFINYEELREQLSSVSSFERFEIFPKTSSWPNHDSNKGVTAACPHAGAKSFYKNLIWLVKKGNSYPKLNQSYINDKGKEVLVLWGIHHPSTTADQQSLYQNADAYVFVGTSRYSKKFKPEIATRPKVRDQEGRMNYYWTLVEPGDKITFEATGNLVVPRYAFTMERNAGSGIIISDTPVHDCNTTCQTPEGAINTSLPFQNIHPITIGKCPKYVKSTKLRLATGLRNVPSIQSRGLFGAIAGFIEGGWTGMVDGWYGYHHQNEQGSGYAADLKSTQNAIDKITNKVNSVIEKMNTQFTAVGKEFNHLEKRIENLNKKVDDGFLDIWTYNAELLVLLENERTLDYHDSNVKNLYEKVRNQLKNNAKEIGNGCFEFYHKCDNTCMESVKNGTYDYPKYSEEAKLNREKIDGVKLESTRIYQILAIYSTVASSLVLVVSLGAISFWMCSNGSLQCRIC,AMA11288.1 ,MNPNQKIITIGSICMTIGMANLILQIGNIISIWVSHSIQIGNQSQIETCNQSVITYENNTWVNQTYVNISNTNFAAGQSVVSVKLAGNSSLCPVSGWAIHSKDNSVRIGSKGDVFVIREPFISCSPLECRTFFLTQGALLNDKHSNGTIKDRSPYRTLMSCPIGEVPSPYNSRFESVAWSASACHDGINWLTIGISGPDSGAVAVLKYNGIITDTIKSWRNNILRTQESECACVNGSCFTIMTDGPSDGQASYKIFRIEKGKIIKSVEMKAPNYHYEECSCYPDSSEITCVCRDNWHGSNRPWVSFNQNLEYQMGYICSGVFGDNPRPNDKTGSCGPVSSNGANGVKGFSFKYGNGVWIGRTKSISSRKGFEMIWDPNGWTGTDNKFSIKQDIVGINEWSGYSGSFVQHPELTGLDCIRPCFWVELIRGRPEENTIWTSGSSISFCGVNSDTVGWSWPDGAELPFTID,A/California/7/2009,MKAILVVLLYTFATANADTLCIGYHANNSTDTVDTVLEKNVTVTHSVNLLEDKHNGKLCKLRGVAPLHLGKCNIAGWILGNPECESLSTASSWSYIVETPSSDNGTCYPGDFIDYEELREQLSSVSSFERFEIFPKTSSWPNHDSNKGVTAACPHAGAKSFYKNLIWLVKKGNSYPKLSKSYINDKGKEVLVLWGIHHPPTSADQQSLYQNADAYVFVGSSRYSKKFKPEIAIRPKVRDQEGRMNYYWTLVEPGDKITFEATGNLVVPRYAFAMERNAGSGIIISDTPVHDCNTTCQTPKGAINTSLPFQNIHPITIGKCPKYVKSTKLRLATGLRNIPSIQSRGLFGAIAGFIEGGWTGMVDGWYGYHHQNEQGSGYAADLKSTQNAIDEITNKVNSVIEKMNTQFTAVGKEFNHLEKRIENLNKKVDDGFLDIWTYNAELLVLLENERTLDYHDSNVKNLYEKVRSQLKNNAKEIGNGCFEFYHKCDNTCMESVKNGTYDYPKYSEEAKLNREEIDGVKLESTRIYQILAIYSTVASSLVLVVSLGAISFWMCSNGSLQCRICI,MNPNQKIITIGSVCMTIGMANLILQIGNIISIWISHSIQLGNQNQIETCNQSVITYENNTWVNQTYVNISNTNFAAGQSVVSVKLAGNSSLCPVSGWAIYSKDNSVRIGSKGDVFVIREPFISCSPLECRTFFLTQGALLNDKHSNGTIKDRSPYRTLMSCPIGEVPSPYNSRFESVAWSASACHDGINWLTIGISGPDNGAVAVLKYNGIITDTIKSWRNNILRTQESECACVNGSCFTVMTDGPSNGQASYKIFRIEKGKIVKSVEMNAPNYHYEECSCYPDSSEITCVCRDNWHGSNRPWVSFNQNLEYQIGYICSGIFGDNPRPNDKTGSCGPVSSNGANGVKGFSFKYGNGVWIGRTKSISSRNGFEMIWDPNGWTGTDNNFSIKQDIVGINEWSGYSGSFVQHPELTGLDCIRPCFWVELIRGRPKENTIWTSGSSISFCGVNSDTVGWSWPDGAELPFTIDK,17.856600189933523,15.972459639126306,3.7122507122507122,3.2269705603038936
17_18,A/Bolzano/11/2016,EPI773452,MKAILVVLLYTFTTANADTLCIGYHANNSTDTVDTVLEKNVTVTHSVNLLEDKHNGKLCKLRGVAPLHLGKCNIAGWILGNPECESLSTASSWSYIVETSNSDNGTCYPGDFINYEELREQLSSVSSFERFEIFPKTSSWPNHDSNKGVTAACPHAGAKSFYKNLIWLVKKGNSYPKLNQSYINDKGKEVLVLWGIHHPSTTADQQSLYQNADAYVFVGTSRYSKKFKPEIATRPKVRDQEGRMNYYWTLVEPGDKITFEATGNLVVPRYAFTMERNAGSGIIISDTPVHDCNTTCQTPEGAINTSLPFQNIHPITIGKCPKYVKSTKLRLATGLRNVPSIQSRGLLGAIAGFIEGGWTGMVDGWYGYHHQNEQGSGYAADLKSTQNAIDKITNKVNSVIEKMNTQFTAVGKEFNHLEKRIENLNKKVDDGFLDIWTYNAELLVLLENERTLDYHDSNVKNLYEKVRNQLKNNAKEIGNGCFEFYHKCDNTCMESVKNGTYDYPKYSEEAKLNREKIDGVKLESTRIYQILAIYSTVASSLVLVVSLGAISFWMCSNGSLQCRIC,EPI773453,MNPNQKIITIGSICMTIGMANLILQIGNIISIWVSHSIQIGYQSQIETCNQSIITYENNTWVNQTYVNISNTNFAAGQSVVSVKLAGNSSLCPVSGWAINSKDNSVRIGSKGDVFVIREPFISCSPLECRTFFLTQGALLNDKHSNGTIKDRSPYRTLMSCPIGEVPSPYNSRFESVAWSASACHDGINWLTIGISGPDSGAVAVLKYNGIITDTIKSWRNNILRTQESECACVNGSCFTIMTDGPSDGQASYKIFRIEKGKIIKSVEMKAPNYHYEECSCYPDSSEITCVCRDNWHGSNRPWVSFNQNLEYQMGYICSGVFGDNPRPNDKTGSCGPVSSNGANGVKGFSFKYGNGVWIGRTKSISSRKGFEMIWDPNGWTGTDNKFSIKQDIVGINEWSGYSGSFVQHPELTGLDCIRPCFWVELIRGRPEENTIWTSGSSISFCGVNSDTVGWSWPDGAELPFTID,A/Michigan/45/2015,MKAILVVLLYTFTTANADTLCIGYHANNSTDTVDTVLEKNVTVTHSVNLLEDKHNGKLCKLRGVAPLHLGKCNIAGWILGNPECESLSTASSWSYIVETSNSDNGTCYPGDFINYEELREQLSSVSSFERFEIFPKTSSWPNHXSNKGVTAACPHAGAKSFYKNLIWLVKKGNSYPKLNQSYINDKGKEVLVLWGIHHPSTTADQQSJYQNADAYVFVGTSRYSKKFKPEIATRPKVRDQEGRMNYYWTLVEPGDKITFEATGNLVVPRYAFTMERNAGSGIIISDTPVHDCNTTCQTPEGAINTSLPFQNIHPITIGKCPKYVKSTKLRLATGLRNVPSIQSRGLFGAIAGFIEGGWTGMVDGWYGYHHQNEQGSGYAADLKSTQNAIDKITNKVNSVIEKMNTQFTAVGKEFNHLEKRIENLNKKVDDGFLDIWTYNAELLVLLENERTLDYHDSNVKNLYEKVRNQLKNNAKEIGNGCFEFYHKCDNTCMESVKNGTYDYPKYSEEAKLNREKIDGVKLESTRIYQILAIYSTVASSLVLVVSLGAISFWMCSNGSLQCRICI,MNPNQKIITIGSICMTIGMANLILQIGNIISIWVSHSIQIGNQSQIETCNQSVITYENNTWVNQTYVNISNTNFAAGQSVVSVKLAGNSSLCPVSGWAIYSKDNSVRIGSKGDVFVIREPFISCSPLECRTFFLTQGALLNDKHSNGTIKDRSPYRTLMSCPIGEVPSPYNSRFESVAWSASACHDGINWLTIGISGPDSGAVAVLKYNGIITDTIKSWRNNILRTQESECACVNGSCFTIMTDGPSDGQASYKIFRIEKGKIIKSVEMKAPNYHYEECSCYPDSSEITCVCRDNWHGSNRPWVSFNQNLEYQMGYICSGVFGDNPRPNDKTGSCGPVSSNGANGVKGFSFKYGNGVWIGRTKSISSRKGFEMIWDPNGWTGTDNKFSIKQDIVGINEWSGYSGSFVQHPELTGLDCIRPCFWVELIRGRPEENTIWTSGSSISFCGVNSDTVGWSWPDGAELPFTIDK,7.407576571735626,5.79876410531972,6.410800644814616,8.783987103707684
18_19,A/Qatar/16-VI-17-0046212/2017,EPI1141986,MKAILVVLLYTFTTANADTLCIGYHANNSTDTVDTVLEKNVTVTHSVNLLEDKHNGKLCKLRGVAPLHLGKCNIAGWILGNPECESLSTARSWSYIVETSNSDNGTCYPGDFINYEELREQLSSVSSFERFEIFPKTSSWPNHDSNKGVTAACPHAGAKSFYKNLIWLVKKGNSYPKLNQTYINDKGKEVLVLWGIHHPSTTADQQSLYQNADAYVFVGTSRYSKKFKPEIATRPKVRDQEGRMNYYWTLVEPGDKITFEATGNLVVPRYAFTMERNAGSGIIISDTPVHDCNTTCQTPEGAINTSLPFQNVHPITIGKCPKYVKSTKLRLATGLRNVPSIQSRGLFGAIAGFIEGGWTGMVDGWYGYHHQNEQGSGYAADLKSTQNAIDKITNKVNSVIEKMNTQFTAVGKEFNHLEKRIENLNKKVDDGFLDIWTYNAELLVLLENERTLDYHDSNVKNLYEKVRNQLKNNAKEIGNGCFEFYHKCDNTCMESVKNGTYDYPKYSEEAKLNREKIDGVKLESTRIYQILAIYSTVASSLVLVVSLGAISFWMCSNGSLQCRIC,EPI1141988,MNPNQKIITIGSICMTIGIANLILQIGNIISIWVSHSIQIGNQSQIETCNQSVITYENNTWVNQTYVNISNTNFAARQSVASVKLAGNSSLCPVSGWAIYSKDNSVRIGSKGDVFVIREPFISCSPLECRTFFLTQGALLNDKHSNGTIKDRSPYRTLMSCPIGEVPSPYNSRFESVAWSASACHDGTNWLTIGISGPDSGAVAVLKYNGIITDTIKSWRNNILRTQESECACVNGSCFTIMTDGPSDGQASYKIFRIEKGKIIKSVEMKAPNYHYEECSCYPDSSEITCVCRDNWHGSNRPWVSFNQNLEYRMGYICSGVFGDNPRPNDKTGSCGPVSSNGANGVKGFSFKYGNGVWIGRTKSISSRKGFEMIWDPNGWTGTDNKFSIKQDIVGINEWSGYSGSFVQHPELTGLDCIRPCFWVELIRGRPEENTVWTSGSSISFCGVDSDTVGWSWPDGAELPFTID,A/Michigan/45/2015,MKAILVVLLYTFTTANADTLCIGYHANNSTDTVDTVLEKNVTVTHSVNLLEDKHNGKLCKLRGVAPLHLGKCNIAGWILGNPECESLSTASSWSYIVETSNSDNGTCYPGDFINYEELREQLSSVSSFERFEIFPKTSSWPNHXSNKGVTAACPHAGAKSFYKNLIWLVKKGNSYPKLNQSYINDKGKEVLVLWGIHHPSTTADQQSJYQNADAYVFVGTSRYSKKFKPEIATRPKVRDQEGRMNYYWTLVEPGDKITFEATGNLVVPRYAFTMERNAGSGIIISDTPVHDCNTTCQTPEGAINTSLPFQNIHPITIGKCPKYVKSTKLRLATGLRNVPSIQSRGLFGAIAGFIEGGWTGMVDGWYGYHHQNEQGSGYAADLKSTQNAIDKITNKVNSVIEKMNTQFTAVGKEFNHLEKRIENLNKKVDDGFLDIWTYNAELLVLLENERTLDYHDSNVKNLYEKVRNQLKNNAKEIGNGCFEFYHKCDNTCMESVKNGTYDYPKYSEEAKLNREKIDGVKLESTRIYQILAIYSTVASSLVLVVSLGAISFWMCSNGSLQCRICI,MNPNQKIITIGSICMTIGMANLILQIGNIISIWVSHSIQIGNQSQIETCNQSVITYENNTWVNQTYVNISNTNFAAGQSVVSVKLAGNSSLCPVSGWAIYSKDNSVRIGSKGDVFVIREPFISCSPLECRTFFLTQGALLNDKHSNGTIKDRSPYRTLMSCPIGEVPSPYNSRFESVAWSASACHDGINWLTIGISGPDSGAVAVLKYNGIITDTIKSWRNNILRTQESECACVNGSCFTIMTDGPSDGQASYKIFRIEKGKIIKSVEMKAPNYHYEECSCYPDSSEITCVCRDNWHGSNRPWVSFNQNLEYQMGYICSGVFGDNPRPNDKTGSCGPVSSNGANGVKGFSFKYGNGVWIGRTKSISSRKGFEMIWDPNGWTGTDNKFSIKQDIVGINEWSGYSGSFVQHPELTGLDCIRPCFWVELIRGRPEENTIWTSGSSISFCGVNSDTVGWSWPDGAELPFTIDK,10.295077912441256,7.762552559980213,5.314741528567895,6.92196388820183
19_20,A/Bhutan/15/2019,EPI1507222,MKAILVVLLYTFTTANADTLCIGYHANNSTDTVDTVLEKNVTVTHSVNLLEDKHNGKLCKLRGVAPLHLGKCNIAGWILGNPECESLSTARSWSYIVETSNSDNGTCYPGDFINYEELREQLSSVSSFERFEIFPKTSSWPNHDSNKGVTAACPHAGAKSFYKNLIWLVKKGNSYPKLNQTYINDKGKEVLVLWGIHHPPTIADQQSLYQNADAYVFVGTSRYSKKFKPEIATRPKVRDQEGRMNYYWTLVEPGDKITFEATGNLVVPRYAFTMERDAGSGIIISDTPVHDCNTTCQTPEGAINTSLPFQNVHPITIGKCPKYVKSTKLRLATGLRNVPSIQSRGLFGAIAGFIEGGWTGMVDGWYGYHHQNEQGSGYAADLKSTQNAIDKITNKVNSVIEKMNTQFTAVGKEFNHLEKRIENLNKKVDDGFLDIWTYNAELLVLLENERTLDYHDSNVKNLYEKVRNQLKNNAKEIGNGCFEFYHKCDNTCMESVKNGTYDYPKYSEEAKLNREKIDGVKLESTRIYQILAIYSTVASSLVLVVSLGAISFWMCSNGSLQCRIC,EPI1507221,MNPNQKIITIGSICMTIGMANLILQIGNIISIWVSHSIQIGNQSQIETCNKSVITYENNTWVNQTYVNISNTNSAARQSVASVKLAGNSSLCPVSGWAIYSKDNSVRIGSKGDVFVIREPFISCSPLECRTFFLTQGALLNDKHSNGTIKDRSPYRTLMSCPIGEVPSPYNSRFESVAWSASACHDGTNWLTIGISGPDSGAVAVLKYNGIITDTIKSWRNNILRTQESECACVNGSCFTIMTDGPSDGQASYKIFRIEKGKIIKSVEMKAPNYHYEECSCYPDSSEITCVCRDNWHGSNRPWVSFNQNLEYQMGYICSGVFGDNPRPNDKTGSCGPVSSNGANGVKGFSFKYGNGVWIGRTKSISSRKGFEMIWDPNGWTGTDNKFSKKQDIVGINEWSGYSGSFVQHPELTGLNCIRPCFWVELIRGRPEENTIWTSGSSISFCGVDSDIVGWSWPDGAELPFTID,A/Brisbane/02/2018,MKAILVVLLYTFTTANADTLCIGYHANNSTDTVDTVLEKNVTVTHSVNLLEDKHNGKLCKLGGVAPLHLGKCNIAGWILGNPECESLSTARSWSYIVETSNSDNGTCYPGDFINYEELREQLSSVSSFERFEIFPKTSSWPNHDSNKGVTAACPHAGAKSFYKNLIWLVKKGNSYPKLNQTYINDKGKEVLVLWGIHHPPTTADQQXLYQNADAYVFVGTSRYSKKFKPEIATRPKVRDQEGRMNYYWTLVEPGDKITFEATGNLVVPRYAFTMERNAGSGIIISDTPVHDCNTTCQTAEGAINTSLPFQNVHPVTIGKCPKYVKSTKLRLATGLRNVPSIQSRGLFGAIAGFIEGGWTGMVDGWYGYHHQNEQGSGYAADLKSTQNAIDKITNKVNSVIEKMNTQFTAVGKEFNHLEKRIENLNKKVDDGFLDIWTYNAELLVLLENERTLDYHDSNVKNLYEKVRNQLKNNAKEIGNGCFEFYHKCDNTCMESVKNGTYDYPKYSEEAKLNREKIDGVKLESTRIYQILAIYSTVASSLVLVVSLGAISFWMCSNGSLQCRICI,MNPNQKIITIGSTCMTIGMANLILQIGNIISIWVSHSIQIGNQSQIETCNQSVITYENNTWVNQTYVNISNTNFAARQSVASVKLAGNSSLCPVSGWAIYSKDNSVRIGSKGDVFVIREPFISCSPLECRTFFLTQGALLNDKHSNGTIKDRSPYRTLMSCPIGEVPSPYNSRFESVAWSASACHDGTNWLTIGISGPDSGAVAVLKYNGIITDTIKSWRNNILRTQESECACVNGSCFTIMTDGPSDGQASYKIFRIEKGKIIKSVEMKAPNYHYEECSCYPDSSEITCVCRDNWHGSNRPWVSFNQNLEYQMGYICSGVFGDNPRPNDKTGSCGPVSSNGANGVKGFSFKYGNGVWIGRTKSISSRKGFEMIWDPNGWTGTDNKFSIKQDIVGINEWSGYSGSFVQHPELTGLDCIRPCFWVELIRGRPEENTIWTSGSSISFCGVDSDTVGWSWPDGAELPFTIDK,11.267497874752054,8.138424482856333,5.694672711816379,2.9188155284783224
20_21,A/Linkou/R0160/2018,EPI1893098,MKAILVVLLYTFTTANADTLCIGYHANNSTDTVDTVLEKNVTVTHSVNLLEDKHNGKLCKLRGVAPLHLGKCNIAGWILGNPECESLSTARSWSYIVETSNSDNGTCYPGDFINYEELREQLSSVSSFERFEIFPKTSSWPNHDSDKGVTAACPHAGAKSFYKNLIWLVKKGNSYPKLNQTYINDKGKEVLVLWGIHHPPTIADQQSLYQNADAYVFVGTSRYSKKFKPEIATRPKVRDQEGRMNYYWTLVEPGDKITFEATGNLVVPRYAFTMERDAGSGIIISDTPVHDCNTTCQTPEGAINTSLPFQNVHPITIGKCPKYVKSTKLRLATGLRNVPSIQSRGLFGAIAGFIEGGWTGMVDGWYGYHHQNEQGSGYAADLKSTQNAIDKITNKVNSVIEKMNTQFTAVGKEFNHLEKRIENLNKKVDDGFLDIWTYNAELLVLLENERTLDYHDSNVKNLYEKVRNQLKNNAKEIGNGCFEFYHKCDNTCMESVKNGTYDYPKYSEEAKLNREKIDGVKLESTRIYQILAIYSTVASSLVLVVSLGAISFWMCSNGSLQCRIC,EPI1893101,MNPNQKIITIGSICMTIGMANLILQIGNIISIWVSHSIQIGNQSQIETCNKSVITYENNTWVNQTYVNISNTNSAARQSVASVKLAGNSSLCPVSGWAIYSKDNSVRIGSKGDVFVIREPFISCSPLECRTFFLTQGALLNDKHSNGTIKDRSPYRTLMSCPIGEVPSPYNSRFESVAWSASACHDGTNWLTIGISGPDSGAVAVLKYNGIITDTIKSWRNNILRTQESECACVNGSCFTIMTDGPSDGQASYKIFRIEKGKIIKSVEMKAPNYHYEECSCYPDSSEITCVCRDNWHGSNRPWVSFNQNLEYQMGYICSGVFGDNPRPNDKTGSCGPVSSNGANGVKGFSFKYGNGVWIGRTKSISSRKGFEMIWDPNGWTGTDNKFSKKQDIVGINEWSGYSGSFVQHPELTGLNCIRPCFWVELIRGRPEENTIWTSGSSISFCGVDSDIVGWSWPDGAELPFTID,A/Guangdong-Maonan/SWL1536/2019,MKAILVVMLYTFTTANADTLCIGYHANNSTDTVDTVLEKNVTVTHSVNLLEDKHNGKLCKLRGVAPLHLGKCNIAGWILGNPECESLSTARSWSYIVETSNSDNGTCYPGDFINYEELREQLSSVSSFERFEIFPKTSSWPNHDSDNGVTAACPHAGAKSFYKNLIWLVKKGKSYPKINQTYINDKGKEVLVLWGIHHPPTIADQQSLYQNADAYVFVGTSRYSKKFKPEIATRPKVRDQEGRMNYYWTLVEPGDKITFEATGNLVAPRYAFTMERDAGSGIIISDTPVHDCNTTCQTPEGAINTSLPFQNVHPITIGKCPKYVKSTKLRLATGLRNVPSIQSRGLFGAIAGFIEGGWTGMVDGWYGYHHQNEQGSGYAADLKSTQNAIDKITNKVNSVIEKMNTQFTAVGKEFNHLEKRIENLNKKVDDGFLDIWTYNAELLVLLENERTLDYHDSNVKNLYEKVRNQLKNNAKEIGNGCFEFYHKCDNTCMESVKNGTYDYPKYSEEAKLNREKIDGVKLDSTRIYQILAIYSTVASSLVLVVSLGAISFWMCSNGSLQCRICI,MNPNQKIITIGSICMTIGMANLILQIGNIISIWVSHSIQIGNQSQIETCNKNVITYENNTWVNQTYVNISNTNSAARQSVASVKLAGNSSLCPVSGWAIYSKDNSVRIGSKGDVFVIREPFISCSPLECRTFFLTQGALLNDKRSNGTIKDRSPYRTLMSCPIGEVPSPYNSRFESVAWSASACHDGTNWLTIGISGPDSGAVAVLKYNGIITDTIKSWRNNILRTQESECACVNGSCFTIMTDGPSDGQASYKIFRIEKGKIIKSVEMKAPNYHYEECSCYPDSSEITCVCRDNWHGSNRPWVSFNQNLEYQMGYICSGVFGDNPRPNDKTGSCGPVSSNGANGVKGFSFKYGNGVWIGRTKSISSRKGFEMIWDPNGWTGTDNKFSKKQDIVGINEWSGYSGSFVQHPELTGLNCIRPCFWVELIRGRPEENTIWTSGSSISFCGVDSDIVGWSWPDGAELPFTIDK,17.115183246073297,7.115183246073299,11.460732984293193,6.366492146596858
21_22,A/Togo/64/2021,EPI1884893,MKAILVVLLYTFTTANADTLCIGYHANNSTDTVDTVLEKNVTVTHSVNLLEDKHNGKLCKLRGVAPLHLGKCNIAGWILGNPECESLSTARSWSYIVETSNSDNGTCYPGDFINYEELREQLSSVSSFERFEIFPKTSSWPNHDSDKGVTAACPHAGAKSFYKNLIWLVKKGNSYPKLNQTYTNDKGKEVLVLWGIHHPPTITAQESLYQNADAYVFVGTSRYSKKFKPEIATRPKVRDQEGRMNYYWTLVEPGDKITFEATGNLVVPRYAFTMERDAGSGIIISDTPVHDCNTTCQTPEGAINTSLPFQNVHPITIGKCPKYVKSTKLRLATGLRNVPSIQSRGLFGAIAGFIEGGWTGMVDGWYGYHHQNEQGSGYAADLKSTQNAIDKITNKVNSVIEKMNTQFTAVGKEFNHLEKRIENLNKKVDDGFLDIWTYNAELLVLLENERTLDYHDSNVKNLYEKVRNQLKNNAKEIGNGCFEFYHKCDNTCMESVKNGTYDYPKYSEEAKLNREKIDGVKLESTRIYQILAIYSTAASSLVLVVSLGAISFWMCSNGSLQCRIC,EPI1884894,MNPNQKIITIGSICMTIGMANLILQIGNIISIWVSHSIQIGNQSQIETCNKNVITYENNTWVNQTYVNISNTNSAARQSVASVKLAGNSSLCPVSGWAIYSKDNSVRIGSKGDVFVIREPFISCSPLECRTFFLTQGALLNDKHSNGTIKDRSPYRTLMSCPIGEVPSPYNSRFESVAWSASACHDGTNWLTIGISGPDSGAVAVLKYNGIITDTIKSWRNNILRTQESECACVNGSCFTIMTDGPSDGQASYKIFRIEKGKIIKSVEMKAPNYHYEECSCYPDSSEITCVCRDNWHGSNRPWVSFNQNLEYQMGYICSGVFGDNPRPNDKTGSCGPVSSNGANGVKGFSFKYGNGVWIGRTKSISSRKGFEMIWDPNGWTGTDNKFSKKQDIVGINEWSGYSGSFVQHPELTGLNCIRPCFWVELIRGRPEENTIWTSGSSISFCGVDSDIVGWSWPDGAELPFTID,A/Victoria/2570/2019,MKAILVVMLYTFTTANADTLCIGYHANNSTDTVDTVLEKNVTVTHSVNLLEDKHNGKLCKLRGVAPLHLGKCNIAGWILGNPECESLSTARSWSYIVETSNSDNGTCYPGDFINYEELREQLSSVSSFERFEIFPKTSSWPNHDSDNGVTAACPHAGAKSFYKNLIWLVKKGKSYPKINQTYINDKGKEVLVLWGIHHPPTIADQQSLYQNADAYVFVGTSRYSKKFKPEIATRPKVRDREGRMNYYWTLVEPGDKITFEATGNLVAPRYAFTMERDAGSGIIISDTPVHDCNTTCQTPEGAINTSLPFQNVHPITIGKCPKYVKSTKLRLATGLRNVPSIQSRGLFGAIAGFIEGGWTGMVDGWYGYHHQNEQGSGYAADLKSTQNAIDKITNKVNSVIEKMNTQFTAVGKEFNHLEKRIENLNKKVDDGFLDIWTYNAELLVLLENERTLDYHDSNVKNLYEKVRNQLKNNAKEIGNGCFEFYHKCDNTCMESVKNGTYDYPKYSEEAKLNREKIDGVKLDSTRIYQILAIYSTVASSLVLVVSLGAISFWMCSNGSLQCRICI,MNPNQKIITIGSICMTIGTANLILQIGNIISIWVSHSIQIGNQSQIETCNKSVITYENNTWVNQTFVNISNTNSAARQSVASVKLAGNSSLCPVSGWAIYSKDNSVRIGSKGDVFVIREPFISCSPLECRTFFLTQGALLNDKHSNGTIKDRSPYRTLMSCPIGEVPSPYNSRFESVAWSASACHDGTNWLTIGISGPDSGAVAVLKYNGIITDTIKSWRNKILRTQESECACVNGSCFTIMTDGPSDGQASYKIFRIEKGKIIKSVEMKAPNYHYEECSCYPDSSEITCVCRDNWHGSNRPWVSFNQNLEYQMGYICSGVFGDNPRPNDKTGSCGPVSSNGANGVKGFSFKYGNGVWIGRTKSISSRKGFEMIWDPNGWTGTDNKFSKKQDIVGINEWSGYSGSFVQHPELTGLNCIRPCFWVELIRGRPEENTIWTSGSSISFCGVDSDIVGWSWPDGAELPFTIDK,10.821428571428571,2.9444444444444446,8.424603174603174,6.761904761904762
22_23,A/Lyon/CHU_0186413/2020,EPI1814794,MKAILVVLLYTFTTANADTLCIGYHANNSTDTVDTVLEKNVTVTHSVNLLEDKHNGKLCKLRGVAPLHLGKCNIAGWILGNPECESLSTARSWSYIVETSNSDNGTCYPGDFINYEELREQLSSVSSFERFEIFPKTSSWPNHDSDKGVTAACPHAGAKSFYKNLIWLVKKGNSYPKLNQTYINDKGKEVLVLWGIHHPPTIAAQESLYQNADAYVFVGTSRYSKKFKPEIATRPKVRDQEGRMNYYWTLVEPGDKITFEATGNLVVPRYAFTMEKDAGSGIIISDTPVHDCNTTCQTPEGAINTSLPFQNVHPITIGKCPKYVKSTKLRLATGLRNVPSIQSRGLFGAIAGFIEGGWTGMVDGWYGYHHQNEQGSGYAADLKSTQNAIDKITNKVNSVIEKMNTQFTAVGKEFNHLEKRIENLNKKVDDGFLDIWTYNAELLVLLENERTLDYHDSNVKNLYEKVRNQLKNNAKEIGNGCFEFYHKCDNTCMESVKNGTYDYPKYSEEAKLNREKIDGVKLESTRIYQILAIYSTVASSLVLVVSLGAISFWMCSNGSLQCRIC,EPI1814793,MNPNQKIITIGSICMTIGMANLILQIGNIISIWVSHSIQTGNQSQIETCNKNVITYENNTWVNQTYVNISNNNSAAKQSVASVKLAGNSSLCPVSGWAIYSKDNSVRIGSKGDVFVIREPFISCSPLECRTFFLTQGALLNDKHSNGTIKDRSPYRTLMSCPIGEVPSPYNSRFESVAWSASACHDGTNWLTIGISGPDSGAVAVLKYNGIITDTIKSWRNNILRTQESECACVNGSCFTIMTDGPSDGQASYKIFRIEKGKIIKSVEMKAPNYHYEECSCYPDSSEITCVCRDNWHGSNRPWVSFNQNLEYQMGYICSGVFGDNPRPNDKTGSCGPVSSNGANGVKGFSFKYGNGVWIGRTKSISSRKGFEMIWDPNGWTGTDNKFSKKQDIVGINEWSGYSGSFVQHPELTGLNCIRPCFWVELIRGRPEENTIWTSGSSISFCGVDSDIVGWSWPDGAELPFTID,A/Victoria/2570/2019,MKAILVVMLYTFTTANADTLCIGYHANNSTDTVDTVLEKNVTVTHSVNLLEDKHNGKLCKLRGVAPLHLGKCNIAGWILGNPECESLSTARSWSYIVETSNSDNGTCYPGDFINYEELREQLSSVSSFERFEIFPKTSSWPNHDSDNGVTAACPHAGAKSFYKNLIWLVKKGKSYPKINQTYINDKGKEVLVLWGIHHPPTIADQQSLYQNADAYVFVGTSRYSKKFKPEIATRPKVRDREGRMNYYWTLVEPGDKITFEATGNLVAPRYAFTMERDAGSGIIISDTPVHDCNTTCQTPEGAINTSLPFQNVHPITIGKCPKYVKSTKLRLATGLRNVPSIQSRGLFGAIAGFIEGGWTGMVDGWYGYHHQNEQGSGYAADLKSTQNAIDKITNKVNSVIEKMNTQFTAVGKEFNHLEKRIENLNKKVDDGFLDIWTYNAELLVLLENERTLDYHDSNVKNLYEKVRNQLKNNAKEIGNGCFEFYHKCDNTCMESVKNGTYDYPKYSEEAKLNREKIDGVKLDSTRIYQILAIYSTVASSLVLVVSLGAISFWMCSNGSLQCRICI,MNPNQKIITIGSICMTIGTANLILQIGNIISIWVSHSIQIGNQSQIETCNKSVITYENNTWVNQTFVNISNTNSAARQSVASVKLAGNSSLCPVSGWAIYSKDNSVRIGSKGDVFVIREPFISCSPLECRTFFLTQGALLNDKHSNGTIKDRSPYRTLMSCPIGEVPSPYNSRFESVAWSASACHDGTNWLTIGISGPDSGAVAVLKYNGIITDTIKSWRNKILRTQESECACVNGSCFTIMTDGPSDGQASYKIFRIEKGKIIKSVEMKAPNYHYEECSCYPDSSEITCVCRDNWHGSNRPWVSFNQNLEYQMGYICSGVFGDNPRPNDKTGSCGPVSSNGANGVKGFSFKYGNGVWIGRTKSISSRKGFEMIWDPNGWTGTDNKFSKKQDIVGINEWSGYSGSFVQHPELTGLNCIRPCFWVELIRGRPEENTIWTSGSSISFCGVDSDIVGWSWPDGAELPFTIDK,11.763763916425194,3.025621473234711,15.565960042702455,9.97331096538051
23_24,A/South_Africa/14627/2021,EPI1984159,MKAILVVMLYTFTTANADTLCIGYHANNSTDTVDTVLEKNVTVTHSVNLLEDKHNGKLCKLRGVAPLHLGQCNIAGWILGNPECESLSTARSWSYIVETSNSDNGTCYPGDFINYEELREQLSSVSSFERFEIFPKTSSWPNHDSDNGVTAACPHAGARSFYKNLIWLVKKGKSYPKINQTYINDKGKEVLVLWGIHHPPTITDQESLYQNADAYVFVGTSRYSKKFKPEIATRPKVRDQAGRMNYYWTLVEPGDKITFEATGNLVAPRYAFTMEKEAGSGIIISDTPVHDCNTTCQTPEGAINTSLPFQNVHPITIGKCPKYVRSTKLRLATGLRNVPSIQSRGLFGAIAGFIEGGWTGMVDGWYGYHHQNEQGSGYAADLKSTQNAIDKITNKVNSVIEKMNTQFTAVGKEFNHLEKRIENLNKKVDDGFLDVWTYNAELLVLLENERTLDYHDSNVKNLYEKVRHQLKNNAKEIGNGCFEFYHKCDNTCMESVKNGTYDYPKYSEEAKLNREKIDGVKLDSTRIYQILAIYSTVASSLVLVVSLGAISFWMCSNGSLQCRIC,EPI1984158,MNPNQKIITIGSICMTIGTANLILQIGNIISIWVSHSIQIGNQSQIETCNKSVITYENNTWVNQTFVNISNTNSAASQSVASVKLAGNSSLCPVSGWAIYSKDNSVRIGSKGDVFVIREPFISCSPLECRTFFLTQGALLNDKHSNGTIKDRSPYRTLMSCPIGEVPSPYNSRFESVAWSASACHDGTNWLTIGISGPDSGAVAVLKYNGIITDTIKSWRNKILRTQESECACVNGSCFTIMTDGPSDGQASYKIFRIEKGKIIKSVEMKAPNYHYEECSCYPDSSEITCVCRDNWHGSNRPWVSFNQNLEYQMGYICSGVFGDNPRPNDKTGSCGPVSSNGANGVKGFSFKYGNGVWIGRTKSISSRKGFEMIWDPNGWTGTDNKFSKKQDIVGINEWSGYSGSFVQHPELTGLNCIRPCFWVELIRGRPEENTIWTSGSSISFCGVDSDIMGWSWPDGAELPFTID,A/Victoria/4897/2022,MKAILVVMLYTFTTANADTLCIGYHANNSTDTVDTVLEKNVTVTHSVNLLEDKHNGKLCKLRGVAPLHLGQCNIAGWILGNPECESLSTARSWSYIVETSNSDNGTCYPGDFINYEELREQLSSVSSFERFEIFPKTSSWPNHDSDNGVTAACSHAGARSFYKNLIWLVKKGKSYPKINQTYINDKGKEVLVLWGIHHPPTITDQESLYQNADAYVFVGTSRYSKKFKPEIAARPKVRDQAGRMNYYWTLVEPGDKITFEATGNLVAPRYAFTMEKEAGSGIIISDTPVHDCNATCQTPEGAINTSLPFQNVHPITIGKCPKYVRSTKLRLATGLRNVPSIQSRGLFGAIAGFIEGGWTGMVDGWYGYHHQNDQGSGYAADLKSTQNAIDKITNKVNSVIEKMNTQFTAVGKEFNHLEKRIENLNKKVDDGFLDVWTYNAELLVLLENERTLDYHDSNVKNLYEKVRHQLKNNAKEIGNGCFEFYHKCDNTCMESVKNGTYDYPKYSEEAKLNREKIDGVKLDSTRIYQILAIYSTVASSLVLVVSLGAISFWMCSNGSLQCRICI,MNPNQKIITIGSICMTIGTANLILQIGNIISIWVSHSIQIGNQSQIETCDKSVITYENNTWVNQTFVNISNTNSAARQSVASVKLAGNSSLCPVSGWAIYSKDNSVRIGSKGDVFVIREPFISCSPLECRTFFLTQGALLNDKHSNGTIKDRSPYRTLMSCPIGEVPSPYNSRFESVAWSASACHDGTNWLTIGISGPDSGAVAVLKYNGIITDTIKSWRNKILRTQESECACVNGSCFTIMTDGPSDGQASYKIFRIEKGKIIKSVEMKAPNYHYEECSCYPDSSEITCVCRDNWHGSNRPWVSFNQNLEYQMGYICSGVFGDNPRPNDKTGSCGPVSSNGANGVKGFSFKYGNGVWIGRTKSISSRKGFEMIWDPNGWTETDNKFSKKQDIVGINEWSGYSGSFVQHPELTGLNCIRPCFWVELIRGRPEENTIWTSGSSISFCGVDSDIMGWSWPDGAELPFTIDN,-1.0,-1.0,-1.0,-1.0
