season,name_0,cluster_count_0,cluster_area_0,ha_acc_0,ha_seq_0,na_acc_0,na_seq_0,name_1,cluster_count_1,cluster_area_1,ha_acc_1,ha_seq_1,na_acc_1,na_seq_1,name_who,ha_seq_who,na_seq_who,ldistance_WHO,na_who_error,ldistance_Qnet_recommendation,na_enet_error
03_04,A/Hong Kong/CUHK53327/2002,47,10.29116459855069,ACF36417.1 ,MKTIIALSYILCLVFAQKLPGNDNSTATLCLGHHAVPNGTIVKTITNDQIEVTNATELVQSSSTGGICDSPHQILDGENCTLIDALLGDPQCDGFQNKKWDLFVERSKAYSNCYPYDVPDYASLRSLVASSGTLEFNNESFNWTGVTQNGTSSACKRRSNKSFFSRLNWLTHLKYKYPALNVTMPNNEKFDKLYIWGVHHPGTDSDQISLYAQASGRITVSTKRSQQTVIPNIGSRPRVRDVSSRISIYWTIVKPGDILLINSTGNLIAPRGYFKIRSGKSSIMRSDAPIGKCNSECITPNGSIPNDKPFQNVNRITYGACPRYVKQNTLKLATGMRNVPEKQTRGIFGAIAGFIENGWEGMVDGWYGFRHQNSEGTGQAADLKSTQAAINQINGKLNRLIGKTNEKFHQIEKEFSEVEGRIQDLEKYVEDTKIDLWSYNAELLVALENQHTIDLTDSEMNKLFERTKKQLRENAEDMGNGCFKIYHKCDNACIESIRNGTYDHDVYRDEALNNRFQIKGVELKSGYKDWILWISFAISCFLLCVALLGFIMWACQKGNIRCNIC,ACF36698.1 ,MNPNQKIITIGSVSLTISTICFFMQIAILITTVTLHFKQYEFNSPPNNQVMLCEPTIIERNITKIVYLTNTTIEKEICPKLAEYRNWSKPQCNITGFAPFSKDNSIRLSAGGDIWVTREPYVSCDPDKCYQFALGQGTTLNNVHSNDTVHDRTPYRTLLMNELGVPFHLGTKQVCIAWSSSSCHDGKAWLHVCVTGDDENATASFIYNGRLVDSIVSWSKKILRTQESECVCINGTCTVVMTDGSASGKADTKILFIEEGKIVHTSTLSGSAQHVEECSCYPRYPGVRCVCRDNWKGSNRPIVDINIKDYSIVSSYVCSGLVGDTPRKNDSSSSSHCLDPNNEEGGHGVKGWAFDDGNDVWMGRTISEKLRSGYETFKVIEGWSNPNSKLQINRQVIVDRGNRSGYSGIFSVEGKSCINRCFYVELIRGRKQETEVLWTSNSIVVFCGTSGTYGTGSWPDGADINLMP,A/Netherlands/88/2003,9,10.81789887423166,AFG72867.1 ,MKTIIALSYILCLVFAQKLPGNDNSTATLCLGHHAVPNGTLVKTITNDQIEVTNATELVQSSSTGRICDSPHQILDGENCTLIDALLGDPHCDGFQNKEWDLFVERSKAYSNCYPYDVPDYVSLRSLVASSGTLEFNNESFNWTGVAQNGTSSACKRRSNKSFFSRLNWLHQLKNKYPALNVTMPNNEKFDKLYIWGVHHPGTDSDQISLYAQASGRVTVSTKRSQQTVIPNIGSRPRVRDISSRISIYWTIVKPGDILLINSTGNLIAPRGYFKIRSGKSSIMRSDAPIGKCNSECITPNGSIPNDKPFQNVNRITYGACPRYVKQNTLKLATGMRNVPEKQTRGIFGAIAGFIENGWEGMMDGWYGFRHQNSEGTGQAADLKSTQAAINQINGKLNRLIEKTNEKFHQIEKEFSEVEGRIQDLEKYVEDTKIDLWSYNAELLVALENQHTIDLTDSEMNKLFERTKKQLRENAEDMGNGCFKIYHKCDNACIGSIRNGTYDHDVYRDEALNNRFQIKGVELKSGYKDWILWISFAISCFLLCIVLLGFIMWACQKGNIRCNIC,AFG72870.1 ,MNPNQKIITIGSVSLTIATICFLMQIAILVTTVTLHFKQYECNSPPNNQVMLCEPTIIERNITEIVYLTNTTIEKEICPKLAEYRNWSKPQCNITGFAPFSKDNSIRLSAGGDIWVTREPYVSCDPDKCYQFALGQGTTLNNGHSNDTVHDRTPYRTLLMNELGVPFHLGTKQVCIAWSSSSCHDGKAWLHVCVTGDDENATASFIYNGRLVDSIGSWSKKILRTQESECVCINGTCTVVMTDGSTSGKADTKILFIEEGKIVHISTLSGSAQHVEECSCYPRYPGVRCVCRDNWKGSNRPIVDINVKDYSIVSSYVCSGLVGDTPRKNDSFSSSHCLDPNNEEGGHGVKGWAFDDGNDVWMGRTISEKLRSGYETFKVIEGWSKPNSKLQINRQVIVERGNRSGYSGIFSVESKSCINRCFYVELIRGRKEETEVWWTSNSIVVFCGTSGTYGTGSWPDGADINLMP,A/Moscow/10/99,MKTIIALSYILCLVFAQKLPGNDNSTATLCLGHHAVPNGTLVKTITNDQIEVTNATELVQSSSTGRICDSPHQILDGENCTLIDALLGDPHCDGFQNKEWDLFVERSKAYSNCYPYDVPDYASLRSLVASSGTLEFNNESFNWTGVAQNGTSSACKRRSIKSFFSRLNWLHQLENRYPALNVTMPNNDKFDKLYIWGVHHPSTDSVQTSVYVQASGRVTVSTKRSQQTVIPNIGSRPWVRGVSSRISIYWTIVKPGDILLINSTGNLIAPRGYFKIRSGKSSIMRSDAPIGKCNSECITPNGSIPNDKPFQNVNRITYGACPRYVKQNTLKLATGMRNVPEKQTRGIFGAIAGFIENGWEGMMDGWYGFRHQNSEGTGQAADLKSTQAAINQINGKLNRLIEKTNEKFHQIEKEFSEVEGRIQDLEKYVEDTKIDLWSYNAELLVALENQHTIDLTDSEMNKLFERTRKQLRENAEDMGNGCFKIYHKCDNACIGSIRNGTYDHDVYRDEALNNRFQIKGVELKSGYKDWILWISFAISCFLLCVVLLGFIMWACQKGNIRCNICI,MNPNQKIITIGSVSLTIATICFLMQIAILVTTVTLHFKQYECNSPPNNQVMLCEPTIIERNITEIVYLTNTTIEKEICPKLAKYRNWSKPQCNITGFAPFSKDNSIRLSAXGDIWVTREPYVSCDPDKCYQFALGQGTTLNNGHSNDTVHDRTPYRTLLMNELGVPFHLGTKQVCIAWSSSSCHDGKAWLHVCVTGDDENATASFIYNGRLVDSIGSWSKKILRTQESECVCINGTCTVVMTDGSASGKADTKILFIEEGKIVHTSPLSGSAQHVEXCSCYPRYPGVRCVCRDNWKGSNRPIVDINVKDYSIVSSYVCSGLVGDTPRKNDSSSSSHCLDPNNEEGGHGVKGWAFDDGNDVWMGRTISEKLRSGYETFKVIEGWSKXNSKLQINRQVIVDRGNRSGYSGIFSVEGKSCINRCFYVELIRGRKQETEVLWTSNSIVVFCGTSGTYGTGSWPDGADINLMPI,26.547826086956523,20.318840579710145,3.8318840579710143,12.11304347826087
04_05,A/Queensland/40/2003,271,155.5781927524663,ABL67363.1 ,MKTIIALSYILCLVFAQKLPGNDNSTATLCLGHHAVPNGTIVKTITNDQIEVTNATELVQSSSTGGICDSPHQILDGENCTLIDALLGDPQCDGFQNKKWDLFVERSKAYSNCYPYDVPDYASLRSLVASSGTLEFNNESFDWTGVTQNGTSSACKRRSNKSFFSRLNWLTHLKYKYPALNVTMPNNEKFDKLYIWGVHHPGTDSDQISLYAQASGRITVSTKRSQQTVIPNIGSRPRVRDVSSRISIYWTIVKPGDILLINSTGNLIAPRGYFKIRSGKSSIMRSDAPIGKCNSECITPNGSIPNDKPFQNVNRITYGACPRYVKQNTLKLATGMRNVPEKQTRGIFGAIAGFIENGWEGMVDGWYGFRHQNSEGTGQAADLKSTQAAINQINGKLNRLIGKTNEKFHQIEKEFSEVEGRIQDLEKYVEDTKIDLWSYNAELLVALENQHTIDLTDSEMNKLFERTKKQLRENAEDMGNGCFKIYHKCDNACIGSIRNGTYDHDVYRDEALNNRFQIKGVELKSGYKDWILWISFAISCFLLCVALLGFIMWACQKGNIRCNIC,ABL67366.1 ,MNPNQKIITIGSVSLTIATICFLMQIAILVTTVTLHFKQHECNSPPNNQVMLCEPTIIERNITEIVYLTNTTIEKEICPKLAEYRNWSKPQCNITGFAPFSKDNSIRLSAGGDIWVTREPYVSCDPDKCYQFALGQGTTLNNGHSNDTVHDRTPYRTLLMNELGVPFHLGTRQVCIAWSSSSCHDGKAWLHVCVTGDDKNATASFIYNGRLVDSIGSWSKKILRTQESECVCINGTCTVVMTDGSASGKADTRILFIEEGKIVHISTLSGSAQHVEECSCYPRYPGVRCVCRDNWKGSNRPIVDINVKDYSIVSSYVCSGLVGDTPRKNDSFSSSHCLDPNNEEGGHGVKGWAFDDGNDVWMGRTISEKLRSGYETFKVIEGWSKPNSKLQINRQVIVERGNRSGYSGIFSVEGKSCINRCFYVELIRGRKEETEVWWTSNSIVVFCGTSGTYGTGSWPDGADINLMP,A/Singapore/NHRC0001/2003,47,4.265508975910157,AEG65219.1 ,MKTIIALSYILCLVFAQKLPGNDNSTATLCLGHHAVPNGTIVKTITNDQIEVTNATELVQSSSTGGICDSPHQILDGENCTLIDALLGDPQCDGFQNKKWDLFVERSKAYSNCYPYDVPDYASLRSLVASSGTLEFNNESFNWTGVTQNGTSSACKRRSNKSFFSRLNWLTHLKFKYPALNVTMPNNEKFDKLYIWGVHHPGTDNDQISLYAQASGRITVSTKRSQQTVIPNIGSRPRVRDVPSRISIYWTIVKPGDILLINSTGNLIAPRGYFKIRSGKSSIMRSDAPIGKCNSECITPNGSIPNDKPFQNVNRITYGACPRYVKQNTLKLATGMRNVPEKQTRGIFGAIAGFIENGWEGMVDGWYGFRHQNSEGTGQAADLKSTQAAINQINGKLNRLIGKTNEKFHQIEKEFSEVEGRIQDLEKYVEDTKIDLWSYNAELLVALENQHTIDLTDSEMNKLFERTKKQLRENAEDMGNGCFKIYHKCDNACIGSIRNGTYDHDVYRDEALNNRFQIKGVELKSGYKDWILWISFAISCFLLCVALLGFIMWACQKGNIKCNIC,AEG65222.1 ,MNPNQKIITIGSVSLTISTICFFMQIAILITTVTLHFKQYEFNSPPNNQVMLCEPTIIERNITEIVYLTNTTIEKEICPKLAEYRNWSKPQCDITGFAPFSKDNSIRLSAGGDIWVTREPYVSCDPDKCYQFALGQGTTLNNVHSNDTVHDRTPYRTLLMNELGVPFHLGTKQVCIAWSSSSCHDGKAWLHVCVTGDDKNATASFIYNGRLVDSIVSWSKKILRTQESECVCINGTCTVVMTDGSASGKADTKILFIEEGKIVHTSTLSGSAQHVEECSCYPRYPGVRCVCRDNWKGSNRPIVDINIKDYSIVSSYVCSGLVGDTPRKNDSSSSSHCLDPNNEEGGHGVKGWAFDDGNDVWMGRTISEKLRSGYETFKVIEGWSNPNSKLQINRQVIVDRGNRSGYSGIFSVEGKSCINRCFYVELIRGRKEETEVLWTSNSIVVFCGTSGTYGTGSWPDGADINLMP,A/Fujian/411/2002,MKTIIALSYILCLVFAQKLPGNDNSTATLCLGHHAVPNGTIVKTITNDQIEVTNATELVQSSSTGGICDSPHQILDGENCTLIDALLGDPQCDGFQNKKWDLFVERSKAYSNCYPYDVPDYASLRSLVASSGTLEFNNESFNWTGVTQNGTSSACKRRSNKSFFSRLNWLTHLKYKYPALNVTMPNNEKFDKLYIWGVLHPGTDSDQISLYAQASGRITVSTKRSQQTVIPNIGSRPRVRGVSSRISIYWTIVKPGDILLINSTGNLIAPRGYFKIRSGKSSIMRSDAPIGKCNSECITPNGSIPNDKPFQNVNRITYGACPRYIKQNTLKLATGMRNVPEKQTRGIFGAIAGFIENGWEGMVDGWYGFRHQNSEGTGQAADLKSTQAAINQINGKLNRLIGKTNEKFHQIEKEFSEVEGRIQDLEKYVEDTKIDLWSYNAELLVALENQHTIDLTDSEMNKLFERTKKQLRENAEDMGNGCFKIYHKCDNACIGSIRNGTYDHDVYRDEALNNRFQIKGVELKSGYKDWILWISFAISCFLLCVALLGFIMWACQKGNIRCNICI,MNPNQKIITIGSVSLTISTICFFMQIAILITTVTLHFKQYEFNSPPNNQVMLCEPTIIERNITEIVYLTNTTIEKEICPKLAEYRNWSKPQCNITGFAPFSKDNSIRLSAGGDIWVTREPYVSCDPDKCYQFALGQGTTLNNVHSNDTVHDRTPYRTLLMNELGVPFHLGTKQVCIAWSSSSCHDGKAWLHVCVTGDDENATASFIYNGRLVDSIVSWSKKILRTQESECVCINGTCTVVMTDGSASGKADTKILFIEEGKIVHTSTLSGSAQHVEECSCYPRYPGVRCVCRDNWKGSNRPIVDINIKDYSIVSSYVCSGLVGDTPRKNDSSSSSHCLDPNNEEGGHGVKGWAFDDGNDVWMGRTISEKLRSGYETFKVIEGWSNPNSKLQINRQVIVDRGNRSGYSGIFSVEGKSCINRCFYVELIRGRKQETEVLWTSNSIVVFCGTSGTYGTGSWPDGADINLMPI,10.440944881889765,14.244094488188976,5.692913385826771,11.118110236220472
05_06,A/Canterbury/18/2004,171,63.48353264356875,ABC42662.1 ,MKTIIALSYILCLVFAQKLPGNDNSTATLCLGHHAVPNGTIVKTITNDQIEVTNATELVQSSSTGGICDSPHQILDGENCTLIDALLGDPQCDGFQNKKWDLFVERSKAYSNCYPYDVPDYASLRSLVASSGTLEFNNESFNWTGVTQNGTSSACKRRSNNSFFSRLNWLTHLKFKYPALNVTMPNNEKFDKLYIWGVHHPGTDNDQISLYAQASGRITVSTKRSQQTVIPNIGSRPRVRDIPSRISIYWTIVKPGDILLINSTGNLIAPRGYFKIRSGKSSIMRSDAPIGKCNSECITPNGSIPNDKPFQNVNRITYGACPRYVKQNTLKLATGMRNVPEKQTRGIFGAIAGFIENGWEGMVDGWYGFRHQNSEGIGQAADLKSTQAAINQINGKLNRLIGKTNEKFHQIEKEFSEVEGRIQDLEKYVEDTKIDLWSYNAEFLVALENQHTIDLTDSEMNKLFERTKKQLRENAEDMGNGCFKIYHKCDNACIGSIRNGTYDHDVYRDEALNNRFQIKGVELKSGYKDWILWISFAISCFLLCVALLGFIMWACQKGNIRCNIC,ABC42665.1 ,MNPNQKIITIGSVSLTISTICFFMQIAILITTVTLHFKQYEFNSPPNNQVMLCEPTIIERNITEIVYLTNTTIEKEICPKLAEYRNWSKPQCDITGFAPFSKDNSIRLSAGGDIWVTREPYVSCDPDKCYQFALGQGTTLNNVHSNDTVHDRTPYRTLLMNELGVPFHLGTKQVCIAWSSSSCHDGKAWLHVCVTGDDKNATASFIYNGRLVDSIVSWSKEILRTQESECVCINGTCTVVMTDGSASGKADTKILFIEEGKIVHTSTLSGSAQHVEECSCYPRYPGVRCVCRDNWKGSNRPIVDINIKDYSIVSSYVCSGLVGDTPRKNDSSSSSHCLDPNNEEGGHGVKGWAFDDGNDVWMGRTISEKLRSGYETFKVIEGWSNPNSKLQINRQVIVDRGNRSGYSGIFSVEGKSCINRCFYVELIRGRKEETEVLWTSNSIVVFCGTSGTYGTGSWPDGADINLMP,A/Tairawhiti/369/2004,23,53.28668906190472,ABC42629.1 ,MKTIIALSYILCLVFAQKLPGNDNSTATLCLGHHAVPNGTIVKTITNDQIEVTNATELVQSSSTGGICDSPHQILDGENCTLIDALLGDPQCDGFQNKKWDLFVERSKAYSNCYPYDVPDHASLRSLVASSGTLEFNNESFNWTGVTQNGTSSACKRRSNNSFFSRLNWLTHLKFKYPALNVTMPNNEKFDKLYIWGVHHPGTDNDQISLYAQASGRITVSTKRSQQTVIPNIGSRPRVRDIPSRISIYWTIVKPGDILLINSTGNLIAPRGYFKIRSGKSSIMRSDAPIGKCNSECITPNGSIPNDKPFQNVNRITYGACPRYVKQNTLKLATGMRNVPEKQTRGIFGAIAGFIENGWEGMVDGWYGFRHQNSEGTGQAADLKSTQAAINQINGKLNRLIGKTNEKFHQIEKEFSEVEGRIQDLEKYVEDTKIDLWSYNAELLVALENQHTIDLTDSEMNKLFERTKKQLRENAEDMGNGCFKIYHKCDNACIGSIRNGTYDHDVYRDEALNNRFQIKGVELKSGYKDWILWISFAISCFLLCVALLGFIMWACQKGNIRCNIC,ABC42632.1 ,MNPNQKIITIGSVSLTISTICFFMQIAILITTVTLHFKQYEFNSPPNNQVMLCEPTIIERNITEIVYLTNTTIEKEICPKLAEYRNWSKPQCDITGFAPFSKDNSIRLSAGGDIWVTREPYVSCDPDKCYQFALGQGTTLNNVHSNDTVHDRTPYRTLLMNELGVPFHLGTKQVCIAWSSSSCHDGKAWLHVCVTGDDKNATASFIYNGRLVDSIVSWSKEILRTQESECVCINGTCTVVMTDGSASGKADTKILFIEEGKIVHTSTLSGSAQHVEECSCYPRYPGVRCVCRDNWKGSNRPIVDINIKDYSIVSSYVCSGLVGDTPRKNDSSSSSHCLDPNNEEGGHGVKGWAFDDGNDVWMGRTISEKLRSGYETFKVIEGWSNPNSKLQINRQVIVDRGNRSGYSGIFSVEGKSCINRCFYVELIRGRKEETEVLWTSNSIVVFCGTSGTYGTGSWPDGADINLMP,A/California/7/2004,MKTIIALSYILCLVFAQKLPGNDNSTATLCLGHHAVPNGTIVKTITNDQIEVTNATELVQSSSTGGICDSPHQILDGENCTLIDALLGDPQCDGFQNKKWDLFVERSKAYSNCYPYDVPDYASLRSLVASSGTLEFNNESFNWTGVTQNGTSSACKRRSNKSFFSRLNWLTHLKYKYPALNVTMPNNEKFDKLYIWGVLHPGTDSDQIRLYAQASGRITVSTKRSQQTVIPNIGSRPRVRDVSSRISIYWTIVKPGDILLINSTGNLIAPRGYFKIRSGKSSIMRSDAPIGKCNSECITPNGSIPNDKPFQNVNRITYGACPRYIKQNTLKLATGMRNVPEKQTRGIFGAIAGFIENGWEGMVDGWYGFRHQNSEGTGQAADLKSTQAAINQINGKLNRLIGKTNEKFHQIEKEFSEVEGRIQDLEKYVEDTKIDLWSYNAELLVALENQYTIDLTDSEMNKLFERTKKQLRENAEDMGNGCFKIYHKCDNACIGSIRNGTYDHDVYRDEALNNRFQIKGVELKSGYKDWILWISFAISCFLLCVALLGFIMWACQKGNIRCNICI,MNPNQKIITIGSVSLTISTICFFMQIAILITTVTLHFKQYEFNSPPNNQVMLCEPTIIERNITEIVYLTNTTIEKEICPKLAEYRNWSKPQCNITGFAPFSKDNSIRLSAGGDIWVTREPYVSCDPDKCYQFALGQGTTLNNVHSNDTVHDRTPYRTLLMNELGVPFHLGTKQVCIAWSSSSCHDGKAWLHVCVTGDDENATASFIYNGRLVDSIVSWSKKILRTQESECVCINGTCTVVMTDGSASGKADTKILFIEEGKIVHTSTLSGSAQHVEECSCYPRYPGVRCVCRDNWKGSNRPIVDINIKDYSIVSSYVCSGLVGDTPRKNDSSSSSHCLDPNNEEGGHGVKGWAFDDGNDVWMGRTISEKLRSGYETFKVIEGWSNPNSKLQINRQVIVDRGNRSGYSGIFSVEGKSCINRCFYVELIRGRKQETEVLWTSNSIVVFCGTSGTYGTGSWPDGADINLMPI,13.0,5.831168831168832,5.103896103896104,3.5259740259740258
06_07,A/Mexico/TLA2227/2005,131,68.74851539219718,AIC64901.1 ,MKTIIALSYILCLVFAQKLPGNDNSTATLCLGHHAVPNGTIVKTITNDQIEVTNATELVQNSSTGEICNSPHQILDGENCTLIDALLGDPQCDGFQNKKWDLFVERSKAYSNCYPYDVPDYASLRSLVASSGTLEFNNESFNWTGVTQNGTSSACKRRSNNSFFSRLNWLTHLKFKYPALNVTMPNNEKFDKLYIWGVHHPGTDNDQIFLYAQASGRITVSTKRSQQTVIPNIGSRPRVRNIPSRISIYWTIVKPGDILLINSTGNLIAPRGYFKIRSGKSSIMRSDAPIGKCNSECITPNGSIPNDKPFQNVNRITYGACPRYVKQNTLKLATGMRNVPEKQTRGIFGAIAGFIENGWEGMVDGWYGFRHQNSEGIGQAADLKSTQAAINQINGKLNRLIGKTNEKFHQIEKEFSEVEGRIQDLEKYVEDTKIDLWSYNAELLVALENQHTIDLTDSEMNKLFERTKKQLRENAEDMGNGCFKIYHKCDNACIGSIRNGTYDHDVYRDEALNNRFQIKGVELKSGYKDWILWISFAISCFLLCVALLGFIMWACQKGNIRCNIC,AIC64903.1 ,MNPNQKIITIGSVSLTISTICFFMQIAILITTVTLHFKQYEFNSPPNNQVMLCEPTIIERNITEIVYLTNTTIEKEICPKLAEYRNWSKPQCNITGFAPFSKDNSIRLSAGGDIWVTREPYVSCDPDKCYQFALGQGTTLNNVHSNDTVHDRTPYRTLLMNELGVPFHLGTKQVCIAWSSSSCHDGKAWLHVCVTGDDKNATASFIYNGRLVDSIVSWSKEILRTQESECVCINGTCTVVMTDGSASGKADTKILFIEEGKIVHTSTLSGSAQHVEECSCYPRYPGVRCVCRDNWKGSNRPIVDINITDYSIVSSYVCSGLVGDTPRKNDSSSSSHCLDPNNEEGGHGVKGWAFDDGNDVWMGRTISEKLRSGYETFKVIEGWSNPNSKLQINRQVIVDRGNRSGYSGIFSVEGKSCINRCFYVELIRGRKEETEVLWTSNSIVVFCGTSGTYGTGSWPDGADINLMP,A/New_York/1034/2006,3,12.49693894134975,EPI524698,MKTIIALSYILCLVFAQKLPGNDNSTATLCLGHHAVPNGTIVKTITNDQIEVTNATELVQSSSTGGICDSPHQILDGENCTLIDALLGDPQCDGFQNKKWDLFVERSKAYSNCYPYDVPDYASLRSLVASSGTLEFNNESFNWTGVTQNGTSSACKRRSNNSFFSRLNWLTHLKFKYPALNVTMPNNEKFDKLYIWGVHHPGTDNDQIFLYAQASGRITVSTKRSQQTVIPNIGSRPRVRNIPSRISIYWTIVKPGDILLINSTGNLIAPRGYFKIRSGKSSIMRSDAPIGKCNSECITPNGSIPNDKPFQNVNRITYGACPRYVKQNTLKLATGMRNVPEKQTRGIFGAIAGFIENGWEGMVDGWYGFRHQNSEGIGQAADLKSTQAAIDQINGKLNRLIGKTNEKFHQIEKEFSEVEGRIQDLEKYVEDTKIDLWSYNAELLVALENQHTIDLTDSEMNKLFEKTKKQLRENAEDMGNGCFKIYHKCDNACIGSIRNGTYDHDVYRDEALNNRFQIKGVELKSGYKDWILWISFAISCFLLCVALLGFIMWACQKGNIRCNIC,EPI524700,MNPNQKIITIGSVSLTISTICFFMQIAILITTVTLHFKQYEFNSPPNNQVMLCEPTIIERNITEIVYLTNTTIEKEICPKLAEYRNWSKPQCSITGFAPFSKDNSIRLSAGGDIWVTREPYVSCDPDKCYQFALGQGTTLNNVHSNDTVHDRTPYRTLLMNELGVPFHLGTKQVCIAWSSSSCHDGKAWLHVCVTGDDKNATASFIYNGRLVDSIVSWSKEILRTQESECVCINGTCTVVMTDGSASGKADTKILFIEEGKIVHTSTLSGSAQHVEECSCYPRYPGVRCVCRDNWKGSNRPIVDINIKDYSIVSSYVCSGLVGDTPRKNDRSSSSHCLDPNNEEGGHGVKGWAFDDGNDVWMGRTISEKSRSGYETFKVIEGWSNPHSKLQINRQVIVDRGNRSGYSGIFSVEGKSCINRCFYVELIRGRKEETEVLWTSNSIVVFCGTSGTYGTGSWPDGADINLMP,A/Wisconsin/67/2005,MKTIIALSYILCLVFAQKLPGNDNSTATLCLGHHAVPNGTIVKTITNDQIEVTNATELVQSSSTGGICDSPHQILDGENCTLIDALLGDPQCDGFQNKKWDLFVERSKAYSNCYPYDVPDYASLRSLVASSGTLEFNDESFNWTGVTQNGTSSSCKRRSNNSFFSRLNWLTHLKFKYPALNVTMPNNEKFDKLYIWGVHHPVTDNDQIFLYAQASGRITVSTKRSQQTVIPNIGSRPRIRNIPSRISIYWTIVKPGDILLINSTGNLIAPRGYFKIRSGKSSIMRSDAPIGKCNSECITPNGSIPNDKPFQNVNRITYGACPRYVKQNTLKLATGMRNVPEKQTRGIFGAIAGFIENGWEGMVDGWYGFRHQNSEGIGQAADLKSTQAAINQINGKLNRLIGKTNEKFHQIEKEFSEVEGRIQDLEKYVEDTKIDLWSYNAELLVALENQHTIDLTDSEMNKLFERTKKQLRENAEDMGNGCFKIYHKCDNACIGSIRNGTYDHDVYRDEALNNRFQIKGVELKSGYKDWILWISFAISCFLLCVALLGFIMWACQKGNIRCNICI,MNPNQKIITIGSVSLTISTICFFMQIAILITTVTLHFKQYEFNSPPNNQVMLCEPTIIERNITEIVYLTNTTIEKEICPKLAEYRNWSKPQCNITGFAPFSKDNSIRLSAGGDIWVTREPYVSCDPDKCYQFALGQGTTLNNVHSNDTVHDRTPYRTLLMNELGVPFHLGTKQVCIAWSSSSCHDGKAWLHVCVTGDDKNATASFIYNGRLVDSIVSWSKEILRTQESECVCINGTCTVVMTDGSASGKADTKILFIEEGKIVHTSTLSGSAQHVEECSCYPRYLGVRCVCRDNWKGSNRPIVDINIKDYSIVSSYVCSGLVGDTPRKNDSSSSSHCLDPNNEEGGHGVKGWAFDDGNDVWMGRTISEKLRSGYETFKVIEGWSNPNSKLQINRQVIVDRGNRSGYSGIFSVEGKSCINRCFYVELIRGRKEETEVLWTSNSIVVFCGTSGTYGTGSWPDGADINLMPI,10.897727272727272,8.053030303030303,5.674242424242424,7.537878787878788
07_08,A/Mexico/MEX2640/2005,130,6.894086943888328,AIC64949.1 ,MKTIIALSYILCLVFAQKLPGNDNSTATLCLGHHAVPNGTIVKTITNDQIEVTNATELVQSSSTGEICDSPHQILDGENCTLIDALLGDPQCDGFQNKKWDLFVERSKAYSNCYPYDVPDYASLRSLVASSGTLEFNNESFNWTGVTQNGTSSACIRRSNNSFFSRLNWLTHLKFKYPALNVTMPNNEKFDKLYIWGVHHPGTDNDQIFLYAQASGRITVSTKRSQQTVIPNVGSRPRVRNIPSRISIYWTIVKPGDILLINSTGNLIAPRGYFKIRSGKSSIMRSDAPIGKCNSECITPNGSIPNDKPFQNVNRITYGACPRYVKQNTLKLATGMRNVPEKQTRGIFGAIAGFIENGWEGMVDGWYGFRHQNSEGIGQAADLKSTQAAIDQINGKLNRLIGKTNEKFHQIEKEFSEVEGRIQDLEKYVEDTKIDLWSYNAELLVALENQHTIDLTDSEMNKLFEKTKKQLRENAEDMGNGCFKIYHKCDNACIGSIRNGTYDHDVYRDEALNNRFQIKGVELKSGYKDWILWISFAISCFLLCVALLGFIMWACQKGNIRCNIC,AIC64951.1 ,MNPNQKIITIGSVSLTISTICFFMQTAILITTVTLHFKQYEFNSPPNNQVMLCEPTIIERNITEIVYLTNTTIEKEICPKLAEYRNWSKPQCDITGFAPFSKDNSIRLSAGGDIWVTREPYVSCDPDKCYQFALGQGTTLNNVHSNDTVRDRTPYRTLLMNELGVPFHLGTKQVCIAWSSSSCHDGKAWLHVCITGDDKNATASFIYNGRLVDSIVSWSKEILRTQESECVCINGTCTVVMTDGSASGKADTKILFIEEGKIVHTSTLSGSAQHVEECSCYPRYPGVRCVCRDNWKGSNRPIVDINIKDHSIVSSYVCSGFVGDTPRKNDSSSSSHCLDPNNEEGGHGVKGWAFDDGNDVWMGRTISEKSRLGYETFKVIEGWSNPKSKLQINRQVIVDRGNRSGYSGIFSVESKSCINRCFYVELIRGRKEETEVLWTSNSIVVFCGTSGTYGTGSWPDGADINLMP,A/Madagascar/2694/2006,72,10.830802216720018,EPI155448,MKTIIALSYILCLVFAQKLPGIDNSTATLCLGHHAVPNGTIVKTITNDQIEVTNATELVQSSSTGGICDSPHQILDGENCTLIDALLGDPQCDGFQNKKWDLFVERSKAYSNCYPYDVPDYASLRSLVASSGTLEFNNESFNWTGVTQNGTSSACKRGSNNSFFSRLNWLTHSKFKYPALNVTMPNNEEFDKLYIWGVHHPGTDNDQIFLYAQASGRITVSTKRSQQTVIPNIGSRPRVRNIPSRISIYWTIVKPGDILLINSTGNLIAPRGYFKIRSGKSSIMRSDAPIGKCNSECITPNGSIPNDKPFQNVNRITYGACPRYVKQNTLKLATGMRNVPEKQTRGIFGAIAGFIENGWEGMVDGWYGFRHQNSEGIGQAADLKSTQAAIDQINGKLNRLIGKTNEKFHQIEKEFSEVEGRIQDLEKYVEDTKIDLWSYNAELLVALENQHTIDLTDSEMNKLFEKTKKQLRENAEDMGNGCFKIYHKCDNACIGSIRNGTYDHDVYRDEALNNRFQIKGVELKSGYKDWILWISFAISCFLLCVALLGFIMWACQKGNIRCNIC,EPI155447,MNPNQKIITIGSVSLTISTICFFMQIAILITTVTLHFKQYEFSSPPNNQVMLCEPTIIERNITEIVYLTNTTIEKEICPKLAEYRNWSKPQCDITGFAPFSKDNSIRLSAGGDIWVTREPYVSCDPDKCYQFALGQGTTLNNVHSNDTVHXRTPYRTLLMNELGVPFHLGTKQVCIAWSSSSCHDGKAWLHVCVTGDDKNATASFIYNGRLVDSIVSWSKEILRTQESECVCINGTCTVVMTDGSASGKADTKILFIEEGKIVHTSTLSGSAQHVEECSCYPRYPGVRCVCRDNWKGSNRPIVDINIKDYSIVSRYVCSGLVGDTPRKNDSSSSSHCLDPNNEEGGHGVKGWAFDDGNDVWMGRTISERSRSGYETFKVIEGWSNPNSKLQINRQVIVDRGNRSGYSGIFSVEGKSCINRCFYVELIRGRKEETEVLWTSNSIVVFCGTSGTYGTGSWPDGADINLMP,A/Wisconsin/67/2005,MKTIIALSYILCLVFAQKLPGNDNSTATLCLGHHAVPNGTIVKTITNDQIEVTNATELVQSSSTGGICDSPHQILDGENCTLIDALLGDPQCDGFQNKKWDLFVERSKAYSNCYPYDVPDYASLRSLVASSGTLEFNDESFNWTGVTQNGTSSSCKRRSNNSFFSRLNWLTHLKFKYPALNVTMPNNEKFDKLYIWGVHHPVTDNDQIFLYAQASGRITVSTKRSQQTVIPNIGSRPRIRNIPSRISIYWTIVKPGDILLINSTGNLIAPRGYFKIRSGKSSIMRSDAPIGKCNSECITPNGSIPNDKPFQNVNRITYGACPRYVKQNTLKLATGMRNVPEKQTRGIFGAIAGFIENGWEGMVDGWYGFRHQNSEGIGQAADLKSTQAAINQINGKLNRLIGKTNEKFHQIEKEFSEVEGRIQDLEKYVEDTKIDLWSYNAELLVALENQHTIDLTDSEMNKLFERTKKQLRENAEDMGNGCFKIYHKCDNACIGSIRNGTYDHDVYRDEALNNRFQIKGVELKSGYKDWILWISFAISCFLLCVALLGFIMWACQKGNIRCNICI,MNPNQKIITIGSVSLTISTICFFMQIAILITTVTLHFKQYEFNSPPNNQVMLCEPTIIERNITEIVYLTNTTIEKEICPKLAEYRNWSKPQCNITGFAPFSKDNSIRLSAGGDIWVTREPYVSCDPDKCYQFALGQGTTLNNVHSNDTVHDRTPYRTLLMNELGVPFHLGTKQVCIAWSSSSCHDGKAWLHVCVTGDDKNATASFIYNGRLVDSIVSWSKEILRTQESECVCINGTCTVVMTDGSASGKADTKILFIEEGKIVHTSTLSGSAQHVEECSCYPRYLGVRCVCRDNWKGSNRPIVDINIKDYSIVSSYVCSGLVGDTPRKNDSSSSSHCLDPNNEEGGHGVKGWAFDDGNDVWMGRTISEKLRSGYETFKVIEGWSNPNSKLQINRQVIVDRGNRSGYSGIFSVEGKSCINRCFYVELIRGRKEETEVLWTSNSIVVFCGTSGTYGTGSWPDGADINLMPI,11.164619164619165,15.201474201474202,4.312039312039312,10.02948402948403
08_09,A/LangSon/LS218/2007,175,6.406209624256584,AEX36179.1 ,MKTIIALSYILCLVFAQKLPGNDNSTATLCLGHHAVPNGTIVKTITNDQIEVTNATELVQSSSTGEICDSPHQILDGENCTLIDALLGDPQCDGFQNKKWDLFVERSKAYSNCYPYDVPDYASLRSLVASSGTLEFNNESFNWTGVTQNGTSSACIRRSNNSFFSRLNWLTHLKFKYPALNVTMPNNEQFDKLYIWGVHHPGTDNDQIFLYAQASGRITVSTKRSQQTVIPNIGSRPRVRNIPSRISIYWTIVKPGDILLINSTGNLIAPRGYFKIRSGKSSIMRSDAPIGKCNSECITPNGSIPNDKPFQNVNRITYGACPRYVKQNTLKLATGMRNVPEKQTRGIFGAIAGFIENGWEGMVDGWYGFRHQNSEGRGQAADLKSTQAAIDQINGKLNRLIGKTNEKFHQIEKEFSEVEGRIQDLEKYVEDTKIDLWSYNAELLVALENQHTIDLTDSEMNKLFEKTKKQLRENAEDMGNGCFKIYHKCDNACIGSIRNGTYDHDVYRDEALNNRFQIKGVELKSGYKDWILWISFAISCFLLCVALLGFIMWACQKGNIRCNIC,AEX36182.1 ,MNPNQKIITIGSVSLTISTICFFMQIAILITTVTLHFKQYEFNSPPNNQVMLCEPTIIERNITEIVYLTNTTIEKEICPKLAEYRNWSKPQCDITGFAPFSKDNSIRLSAGGDIWVTREPYVSCDPDKCYQFALGQGTTLNNVHSNDTVRNRTPYRTLLMNELGVPFHLGTKQVCIAWSSSSCHDGKAWLHVCITGDDKNATASFIYNGRLVDSVVSWSKEILRTQESECVCINGTCTVVMTDGSASGKADTKILFIEEGKIVHTSTLSGSAQHVEECSCYPRYPGVRCVCRDNWKGSNRPIVDINIKDHSIVSSYVCSGLVGDTPRKNDSSSSSHCLDPNNEEGGHGVKGWAFDDGNDVWMGRTISEKSRLGYETFKVIEGWSNPKSKLQINRQVIVDRGNRSGYSGIFSVEGKSCINRCFYVELIRGRKEETEVLWTSNSIVVFCGTSGTYGTGSWPDGADINLMP,A/Malaysia/1767091/2007,115,22.83307007236683,AFJ78166.1 ,MKTIIALSYILCLVFAQKLPGNDNSTATLCLGHHAVPNGTIVKTITNDQIEVTNATELVQSSSTGEICDSPHQILDGENCTLIDALLGDPQCDGFQNKKWDLFVERSKAYSNCYPYDVPDYASLRSLVASSGTLEFNNESFNWTGVTQNGTSSACIRRSNNSFFSRLNWLTHLKFKYPALNVTMPNNEEFDKLYIWGVHHPGTDNDQIFLYAQASGRITVSTKRSQQTVIPNIGSRPRVRNIPSRISIYWTIVKPGDILLINSTGNLIAPRGYFKIRSGKSSIMRSDAPIGKCNSECITPNGSIPNDKPFQNVNRITYGACPRYVKQNTLKLATGMRNVPEKQTRGIFGAIAGFIENGWEGMVDGWYGFRHQNSEGIGQAADLKSTQAAIDQINGKLNRLIGKTNEKFHQIEKEFSEVEGRIQDLEKYVEDTKIDLWSYNAELLVALENQHTIDLTDSEMNKLFEKTKRQLRENAEDMGNGCFKIYHKCDNACIGSIRNGTYDHDVYRDEALNNRFQIKGVELKSGYKDWILWISFAISCFLLCVALLGFIMWACQKGNIRCNIC,AFJ78169.1 ,MNPNQKIITIGSVSLTISTICFFMQIAILITTVTLHFKQYEFNSPPNNQVMLCEPTIIERNITEIVYLTNTTIEKEICPKLAEYRNWSKPQCDITGFAPFSKDNSIRLSAGGDIWVTREPYVSCDPDKCYQFALGQGTTLNNVHSNDTVRDRTPYRTLLMNELGVPFHLGTKQVCIAWSSSSCHDGKAWLHVCITGDDKNATASFIYNGRLVDSIVSWSKEILRTQESECVCINGTCTVVMTDGSASGKADTKILFIEEGKIVHTSTLSGSAQHVEECSCYPRYPGVRCVCRDNWKGSNRPIVDINIKDHSIVSSYVCSGLVGDTPRKNDSSSSSHCLDPNNEEGGHGVKGWAFDDGNDVWMGRTISEKSRLGYETFKVIEGWSNPKSKLQINRQVIVDRGNRSGYSGIFSVEGKSCINRCFYVELIRGRKEETEVLWTSNSIVVFCGTSGTYGTGSWPDGADINLMP,A/Brisbane/10/2007,MKTIIALSYILCLVFTQKLPGNDNSTATLCLGHHAVPNGTIVKTITNDQIEVTNATELVQSSSTGEICDSPHQILDGENCTLIDALLGDPQCDGFQNKKWDLFVERSKAYSNCYPYDVPDYASLRSLVASSGTLEFNNESFNWTGVTQNGTSSACIRRSNNSFFSRLNWLTHLKFKYPALNVTMPNNEKFDKLYIWGVHHPGTDNDQIFLYAQASGRITVSTKRSQQTVIPNIGSRPRVRNIPSRISIYWTIVKPGDILLINSTGNLIAPRGYFKIRSGKSSIMRSDAPIGKCNSECITPNGSIPNDKPFQNVNRITYGACPRYVKQNTLKLATGMRNVPEKQTRGIFGAIAGFIENGWEGMVDGWYGFRHQNSEGIGQAADLKSTQAAIDQINGKLNRLIGKTNEKFHQIEKEFSEVEGRIQDLEKYVEDTKIDLWSYNAELLVALENQHTIDLTDSEMNKLFEKTKKQLRENAEDMGNGCFKIYHKCDNACIGSIRNGTYDHDVYRDEALNNRFQIKGVELKSGYKDWILWISFAISCFLLCVALLGFIMWACQKGNIRCNICI,MNPNQKIITIGSVSLTISTICFFMQIAILITTVTLHFKQYEFNSPPNNQVMLCEPTIIERNITEIVYLTNTTIEKEICPKLAEYRNWSKPQCDITGFAPFSKDNSIRLSAGGDIWVTREPYVSCDPDKCYQFALGQGTTLNNVHSNDTVRDRTPYRTLLMNELGVPFHLGTKQVCIAWSSSSCHDGKAWLHVCITGDDKNATASFIYNGRLVDSIVSWSKEILRTQESECVCINGTCTVVMTDGSASGKADTKILFIEEGKIVHTSTLSGSAQHVEECSCYPRYPGVRCVCRDNWKGSNRPIVDINIKDHSTVSSYVCSGLVGDTPRKNDSSSSSHCLDPNNEEGGHGVKGWAFDDGNDVWMGRTISEKSRLGYETFKVIEGWSNPKSKLQINRQVIVDRGNRSGYSGIFSVEGKSCINRCFYVELIRGRKEETEVLWTSNSIVVFCGTSGTYGTGSWPDGADINLMPI,4.968354430379747,5.113924050632911,2.34493670886076,3.84493670886076
09_10,A/Pennsylvania/PIT43/2008,246,176.71765030856412,ACI26538.1 ,MKTIIALSYILCLVFAQKLPGNDNSTATLCLGHHAVPNGTIVKTITNDQIEVTNATELVQSSSTGEICDSPHQILDGENCTLIDALLGDPQCDGFQNKKWDLFVERSKAYSNCYPYDVPDYASLRSLVASSGTLEFNNESFNWTGVTQNGTSSACIRRSNNSFFSRLNWLTHLKFKYPALNVTMPNNEQFDKLYIWGVHHPGTDNDQIFLYAQASGRITVSTKRSQQTVIPNIGSRPRVRNIPSRISIYWTIVKPGDILLINSTGNLIAPRGYFKIRSGKSSIMRSDAPIGKCNSECITPNGSIPNDKPFQNVNRITYGACPRYVKQNTLKLATGMRNVPDKQTRGIFGAIAGFIENGWEGMVDGWYGFRHQNSEGRGQAADLKSTQAAIDQINGKLNRLIGKTNEKFHQIEKEFSEVEGRIQDLEKYVEDTKIDLWSYNAELLVALENQHTIDLTDSEMNKLFEKTKKQLRENAEDMGNGCFKIYHKCDNACIGSIRNGTYDHDVYRDEALNNRFQIKGVELKSGYKDWILWISFAISCFLLCVALLGFIMWACQKGNIRCNIC,ACI26541.1 ,MNPNQKIITIGSVSLTISTICFFMQIAILITTVTLHFKQYEFNSPPNNQVMLCEPTIIERNITEIVYLTNTTIEKEICPKLAEYRNWSKPQCDITGFAPFSKDNSIRLSAGGDIWVTREPYVSCDPDKCYQFALGQGTTLNNVHSNDTVRDRTPYRTLLMNELGVPFHLGTKQVCIAWSSSSCHDGKAWLHVCITGDDKNATASFIYNGRLVDSVVSWSKEILRTQESECVCINGTCTVVMTDGSASGKADTKILFIEEGKIVHTSTLSGSAQHVEECSCYPRYPGVRCVCRDNWKGSNRPIVDINIKDHSIVSSYVCSGLVGDTPRKNDSSSSSHCLDPNNEEGGHGVKGWAFDDGNDVWMGRTISEKSRLGYETFKVIEGWSNPKSKLQINRQVIVDRGNRSGYSGIFSVEGKSCINRCFYVELIRGRKEETEVLWTSNSIVVFCGTSGTYGTGSWPDGADINLMP,A/Managua/5/2007,8,1.9488213696610788,ACF54543.1 ,MKTIIALSYILCLVFAQKLPGNDNSTATLCLGHHAVPNGTIVKTITNDQIEVTNATELVQSSSTGEICDSPHQILDGENCTLIDALLGDPQCDGFQNKKWDLFVERSKAYSNCYPYDVPDYVSLRSLVASSGTLEFNNESFNWTGVTQNGTSSACIRRSNNSFFSRLNWLTHLKFKYPALNVTMPNNENFDKLYIWGVHHPGTDNDQIFLYAQASGRITVSTKRSQQTVIPNIGSRPRVRNIPSRISIYWTIVKPGDILLINSTGNLIAPRGYFKIRSGKSSIMRSDAPIGKCNSECITPNGSIPNDKPFQNVNRITYGACPRYVKQNTLKLATGMRNVPEKQTRGIFGAIAGFIENGWEGMVDGWYGFRHQNSEGIGQAADLKSTQAAIDQINGKLNRLIGKTNEKFHQIEKEFSEVEGRIQDLEKYVEDTKIDLWSYNAELLVALENQHTIDLTDSEMNKLFEKTKKQLRENAEDLGNGCFKIYHKCDNACIGSIRNGTYDHDVYRDEALNNRFQIKGVELKSGYKDWILWISFAISCFLLCVALLGFIMWACQKGNIRCNIC,ACF54546.1 ,MNPNQKIITIGSVSLTISTIGFFMQTAILITTVTLHFKQYEFNSPPNNQVMLCEPTIIERNITEIVYLTNTTIEKEICPKLAEYRNWSKPQCDITGFAPFSKDNSIRLSAGGDIWVTREPYVSCDPDKCYQFALGQGTTLNNVHSNDTVRGRTPYRTLLMNELGVPFHLGTKQVCIAWSSSSCHDGKAWLHVCITGDDKNATASFIYNGRLVDSIVSWSKEILRTQESECVCINGTCTVVMTDGSASGKADTKILFIEEGKIVHTSTLSGSAQHVEECSCYPRYPGVRCVCRDNWKGSNRPIVDINIKDHSIVSSYVCSGLVGDTPRKNDSSSSSHCLDPNNEEGGHGVKGWAFDDGNDVWMGRTISEKSRLGYETFKVIEGWSNPKSKLQINRQVIVDRGNRSGYSGIFSVEGKSCINRCFYVELIRGRKEETEVLWTSNSIVVFCGTSGTYGTGSWPDGADINLMP,A/Brisbane/10/2007,MKTIIALSYILCLVFTQKLPGNDNSTATLCLGHHAVPNGTIVKTITNDQIEVTNATELVQSSSTGEICDSPHQILDGENCTLIDALLGDPQCDGFQNKKWDLFVERSKAYSNCYPYDVPDYASLRSLVASSGTLEFNNESFNWTGVTQNGTSSACIRRSNNSFFSRLNWLTHLKFKYPALNVTMPNNEKFDKLYIWGVHHPGTDNDQIFLYAQASGRITVSTKRSQQTVIPNIGSRPRVRNIPSRISIYWTIVKPGDILLINSTGNLIAPRGYFKIRSGKSSIMRSDAPIGKCNSECITPNGSIPNDKPFQNVNRITYGACPRYVKQNTLKLATGMRNVPEKQTRGIFGAIAGFIENGWEGMVDGWYGFRHQNSEGIGQAADLKSTQAAIDQINGKLNRLIGKTNEKFHQIEKEFSEVEGRIQDLEKYVEDTKIDLWSYNAELLVALENQHTIDLTDSEMNKLFEKTKKQLRENAEDMGNGCFKIYHKCDNACIGSIRNGTYDHDVYRDEALNNRFQIKGVELKSGYKDWILWISFAISCFLLCVALLGFIMWACQKGNIRCNICI,MNPNQKIITIGSVSLTISTICFFMQIAILITTVTLHFKQYEFNSPPNNQVMLCEPTIIERNITEIVYLTNTTIEKEICPKLAEYRNWSKPQCDITGFAPFSKDNSIRLSAGGDIWVTREPYVSCDPDKCYQFALGQGTTLNNVHSNDTVRDRTPYRTLLMNELGVPFHLGTKQVCIAWSSSSCHDGKAWLHVCITGDDKNATASFIYNGRLVDSIVSWSKEILRTQESECVCINGTCTVVMTDGSASGKADTKILFIEEGKIVHTSTLSGSAQHVEECSCYPRYPGVRCVCRDNWKGSNRPIVDINIKDHSTVSSYVCSGLVGDTPRKNDSSSSSHCLDPNNEEGGHGVKGWAFDDGNDVWMGRTISEKSRLGYETFKVIEGWSNPKSKLQINRQVIVDRGNRSGYSGIFSVEGKSCINRCFYVELIRGRKEETEVLWTSNSIVVFCGTSGTYGTGSWPDGADINLMPI,9.184,5.856,7.216,3.912
10_11,A/Stockholm/89/2009,54,30.24361026596188,EPI238687,MKTIIALSYILCLVFAQKLPGNDNSTATLCLGHHAVPNGTIVKTITNDQIEVTNATELVQSSSTGEICDSPHQILDGENCTLIDALLGDPQCDGFQNKKWDLFVERSKAYSNCYPYDVPDYASLRSLVASSGTLEFNNESFNWTGVTQNGTSSACIRKSNNSFFSRLNWLTHLNFKYPALNVTMPNNEQFDKLYIWGVHHPGTDKDQIFLYAQASGRITVSTKRSQQAVIPNIGSRPRVRNIPSRISIYWTIVKPGDILLINSTGNLIAPRGYFKIRSGKSSIMRSDAPIGKCNSGCITPNGSIPNDKPFQNVNRITYGACPRYVKQNTLKLATGMRNVPEKQTRGIFGAIAGFIENGWEGMVDGWYGFRHQNSEGRGQAADLKSTQAAIDQINGKLNRLIGKTNEKFHQIEKEFSEVEGRIQDLEKYVEDTKIDLWSYNAELLVALENQHTIDLTDSEMNKLFEKTKKQLRENAEDMGNGCFKIYHKCDNACIGSIRNGTYDHDVYRDEALNNRFQIKGVELKSGYKDWILWISFAISCFLLCVALLGFIMWACQKGNIRCNIC,EPI238688,MNPNQKIITIGSVSLTISIICFFMQTAILITTVTLHFKQCEFNSPPNNQVMLCEPTIIERNITEIVYLTNTTIEKEICPKLAEYRNWSKPQCDITGFAPFSKDNSIRLSAGGDIWVTREPYVSCDPDKCYQFALGQGTTLNNVHSNNTVRDRTPYRTLLMNELGVPFHLGTKQVCIAWSSSSCHDGKAWLHVCITGDDKNATASFIYNGRLVDSVVSWSKEILRTQESECVCINGTCTVVMTDGSASGKADTKILFIEEGKIVHTSTLSGSAQHVEECSCYPRYPGVRCVCRDNWKGSNRPIVDINIKDHSIVSSYVCSGLVGDTPRKNDSSSSSHCLDPNNEEGGHGVKGWAFDDGNDVWMGRTISEKSRLGYETFKVIEGWSNPKSKLQINRQVIVDRGNRSGYSGIFSVEGKSCINRCFYVELIRGRKEETEVLWTSNSIVVFCGTSGTYGTGSWPDGADINLMP,A/Bordeaux/1942/2009,53,27.69878615629213,AJK03365.1 ,MKTIIALSYILCLVFAQKLPGNDNSTATLCLGHHAVPNGTIVKTITNDQIEVTNATELVQSSSTGEICDSPHQILDGKNCTLIDALLGDPQCDGFQNKKWDLFVERSKAYSNCYPYDVPDYASLRSLVASSGTLEFNNESFNWTGVTQNGTSSACIRRSKNSFFSRLNWLTHLNFKYPALNVTMPNNEQFDKLYIWGVHHPGTDKDQIFLYAQASGRITVSTKRSQQTVIPNIGSRPRVRNIPSRVSIYWTIVKPGDILLINSTGNLIAPRGYFKIRSGKSSIMRSDAPIGKCNSECITPNGSIPNDKPFQNVNRITYGACPRYVKQNTLKLATGMRNVPEKQTRGIFGAIAGFIENGWEGMVDGWYGFRHQNSEGRGQAADLKSTQAAIDQINGKLNRLIGKTNEKFHQIEKEFSEVEGRIQDLEKYVEDTKIDLWSYNAELLVALENQHTIDLTDSEMNKLFEKTKKQLRENAEDMGNGCFKIYHKCDNACIGSIRNGTYDHDVYRDEALNNRFQIKGVELKSGYKDWILWISFAISCFLLCVALLGFIMWACQKGNIRCNIC,EPI232965,MNPNQKIITIGSVSLTISTICFFMQIAILITTVTLHFKQYEFNSPPNNQVMLCEPTIIERNITEIVYLTNTTIEKEICPKLAEYRNWSKPQCDITGFAPFSKDNSIRLSAGGDIWVTREPYVSCDPDKCYQFALGQGTTLNNVHSNNTVRDRTPYRTLLMNELGVPFHLGTKQVCIAWSSSSCHDGKAWLHVCITGDDKNATASFIYNGRLVDSVVSWSKEILRTQESECVCINGTCTVVMTDGSASGKADTKILFIEEGKIVHTSTLSGSAQHVEECSCYPRYPGVRCVCRDNWKGSNRPIVDINIKDHSIVSSYVCSGLVGDTPRKNDSSSSSHCLDPNNEEGGHGVKGWAFDDGNDVWMGRTINETSRLGYETFKVIEGWSNPKSKLQINRQVIVDRGNRSGYSGIFSVESKSCINRCFYVELIRGRKEETEVLWTSNSIVVFCGTSGTYGTGSWPDGADLNLMP,A/Perth/16/2009,MKTIIALSYILCLVFAQKLPGNDNSTATLCLGHHAVPNGTIVKTITNDQIEVTNATELVQSSSTGEICDSPHQILDGKNCTLIDALLGDPQCDGFQNKKWDLFVERSKAYSNCYPYDVPDYASLRSLVASSGTLEFNNESFNWTGVTQNGTSSACIRRSKNSFFSRLNWLTHLNFKYPALNVTMPNNEQFDKLYIWGVHHPGTDKDQIFLYAQASGRITVSTKRSQQTVSPNIGSRPRVRNIPSRISIYWTIVKPGDILLINSTGNLIAPRGYFKIRSGKSSIMRSDAPIGKCNSECITPNGSIPNDKPFQNVNRITYGACPRYVKQNTLKLATGMRNVPEKQTRGIFGAIAGFIENGWEGMVDGWYGFRHQNSEGRGQAADLKSTQAAIDQINGKLNRLIGKTNEKFHQIEKEFSEVEGRIQDLEKYVEDTKIDLWSYNAELLVALENQHTIDLTDSEMNKLFEKTKKQLRENAEDMGNGCFKIYHKCDNACIGSIRNGTYDHDVYRDEALNNRFQIKGVELKSGYKDWILWISFAISCFLLCVALLGFIMWACQKGNIRCNICI,MNPNQKIITIGSVSLTISTICFFMQIAILITTVTLHFKQYEFNSPPNNQVMLCEPTIIERNITEIVYLTNTTIEKEICPKLAEYRNWSKPQCDITGFAPFSKDNSIRLSAGGDIWVTREPYVSCDPDKCYQFALGQGTTLNNVHSNNTVRDRTPYRTLLMNELGVPFHLGTKQVCIAWSSSSCHDGKAWLHVCITGDDKNATASFIYNGRLVDSVVSWSKEILRTQESECVCINGTCTVVMTDGSASGKADTKILFIEEGKIVHTSTLSGSAQHVEECSCYPRYPGVRCVCRDNWKGSNRPIVDINIKDHSIVSSYVCSGLVGDTPRKNDSSSSSHCLDPNNEEGGHGVKGWAFDDGNDVWMGRTISEKSRLGYETFKVIEGWSNPKSKLQINRQVIVDRGNRSGYSGIFSVEGKSCINRCFYVELIRGRKEETEVLWTSNSIVVFCGTSGTYGTGSWPDGADINLMPI,10.387619047619047,4.973333333333334,7.980952380952381,3.375238095238095
11_12,A/Quebec/RV2804/2010,626,14.81443332581259,EPI295205,MKTIIALSYILCLVFAQKLPGNDNSTATLCLGHHAVPNGTIVKTITNDQIEVTNATELVQSSSTGEICNSPHQILDGENCTLIDALLGDPQCDGFQNKKWDLFVERSKAHSNCYPYDVPDYASLRSLVASSGTLEFNNESFNWTGVTQNGTSSACIRRSNNSFFSRLNWLTHLNFKYPALNVTMPNNEQFDKLYIWGVHHPGTDKDQIFLYAQASGRITVSTKRSQQAVIPNIGSRPKVRNIPSRVSIYWTIVKPGDILLINSTGNLIAPRGYFKIRSGKSSIMRSDAPIGKCNSACITPNGSIPNDKPFQNVNRITYGACPRYVKQNTLKLATGMRNVPEKQTRGIFGAIAGFIENGWEGMVDGWYGFRHQNSEGRGQAADLKSTQAAIDQINGKLNRLIGKTNEKFHQIEKEFSEVEGRIQDLEKYVEDTKIDLWSYNAELLVALENQHTIDLTDSEMNKLFEKTKKQLRENAEDMGNGCFKIYHKCDNACIGSIRNGTYDHDVYRDEALNNRFQIKGVELKSGYKDWILWISFAISCFLLCVALLGFIMWACQKGNIRCNIC,EPI295204,MNPNQKIITIGSVSLTISTICFFMQIAILITTVTLHFKQYEFNSPPNNQVMLCEPTIIERNITEIVYLTNTTIEKEICPKLAEYRNWSKPQCDITGFAPFSKDNSIRLSAGGDIWVTREPYVSCDPDKCYQFALGQGTTLNNVHSNNTVRXRTPYRTLLMNELGVPFHLGTKQVCIAWSSSSCHDGKAWLHVCITGDDKNATASFIYNGRLVDSVVSWSKEILRTQESECVCINGTCTVVMTDGSASGKADTKILFIEEGKIVHTSTLSGSAQHVEECSCYPRYPGVRCVCRDNWKGSNRPIVDINIKDHSIVSSYVCSGLVGDTPRKNDSSSSSHCLDPNNEEGGHGVKGWAFDDGNDVWMGRTINETSRLGYETFKVIEGWSNPKSKLQINRQVIVDRGNRSGYSGIFSVEGKSCINRCFYVELIRGRKEETEVLWTSNSIVVFCGTSGTYGTGSWPDGADLNLMP,A/Mumbai/2516/2009,377,14.664578328297406,AIF72915.1 ,MKTIIALSYILCLVFAQKLPGNDNSTATLCLGHHAVPNGTIVKTITNDQIEVTNATELVQSSSTGEICDSPLQILDGENCTLIDALLGDPQCDGFQNKKWDLFVERSKAYSNCYPYDVPDYASLRSLVASSGTLEFNNESFNWTGVTQNGTSSACIRRSNNSFFSRLNWLTHLNFKYPALNVTMPNNEQFDKLYIWGVHHPGTDKDQIFLYAQASGRITVSTKRSQQAVIPNIGSRPRVRNIPSRISIYWTIVKPGDILLINSTGNLIAPRGYFKIRSGKSSIMRSNAPIGKCNSECITPNGSIPNDKPFQNVNRITYGACPRYVKQNTLKLATGMRNVPEKQTRGIFGAIAGFIENGWEGMVDGWYGFRHQNSEGRGQAADLKSTQAAIDQINGKLNRLIGKTNEKFHQIEKEFSEVEGRIQDLEKYVEDTKIDLWSYNAELLVALENQHTIDLTDSEMNKLFEKTKKQLRENAEDMGNGCFKIYHKCDNACIGSIRNGTYDHDVYRDEALNNRFQIKGVELKSGYKDWILWISFAISCFLLCVALLGFIMWACQKGNIRCNIC,AHN19415.1 ,MNPNQKIITIGSVSLTISTICFFMQTAILITTVTLHFKQCEFNSPPNNQVMLCEPTIIERNITEIVYLTNTTIEKEICPKLAEYRNWSKPQCEITGFAPFSKDNSIRLSAGGDIWVTREPYVSCDPDKCYQFALGQGTTLNNVHSNNTVRDRTPYRTLLMNELGVPFHLGTKQVCIAWSSSSCHDGKAWLHVCITGDDKNATASFIYNGRLVDSVVSWSKEILRTQESECVCINGTCTVVMTDGSASEKADTKILFIEEGKIVHTSTLSGSAQHVEECSCYPRYPGVRCVCRDNWKGSNRPIVDINIKDHSIVSSYVCSGLVGDTPRKNDSSSSSHCLDPNNEEGGNGVKGWAFDDGNDVWMGRTISEKSRLGYETFKVIEGWSNPKSKLQINRQVIVDRGNRSGYSGIFSVEGKSCINRCFYVELIRGRKEETEVLWTSNSIVVFCGTSGTYGTGSWPDGADINLMP,A/Perth/16/2009,MKTIIALSYILCLVFAQKLPGNDNSTATLCLGHHAVPNGTIVKTITNDQIEVTNATELVQSSSTGEICDSPHQILDGKNCTLIDALLGDPQCDGFQNKKWDLFVERSKAYSNCYPYDVPDYASLRSLVASSGTLEFNNESFNWTGVTQNGTSSACIRRSKNSFFSRLNWLTHLNFKYPALNVTMPNNEQFDKLYIWGVHHPGTDKDQIFLYAQASGRITVSTKRSQQTVSPNIGSRPRVRNIPSRISIYWTIVKPGDILLINSTGNLIAPRGYFKIRSGKSSIMRSDAPIGKCNSECITPNGSIPNDKPFQNVNRITYGACPRYVKQNTLKLATGMRNVPEKQTRGIFGAIAGFIENGWEGMVDGWYGFRHQNSEGRGQAADLKSTQAAIDQINGKLNRLIGKTNEKFHQIEKEFSEVEGRIQDLEKYVEDTKIDLWSYNAELLVALENQHTIDLTDSEMNKLFEKTKKQLRENAEDMGNGCFKIYHKCDNACIGSIRNGTYDHDVYRDEALNNRFQIKGVELKSGYKDWILWISFAISCFLLCVALLGFIMWACQKGNIRCNICI,MNPNQKIITIGSVSLTISTICFFMQIAILITTVTLHFKQYEFNSPPNNQVMLCEPTIIERNITEIVYLTNTTIEKEICPKLAEYRNWSKPQCDITGFAPFSKDNSIRLSAGGDIWVTREPYVSCDPDKCYQFALGQGTTLNNVHSNNTVRDRTPYRTLLMNELGVPFHLGTKQVCIAWSSSSCHDGKAWLHVCITGDDKNATASFIYNGRLVDSVVSWSKEILRTQESECVCINGTCTVVMTDGSASGKADTKILFIEEGKIVHTSTLSGSAQHVEECSCYPRYPGVRCVCRDNWKGSNRPIVDINIKDHSIVSSYVCSGLVGDTPRKNDSSSSSHCLDPNNEEGGHGVKGWAFDDGNDVWMGRTISEKSRLGYETFKVIEGWSNPKSKLQINRQVIVDRGNRSGYSGIFSVEGKSCINRCFYVELIRGRKEETEVLWTSNSIVVFCGTSGTYGTGSWPDGADINLMPI,10.615172413793104,7.489655172413793,7.769655172413793,5.0986206896551725
12_13,A/Singapore/C2011.573/2011,1091,276.95938851153016,AGN49456.1 ,MKTIIALSYILCLVFAQKLPGNDNSTATLCLGHHAVPNGTIVKTITNDQIEVTNATELVQSSSTGEICDSPHQILDGENCTLIDALLGDPQCDGFQNKKWDLFVERSKAYSNCYPYDVPDYASLRSLVASSGTLEFNNESFNWTGVTQNGTSSACIRRSNSSFFSRLNWLTHLNFKYPALNVTMPNNEQFDKLYIWGVHHPGTDKDQIFLYAQSSGRITVSTKXSQQAVIPNIGSRPRIRNIPSRISIYWTIVKPGDILLINSTGNLIAPRGYFKIRSGKSSIMRSDAPIGKCNSECITPNGSIPNDKPFQNVNRITYGACPRYVKQSTLKLATGMRNVPEKQTRGIFGAIAGFIENGWEGMVDGWYGFRHQNSEGRGQAADLKSTQAAIDQINGKLNRLIGKTNEKFHQIEKEFSEVEGRIQDLEKYVEDTKIDLWSYNAELLVALENQHTIDLTDSEMNKLFEKTKKQLRENAEDMGNGCFKIYHKCDNACIGSIRNGTYNHDVYRDEALNNRFQIKGVELKSGYKDWILWISFAISCFLLCVALLGFIMWACQKGNIRCNIC,AGN49855.1 ,MNPNQKIITIGSVSLTISTICFFMQIAILITTVTLHFKQYEFNSPPNNQVMLCEPTIIERNITEIVYLTNTTIEKEICPKPAEYRNWSKPQCDITGFAPFSKDNSIRLSAGGDIWVTREPYVSCDPDKCYQFALGQGTTLNNVHSNNTVRDRTPYRTLLMNELGVPFHLGTKQVCIAWSSSSCHDGKAWLHVCITGDDKNATASFIYNGRLVDSVVSWSKEILRTQESECVCINGTCTVVMTDGSASGKADTKILFIEEGKIVHTSTLSGSAQHVEECSCYPRYPGVRCVCRDNWKGSNRPIVDINIKDHSIVSSYVCSGLVGDTPRKNDSSSSSHCLDPNNEEGGHGVKGWAFDDGNDVWMGRTINETSRLGYETFKVIEGWSNPKSKLQINRQVIVDRGDRSGYSGIFSVEGKSCINRCFYVELIRGRKEETEVLWTSNSIVVFCGTSGTYGTGSWPDGADLNLMP,A/Idaho/01/2010,316,65.53601883802014,AGK73732.1 ,MKTIIALSYILCLVFAQKLPGNDNSTATLCLGHHAVPNGTIVKTITNDQIEVTNATELVQSSSTGEICNSPHQILDGENCTLIDALLGDPQCDGFQNKKWDLFVERSKAHSNCYPYDVPDYASLRSLVASSGTLEFNNESFNWTGVTQNGTSSACIRRSNNSFFSRLNWLTHLNFKYPALNVTMPNNEQFDKLYIWGVHHPGTDKDQIFLYAQAAGRITVSTKRSQQAVIPNIGSRPRVRNIPSRVSIYWTIVKPGDILLINSTGNLIAPRGYFKIRSGKSSIMRSDAPIGKCNSACITPNGSIPNDKPFQNVNRITYGACPRYVKQNTLKLATGMRNVPEKQTRGIFGAIAGFIENGWEGMVDGWYGFRHQNSEGRGQAADLKSTQAAIDQINGKLNRLIGKTNEKFHQIEKEFSEVEGRIQDLEKYVEDTKIDLWSYNAELLVALENQHTIDLTDSEMNKLFEKTKKQLRENAEDMGNGCFKIYHKCDNACIGSIRNGTYDHDVYRDEALNNRFXIKGVELKSGYKDWILWISFAISCFLLCVALLGFIMWACQKGNIRCNIC,AGK73733.1 ,MNPNQKIITIGSVSLTISTICFFMQIAILITTVTLHFKQYEFNSPPNNQVMLCEPTIIERNITEIVYLTNTTIEKEICPKLAEYRNWSKPQCDITGFAPFSKDNSIRLSAGGDIWVTREPYVSCDPDKCYQFALGQGTTLNNVHSNNTARDRTPYRTLLMNELGVPFHLGTKQVCIAWSSSSCHDGKAWLHVCITGDDKNATASFIYNGRLVDSVVSWSKEILRTQESECVCINGTCTVVMTDGSASGKADTKILFIEEGKIVHTSTLSGSAQHVEECSCYPRYPGVRCVCRDNWKGSNRPIVDINIKDHSIVSSYVCSGLVGDTPRKNDSSSSSHCLDPNNEEGGHGVKGWAFDDGNDVWMGRTINETSRLGYETFKVIEGWSNPKSKLQINRQVIVDRGNRSGYSGIFSVEGKSCINRCFYVELIRGRKEETEVLWTSNSIVVFCGTSGTYGTGSWPDGADLNLMP,A/Victoria/361/2011,MKTIIALSHILCLVFAQKLPGNDNSTATLCLGHHAVPNGTIVKTITNDQIEVTNATELVQNSSIGEICDSPHQILDGENCTLIDALLGDPQCDGFQNKKWDLFVERSKAYSNCYPYDVPDYASLRSLVASSGTLEFNNESFNWTGVTQNGTSSACIRRSNNSFFSRLNWLTHLNFKYPALNVTMPNNEQFDKLYIWGVHHPGTDKDQIFLYAQSSGRITVSTKRSQQAVIPNIGSRPRIRNIPSRISIYWTIVKPGDILLINSTGNLIAPRGYFKIRSGKSSIMRSDAPIGKCNSECITPNGSIPNDKPFQNVNRITYGACPRYVKQSTLKLATGMRNVPEKQTRGIFGAIAGFIENGWEGMVDGWYGFRHQNSEGRGQAADLKSTQAAIDQINGKLNRLIGKTNEKFHQIEKEFSEVEGRIQDLEKYVEDTKIDLWSYNAELLVALENQHTIDLTDSEMNKLFEKTKKQLRENAEDMGNGCFKIYHKCDNACIGSIRNGTYDHDVYRDEALNNRFQIKGVELKSGYKDWILWISFAISCFLLCVALLGFIMWACQKGNIRCNICI,MNPNQKIITIGSVSLTISTICFFMQIAILITTVTLHFKQYEFNSPPNNQVMLCEPTIIERNITEIVYLTNTTIEKEICPKPAEYRNWSKPQCGITGFAPFSKDNSIRLSAGGDIWVTREPYVSCDPDKCYQFALGQGTTLNNVHSNNTVRXRTPYRTLLMNELGVPFHLGTKQVCIAWSSSSCHDGKAWLHVCITGDDKNATASFIYNGRLVDSVVSWSKEILRTQESECVCINGTCTVVMTDGSASGKADTKILFIKEGKIVHTSTLSGSAQHVEECSCYPRYPGVRCVCRDNWKGSNRPIVDINIKDHSIVSSYVCSGLVGDTPRKTDSSSSSHCLDPNNEEGGHGVKGWAFDDGNDVWMGRTINETSRLGYETFKVIEGWSNPKSKLQINRQVIVDRGDRSGYSGIFSVEGKSCINRCFYVELIRGRKEETEVLWTSNSIVVFCGTSGTYGTGSWPDGADLNLMPI,6.941914498141264,4.54228624535316,7.948420074349443,2.551579925650558
13_14,A/Boston/DOA2-162/2012,1834,43.58104349736895,AGW01391.1 ,MKTIIALSYILCLVFAQKLPGNDNSTATLCLGHHAVPNGTIVKTITNDRIEVTNATELVQNSSIGEICDSPHQILDGENCTLIDALLGDPQCDGFQNKKWDLFVERSKAYSNCYPYDVPDYASLRSLVASSGTLEFNNESFNWAGVTQNGTSSACIRGSNSSFFSRLNWLTHLNFKYPALNVTMPNNEQFDKLYIWGVHHPGTDKDQIFLYAQSSGRITVSTKRSQQAVIPNIGSRPRIRNIPSRISIYWTIVKPGDILLINSTGNLIAPRGYFKIRSGKSSIMRSDAPIGKCKSECITPNGSIPNDKPFQNVNRITYGACPRYVKQSTLKLATGMRNVPEKQTRGIFGAIAGFIENGWEGMVDGWYGFRHQNSEGRGQAADLKSTQAAIDQINGKLNRLIGKTNEKFHQIEKEFSEVEGRIQDLEKYVEDTKIDLWSYNAELLVALENQHTIDLTDSEMNKLFEKTKKQLRENAEDMGNGCFKIYHKCDNACIGSIRNGTYDHDVYRDEALNNRFQIKGVELKSGYKDWILWISFAISCFLLCVALLGFIMWACQKGNIRCNIC,AGW01394.1 ,MNPNQKIITIGSVSLTISTICFFMQIAILITTVTLHFKQYEFDSPPNNQVMLCEPTIIERNITEIVYLTNTTIEKEICPKPAEYRNWSKPQCGITGFAPFSKDNSIRLSAGGDIWVTREPYVSCDPDKCYQFALGQGTTLNNVHSNNTVRDRTPYRTLLMNELGVPFHLGTKQVCIAWSSSSCHDGKAWLHVCITGDDKNATASFIYNGRLVDSIVSWSKDILRTQESECVCINGTCTVVMTDGSASGKADTKILFIEEGKIVHTSTLSGSAQHVEECSCYPRYPGVRCVCRDNWKGSNRPIVDINIKDHSIVSSYVCSGLVGDTPRKNDSSSSSHCLDPNNEEGGHGVKGWAFDDGNDVWMGRTINETSRLGYETFKVIEGWSNPKSKLQINRQVIVDRGDRSGYSGIFSVEGKSCINRCFYVELIRGRKEETEVLWTSNSIVVFCGTSGTYGTGSWPDGADLNLMP,A/Belem/119244/2012,112,9.28231604053354,EPI395227,MKTIIALSYILCLVFAQELPGNDDSTATLCLGHHAVPNGTIVKTITNDQIEVTNATELVQSSSTGEICNSPHQILDGENCTLIDALLGDPQCDGFQNKKWDLFVERSKAHSNCYPYDVPDYASLRSLVASSGTLEFNNESFNWTGVTQNGTSSACIRRSNNSFFSRLNWLTHLNFKYPALNVTMPNNEQFDKLYIWGVHHPGTDKDQIFLYAQASGRITVSTKRSQQAVIPSIGSRPRVRNIPSRVSIYWTIVKPGDILLINSTGNLIAPRGYFKIRSGKSSIMRSDAPIGKCNSACITPNGSIPNDKPFQNVNRITYGACPRYVKQNTLKLATGMRNVPEKQTRGIFGAIAGFIENGWEGMVDGWYGFRHQNSEGRGQAADLKSTQAAIDQINGKLNRLIGKTNEKFHQIEKEFSEVEGRIQDLEKYVEDTKIDLWSYNAELLVALENQHTIDLTDSEMNKLFEKTKKQLRENAEDMGNGCFKIYHKCDNACIGSIRNGTYDHDVYRDEALNNRFQIKGVELKSGYKDWILWISFAISCFLLCVALLGFIMWACQKGNIRCNIC,EPI395226,MNPNQKIITIGSVSLTISTICFFMQIAILITTVTLHFKQYEFNSPPNNQVMLCEPTIIERNITEIVYLTNTTIEKEICPKPAEYRNWSKPQCDITGFAPFSKDNSIRLSAGGDIWVTREPYVSCDPDKCYQFALGQGTTLNNVHSNNTVRDRTPYRTLLMNELGVPFHLGTKQVCIAWSSSSCHDGKAWLHVCITGDDKNATASFIYNGRLVDSVVSWSKEILRTQESECVCINGTCTVVMTDGSASGKADTKILFIEEGKIVHTSTLSGSAQHVEECSCYPRYPGVRCVCRDNWKGSNRPIVDINIKDHSIVSRYVCSGLVGDTPRKNDSSSSSHCLDPNNEEGGHGVKGWAFDDGNDVWMGRTINETSRLGYETFKVIEGWSNPKSKLQINRQVIVDRGDRSGYSGIFSVEGKSCINRCFYVELIRGRKEETEVLWTSNSIVVFCGTSGTYGTGSWPDGADLNLMP,A/Victoria/361/2011,MKTIIALSHILCLVFAQKLPGNDNSTATLCLGHHAVPNGTIVKTITNDQIEVTNATELVQNSSIGEICDSPHQILDGENCTLIDALLGDPQCDGFQNKKWDLFVERSKAYSNCYPYDVPDYASLRSLVASSGTLEFNNESFNWTGVTQNGTSSACIRRSNNSFFSRLNWLTHLNFKYPALNVTMPNNEQFDKLYIWGVHHPGTDKDQIFLYAQSSGRITVSTKRSQQAVIPNIGSRPRIRNIPSRISIYWTIVKPGDILLINSTGNLIAPRGYFKIRSGKSSIMRSDAPIGKCNSECITPNGSIPNDKPFQNVNRITYGACPRYVKQSTLKLATGMRNVPEKQTRGIFGAIAGFIENGWEGMVDGWYGFRHQNSEGRGQAADLKSTQAAIDQINGKLNRLIGKTNEKFHQIEKEFSEVEGRIQDLEKYVEDTKIDLWSYNAELLVALENQHTIDLTDSEMNKLFEKTKKQLRENAEDMGNGCFKIYHKCDNACIGSIRNGTYDHDVYRDEALNNRFQIKGVELKSGYKDWILWISFAISCFLLCVALLGFIMWACQKGNIRCNICI,MNPNQKIITIGSVSLTISTICFFMQIAILITTVTLHFKQYEFNSPPNNQVMLCEPTIIERNITEIVYLTNTTIEKEICPKPAEYRNWSKPQCGITGFAPFSKDNSIRLSAGGDIWVTREPYVSCDPDKCYQFALGQGTTLNNVHSNNTVRXRTPYRTLLMNELGVPFHLGTKQVCIAWSSSSCHDGKAWLHVCITGDDKNATASFIYNGRLVDSVVSWSKEILRTQESECVCINGTCTVVMTDGSASGKADTKILFIKEGKIVHTSTLSGSAQHVEECSCYPRYPGVRCVCRDNWKGSNRPIVDINIKDHSIVSSYVCSGLVGDTPRKTDSSSSSHCLDPNNEEGGHGVKGWAFDDGNDVWMGRTINETSRLGYETFKVIEGWSNPKSKLQINRQVIVDRGDRSGYSGIFSVEGKSCINRCFYVELIRGRKEETEVLWTSNSIVVFCGTSGTYGTGSWPDGADLNLMPI,8.790281329923273,6.594202898550725,3.991474850809889,5.298380221653879
14_15,A/Schleswig_Holstein/7/2012,1048,217.35938048107607,EPI416522,MKTIIALSYILCLVFAQKLPGNDNSTATLCLGHHAVPNGTIVKTITNDRIEVTNATELVQNSSIGEICDSPHQILDGENCTLIDALLGDPQCDGFQNKKWDLFVERSKAYSNCYPYDVPDYASLRSLVASSGTLEFNNESFNWAGVTQNGTSSACIRGSNSSFFSRLNWLTHLNFKYPALNVTMPNNEQFDKLYIWGVHHPGTDKDQIFLYAQSSGRITVSTKRSQQAVIPNIGSRPRIRNIPSRISIYWTIVKPGDILLINSTGNLIAPRGYFKIRSGKSSIMRSDAPIGKCKSECITPNGSIPNDKPFQNVNRITYGACPRYVKQSTLKLATGMRNVPEKQTRGIFGAIAGFIENGWEGMVDGWYGFRHQNSEGRGQAADLKSTQAAIDQINGKLNRLIGKTNEKFHQIEKEFSEVEGRIQDLEKYVEDTKIDLWSYNAELLVALENQHTIDLTDSEMNKLFEKTKKQLRENAEDIGNGCFKIYHKCDNACIGSIRNGTYDHDVYRDEALNNRFQIKGVELKSGYKDWILWISFAISCFLLCVALLGFIMWACQKGNIRCNIC,EPI416523,MNPNQKIITIGSVSLTISTICFFMQIAILITTVTLHFKQYEFNSPPNNQVMLCEPTIIERNITEIVYLTNTTIEKEMCPKPAEYRNWSKPQCGITGFAPFSKDNSIRLSAGGDIWVTREPYVSCDPDKCYQFALGQGTTLNNVHSNNTVRDRTPYRTLLMNELGVPFHLGTKQVCIAWSSSSCHDGKAWLHVCITGDDKNATASFIYNGRLVDSVVSWSKEILRTQESECVCINGTCTVVMTDGSASGKADTKILFIEEGKIVHTSTLSGSAQHVEECSCYPRYPGVRCVCRDNWKGSNRPIVDINIKDHSIVSSYVCSGLVGDTPRKNDSSSSSHCLDPNNEEGGHGVKGWAFDDGNDVWMGRTINETSRLGYETFKVIEGWSNPKSKLQINRQVVVDRGDRSGYSGIFSVEGKSCINRCFYVELIRGRKEETEVLWTSNSIVVFCGTSGTYGTGSWPDGADLNLMP,A/Maryland/03/2014,88,95.14106049830492,AIE09687.1 ,MKTIIALSYILCLVFAQKIPGNDNSTATLCLGHHAVPNGTIVKTITNDRIEVTNATELVQNSSIGEICDSPHQILDGENCTLIDALLGDPQCDGFQNKKWDLFVERSKAYSNCYPYDVPDYASLRSLVASSGTLEFNNESFNWTGVTQNGTSSACIRRSSSSFFSRLNWLTHLNYTYPALNVTMPNNEQFDKLYIWGVHHPGTDKDQIFLYAQSSGRITVSTKRSQQAVIPNIGSRPRIRDIPSRISIYWTIVKPGDILLINSTGNLIAPRGYFKIRSGKSSIMRSDAPIGKCKSECITPNGSIPNDKPFQNVNRITYGACPRYVKHSTLKLATGMRNVPEKQTRGIFGAIAGFIENGWEGMVDGWYGFRHQNSEGRGQAADLKSTQAAIDQINGKLNRLIGKTNEKFHQIEKEFSEVEGRIQDLEKYVEDTKIDLWSYNAELLVALENQHTIDLTDSEMNKLFEKTKKQLRENAEDMGNGCFKIYHKCDNACIGSIRNGTYDHNVYRDEALNNRFQIKGVELKSGYKDWILWISFAISCFLLCVALLGFIMWACQKGNIRCNIC,AIE09662.1 ,MNPNQKIITIGSVSLTISTICFFMQIAILITTVTLHFKQYEFNFPPNNQVMLCEPTIIERNITEIVYLTNTTIEKETCSKPAEYRNWSKPQCGITGFAPFSKDNSIRLSAGGDIWVTREPYVSCDPDKCYQFALGQGTTLNNVHSNNTVRBRTPYRTLLMNELGVPFHLGTKQVCIAWSSSSCHDGKAWLHVCITGDDKNATASFIYNGRLVDSVVSWSKDILRTQESECVCINGTCTVVMTDGSASGKADTKILFIEEGKIVHTSTLSGSAQHVEECSCYPRYPGVRCVCRDNWKGSNRPIVDINIKDHSIVSSYVCSGLVGDTPRKNDSSSSSHCLDPNNEEGGHGVKGWAFDDGNDVWMGRTINETSRLGYETFKVIEGWSNPKSKLQTNRQVIVDRGDRSGYSGIFSVEGKSCINRCFYVELIRGRKEETEVLWTSNSIVVFCGTSGTYGTGSWPDGADLNLMP,A/Texas/50/2012,MKTIIALSYILCLVFAQKLPGNDNSTATLCLGHHAVPNGTIVKTITNDRIEVTNATELVQNSSIGEICDSPHQILDGENCTLIDALLGDPQCDGFQNKKWDLFVERSKAYSNCYPYDVPDYASLRSLVASSGTLEFNNESFNWNGVTQNGTSSACIRRSNNSFFSRLNWLTHLNFKYPALNVTMPNNEQFDKLYIWGVHHPGTDKDQIFLYAQPSGRITVSTKRSQQAVIPNIGSRPRIRNIPSRISIYWTIVKPGDILLINSTGNLIAPRGYFKIRSGKSSIMRSDAPIGKCKSECITPNGSIPNDKPFQNVNRITYGACPRYVKQSTLKLATGMRNVPEKQTRGIFGAIAGFIENGWEGMVDGWYGFRHQNSEGRGQAADLKSTQAAIDQINGKLNRLIGKTNEKFHQIEKEFSEVEGRIQDLEKYVEDTKIDLWSYNAELLVALENQHTIDLTDSEMNKLFEKTKKQLRENAEDMGNGCFKIYHKCDNACIGSIRNGTYDHDVYRDEALNNRFQIKGVELKSGYKDWILWISFAISCFLLCVALLGFIMWACQKGNIRCNICI,MNPNQKIITIGSVSLTISTICFFMQIAILITTVTLHFKQYEFNSPPNNQVMLCEPTIIERNITEIVYLTNTTIEKEICPKPAEYRNWSKPQCGITGFAPFSKDNSIRLSAGGDIWVTREPYVSCDPDKCYQFALGQGTTLNNVHSNNTVHXRTPYRTLLMNELGVPFHLGTKQVCIAWSSSSCHDGKAWLHVCITGDDKNATASFIYNGRLVDSVVSWSKEILRTQESECVCINGTCTVVMTDGSASGKADTKILFIEEGKIVHTSTLSGSAQHVEECSCYPRYPGVRCVCRDNWKGSNRPIVDINIKDHSIVSSYVCSGLVGDTPRKNDSSSSSHCLDPNNEEGGHGVKGWAFDDGNDVWMGRTINETSRLGYETFKVIEGWSNPKSKLQINRQVIVDRGDRSGYSGIFSVEGKSCINRCFYVELIRGRKEETEVLWTSNSIVVFCGTSGTYGTGSWPDGADLNLMPI,10.678782983306409,6.3002154011847065,2.901723209477652,6.448303715670436
15_16,A/New Hampshire/08/2014,2144,119.86846084658178,AIE10005.1 ,MKTIIALSYILCLVFAQKIPGNDNSTATLCLGHHAVPNGTIVKTITNDRIEVTNATELVQNSSIGEICDSPHQILDGENCTLIDALLGDPQCDGFQNKKWDLFVERSKAYSNCYPYDVPDYASLRSLVASSGTLEFNNESFNWTGVTQNGTSSACIRRSSSSFFSRLNWLTHLNYTYPALNVTMPNNEQFDKLYIWGVHHPGTDKDQIFLYAQSSGRITVSTKRSQQAVIPNIGSRPRIRDIPSRISIYWTIVKPGDILLINSTGNLIAPRGYFKIRSGKSSIMRSDSPIGKCKSECITPNGSIPNDKPFQNVNRITYGACPRYVKHSTLKLATGMRNVPEKQTRGIFGAIAGFIENGWEGMVDGWYGFRHQNSEGRGQAADLKSTQAAIDQINGKLNRLIGKTNEKFHQIEKEFSEVEGRIQDLEKYVEDTKIDLWSYNAELLVALENQHTIDLTDSEMNKLFEKTKKQLRENAEDMGNGCFKIYHKCDNACIGSIRNGTYDHNVYRDEALNNRFQIKGVELKSGYKDWILWISFAISCFLLCVALLGFIMWACQKGNIRCNIC,AIE10026.1 ,MNPNQKIITIGSVSLTISTICFFMQIAILITTVTLHFKQYEFNSPPNNQVMLCEPTIIERNITEIVYLTNTTIEKEICPKPAEYRNWSKPQCGITGFAPFSKDNSIRLSAGGDIWVTREPYVSCDPDKCYQFALGQGTTLNNVHSNNTVRBRTPYRTLLMNELGVPFHLGTKQVCIAWSSSSCHDGKAWLHVCITGDDTNATASFIYNGRLVDSVVSWSKDILRTQESECVCINGTCTVVMTDGSASGKADTKILFIEEGKIVHTSTLSGSAQHVEECSCYPRYPGVRCVCRDNWKGSNRPIVDINIKDHSIVSSYVCSGLVGDTPRKNDSSSSSHCLDPNNEEGGHGVKGWAFDDGNDVWMGRTINETSRLGYETFKVIEGWSNPKSKLQTNRQVIVDRGDRSGYSGIFSVEGKSCINRCFYVELIRGRKEETEVLWTSNSIVVFCGTSGTYGTGSWPDGADLNLMP,A/Ireland/14M02879/2014,348,87.8925798867877,EPI515189,MKTIIALSYILCLVFAQKLPGNDNSTATLCLGHHAVPNGTIVKTITNDRIEVTNATELVQNSSIGEICDSPHQILDGKNCTLIDALLGDPQCDGFQNKRWDLFVERSKAYSNCYPYDVPDYASLRSLVASSGTLEFNDESFNWAGVTQNGTSSACIRGSNSSFFSRLNWLTHSNFKYPALNVTMPNNEQFDKLYIWGVHHPGTDKDQIFLYAQSSGRITVSTKRSQQAVIPNIGSRPRIRNIPSRISIYWTIVKPGDILLINSTGNLIAPRGYFKIQSGKSSIMRSDAPIGKCKSECITPNGSIPNDKPFQNVNRITYGACPRYVKQSTLKLATGMRNVPEKQTRGIFGAIAGFIENGWEGMKDGWYGFRHQNSEGRGQAADLKSTQAAIDQINGKLNRLIGKTNEKFHQIEKEFSEVEGRIQDLEKYVEDTKIDLWSYNAELLVALENQHTIDLTDSEMNKLFEKTKKQLRENAEDMGNGCFKIYHKCDNACIGSIRNGTYDHDVYRDEALNNRFQIKGVELKSGYKDWILWISFAISCFLLCVALLGFIMWACQKGNIRCNIC,EPI515190,MNPNQKIITIGSVSLTISTICFFMQIAILITTVTLHFKQYEFNSPPNNQVMLCESTIIERNITEIVYLTNTTIEKEICPKPAEYRNWSKPQCGITGFAPFSKDNSIRLSAGGDIWVTREPYVSCDPDKCYQFALGQGTTLNNVHSNNTVRDRTPFRTLLMNELGVPFHLGTKQVCIAWSSSSCHDGKAWLHVCITGDDKNATASFIYNGRLVDSVVSWSKEILRTQESECVCINGTCTVVMTDGRASGKAVTKILFIEEGKIVHTSTLSGSAQHVEECSCYPRYPGVRCVCRDNWKGSNRPIVDINIKDHSVVSGYVCSGLVGDTPRKNDSSSSSHCLDPNNEEGGHGVKGWAFDDGDDVWMGRTINETSRLGYETFKVIEGWSNPKSKLQINRQVIVDRGDRSGYSGIFSVEGKSCINRCFYVELIRGRKEETEVLWTSNSIVVFCGTSGTYGTGSWPDGADLNLMP,A/Switzerland/9715293/2013,MKTIIALSYILCLVFAQKLPGNDNSTATLCLGHHAVPNGTIVKTITNDRIEVTNATELVQNSSIGEICDSPHQILDGENCTLIDALLGDPQCDGFQNKKWDLFVERSKAYSNCYPYDVPDYASLRSLVASSGTLEFNNESFNWAGVTQNGTSSSCIRGSNSSFFSRLNWLTHLNSKYPALNVTMPNNEQFDKLYIWGVHHPGTDKDQIFLYAQSSGRITVSTKRSQQAVIPNIGSRPRIRDIPSRISIYWTIVKPGDILLINSTGNLIAPRGYFKIRSGKSSIMRSDAPIGKCKSECITPNGSIPNDKPFQNVNRITYGACPRYVKQSTLKLATGMRNVPERQTRGIFGAIAGFIENGWEGMVDGWYGFRHQNSEGRGQAADLKSTQAAIDQINGKLNRLIGKTNEKFHQIEKEFSEVEGRIQDLEKYVEDTKIDLWSYNAELLVALENQHTIDLTDSEMNKLFEKTKKQLRENAEDMGNGCFKIYHKCDNACIGSIRNGTYDHDVYRDEALNNRFQIKGVELKSGYKDWILWISFAISCFLLCVALLGFIMWACQKGNIRCNICI,MNPNQKIITIGSVSLTISTICFFMQIAILITTVTLHFKQYEFNSPPNNQVMLCEPTIIERNITEIVYLTNTTIEKEICPKPAEYRNWSKPQCGITGFAPFSKDNSIRLSAGGDIWVTREPYVSCDPDKCYQFALGQGTTLNNVHSNNTVRDRTPYRTLLMNELGVPFHLGTKQVCIAWSSSSCHDGKAWLHVCITGDDKNATASFIYNGRLVDSVVSWSKDILRTQESECVCINGTCTVVMTDGSASGKADTKILFIEEGKIVHTSTLSGSAQHVEECSCYPRYPGVRCVCRDNWKGSNRPIVDINIKDHSIVSSYVCSGLVGDTPRKNDSSSSSHCLDPNNEEGGHGVKGWAFDDGNDVWMGRTINETSRLGYETFKVIEGWSNPKSKLQTNRQVIVDRGDRSGYSGIFSVEGKSCINRCFYVELIRGRKEETEVLWTSNSIVVFCGTSGTYGTGSWPDGADLNLMPI,10.615960099750623,6.641895261845386,5.699750623441396,8.52568578553616
16_17,A/Alaska/123/2015,1596,198.7743993201274,ANE26175.1 ,MKTIIALSYILCLVFAQKIPGNDNSTATLCLGHHAVPNGTIVKTITNDRIEVTNATELVQNSSIGEICDSPHQILDGENCTLIDALLGDPQCDGFQNKKWDLFVERSKAYSNCYPYDVPDYASLRSLVASSGTLEFNNESFNWTGVTQNGTSSACIRRSSGSFFSRLNWLTHLNYTYPALNVTMPNNEQFDKLYIWGVHHPGTDKDQIFLYAQSSGRITVSTKRSQQAVIPNIGSRPRIRDIPSRISIYWTIVKPGDILLINSTGNLIAPRGYFKIRSGKSSIMRSDAPIGKCKSECITPNGSIPNDKPFQNVNRITYGACPRYVKHSTLKLATGMRNVPEKQTRGIFGAIAGFIENGWEGMVDGWYGFRHQNSEGRGQAADLKSTQAAIDQINGKLNRLIGKTNEKFHQIEKEFSEVEGRIQDLEKYVEDTKIDLWSYNAELLVALENQHTIDLTDSEMNKLFEKTKKQLRENAEDMGNGCFKIYHKCDNACIGSIRNGTYDHNVYRDEALNNRFQIKGVELKSGYKDWILWISFAISCFLLCVALLGFIMWACQKGNIRCNIC,ANE26177.1 ,MNPNQKIITIGSVSLTISTICFFMQIAILITTVTLHFKQYEFNSPPNNQVMLCEPTIIERNITEIVYLTNTTIEKEICPKPAEYRNWSKPQCGITGFAPFSKDNSIRLSAGGDIWVTREPYVSCDPDKCYQFALGQGTTLNNVHSNNTVRDRTPYRTLLMNELGVPFHLGTKQVCIAWSSSSCHDGKAWLHVCITGDDKNATASFIYNGRLVDSVVSWSKDILRTQESECVCINGTCTVVMTDGNATGKADTKILFIEEGKIVHTSKLSGSAQHVEECSCYPRYPGVRCVCRDNWKGSNRPIVDINIKDHSIVSSYVCSGLVGDTPRKNDSSSNGHCLDPNNEEGGHGVKGWAFDDGNDVWMGRTINETSRLGYETFKVVEGWSNPKSKLQINRQVIVDRGDRSGYSGIFSVEGKSCINRCFYVELIRGRKEETEVLWTSNSIVVFCGTSGTYGTGSWPDGADLNLMP,A/Beijing-Xicheng/13100/2014,382,136.38089532313649,EPI554898,MKTIIALSYILCLVFAQKLPGNDNSTATLCLGHHAVPNGTIVKTITNDRIEVTNATELVQNSSIGEICDSPHQILDGENCTLIDALLGDPQCDGFQNKKWDLFVERSKAYSNCYPYDVPDYASLRSLVASSGTLEFNNESFNWAGVTQNGTSSSCIRGSNSSFFSRLNWLTHLNSKYPALNVTMPNNEQFDKLYIWGVHHPGTDKDQIFLYAQPSGRITVSTKRSQQAVIPNIGSRPRIRDIPSRISIYWTIVKPGDILLINSTGNLIAPRGYFKIRSGKSSIMRSDAPIGKCKSECITPNGSIPNDKPFQNVNRITYGACPRYVKQSTLKLATGMRNVPERQTRGIFGAIAGFIENGWEGMVDGWYGFRHQNSEGRGQAADLKSTQAAIDQINGKLNRLIGKTNEKFHQIEKEFSEVEGRIQDLEKYVEDTKIDLWSYNAELLVALENQHTIDLTDSEMNKLFEKTKKQLRENAEDMGNGCFKIYHKCDNACIGSIRNGTYDHDVYRDEALNNRFQIKGVELKSGYKDWILWISFAISCFLLCVALLGFIMWACQKGNIRCNIC,EPI554897,MNPNQKIITIGSVSLTISTICFFMQIAILITTVTLHFKQYEFNSPPNNQVMLCEPTIIERNITEIVYLTNTTIEKEMCPKPAEYRNWSKPQCGITGFAPFSKDNSIRLSAGGDIWVTREPYVSCDPDKCYQFALGQGTTLNNVHSNNTVHDRTPYRTLLMNELGVPFHLGTKQVCIAWSSSSCHDGKAWLHVCITGDDKNATASFIYNGRLVDSVVSWSKDILRTQESECVCINGTCTVVMTDGSASGKADTKILFIEEGKIVHNSTLSGSAQHVEECSCYPRYPGVRCVCRDNWKGSNRPIVDINIKDHSIVSSYVCSGLVGDTPRKNDSSSSSHCLDPNNEEGGHGVKGWAFDDGNDVWMGRTINETSRLGYETFKVIEGWSNSKSKLQTNRQVIVDRGDRSGYSGIFSVEGKSCINRCFYVELIRGRKEETEVLWTSNSIVVFCGTSGTYGTGSWPDGADLNLMP,A/Hong Kong/4801/2014,MKTIIALSYILCLVFAQKIPGNDNSTATLCLGHHAVPNGTIVKTITNDRIEVTNATELVQNSSIGEICDSPHQILDGENCTLIDALLGDPQCDGFQNKKWDLFVERSKAYSNCYPYDVPDYASLRSLVASSGTLEFNNESFNWTGVTQNGTSSACIRRSSSSFFSRLNWLTHLNYTYPALNVTMPNNEQFDKLYIWGVHHPGTDKDQIFLYAQSSGRITVSTKRSQQAVIPNIGSRPRIRDIPSRISIYWTIVKPGDILLINSTGNLIAPRGYFKIRSGKSSIMRSDAPIGKCKSECITPNGSIPNDKPFQNVNRITYGACPRYVKHSTLKLATGMRNVPEKQTRGIFGAIAGFIENGWEGMVDGWYGFRHQNSEGRGQAADLKSTQAAIDQINGKLNRLIGKTNEKFHQIEKEFSEVEGRIQDLEKYVEDTKIDLWSYNAELLVALENQHTIDLTDSEMNKLFEKTKKQLRENAEDMGNGCFKIYHKCDNACIGSIRNGTYDHNVYRDEALNNRFQIKGVELKSGYKDWILWISFAISCFLLCVALLGFIMWACQKGNIRCNICI,MNPNQKIITIGSVSLTISTICFFMQIAILITTVTLHFKQYEFNSPPNNQVMLCEPTIIERNITEIVYLTNTTIEKEICPKPAEYRNWSKPQCGITGFAPFSKDNSIRLSAGGDIWVTREPYVSCDPDKCYQFALGQGTTLNNVHSNNKVRDRTPYRTLLMNELGVPFHLGTKQVCIAWSSSSCHDGKAWLHVCITGDDKNATASFIYNGRLVDSVVSWSKDILRTQESECICINGTCTVVMTDGSASGKADTKILFIEEGKIVHTSTLSGSAQHVEECSCYPRYPGVRCVCRDNWKGSNRPIVDINIKDHSIVSSYVCSGLVGDTPRKNDSSSSSHCLDPNNEEGGHGVKGWAFDDGNDVWMGRTINETSRLGYETFKVIEGWSNPKSKLQTNRQVIVDRGDRSGYSGIFSVEGKSCINRCFYVELIRGRKEETEVLWTSNSIVVFCGTSGTYGTGSWPDGADLNLMPI,6.247270306258322,11.481491344873502,6.886684420772304,6.806391478029294
17_18,A/South_Africa/R3703/2016,1763,6.2854033479059686,EPI824094,MKTIIALSYILCLVFAQKIPGNDNSTATLCLGHHAVPNGTIVKTITNDRIEVTNATELVQNSSIGEICDSPHQILDGENCTLIDALLGDPQCDGFQNKKWDLFVERSKAYSNCYPYDVPDYASLRSLVASSGTLEFKNESFNWTGVTQNGTSSACIRRSSSSFFSRLNWLTHLNYTYPALNVTMPNKEQFDKLYIWGVHHPGTDKDQIFLYAQSSGRITVSTKRSQQAVIPNIGSRPRIRDIPSRISIYWTIVKPGDILLINSTGNLIAPRGYFKIRSGKSSIMRSDAPIGKCKSECITPNGSIPNDKPFQNVNRITYGACPRYVKHSTLKLATGMRNVPEKQTRGIFGAIAGFIENGWEGMVDGWYGFRHQNSEGRGQAADFKSTQAAIDQINGKLNRLIGKTNEKFHQIEKEFSEVEGRVQDLEKYVEDTKIDLWSYNAELLVALENQHTIDLTDSEMNKLFEKTKKQLRENAEDMGNGCFKIYHKCDNACIGSIRNETYDHNVYRDEALNNRFQIKGVELKSGYKDWILWISFAISCFLLCVALLGFIMWACQKGNIRCNIC,EPI824095,MNPNQKIITIGSVSLTISTICFFMQIAILITTVTLHFKQYEFNSPPNNQVMLCEPTIIERNITEIVYLTNTTIEKEICPKPAEYRNWSKPQCGITGFAPFSKDNSIRLSAGGDIWVTREPYVSCDPDKCYQFALGQGTTLNNVHSNNTVRDRTPYRTLLMNELGVPFHLGTKQVCIAWSSSSCHDGKAWLHVCITGDDKNATASFIYNGXLVDSVVSWSKDILRTQESECVCINGTCTVVMTDGNATGKADTKIXFIEEGKIVHTSKLSGSAQHVEECSCYPRYPGVRCVCRDNWKGSNRPIVDINIKDHSIVSSYVCSGLVGDTPRKNDSSSSSHCLNPNNEEGGHGVKGWAFDDGNDVWMGRTINETSRLGYETFKVVEGWSNPKSKLQINRQIIVDRGDRSGYSGIFSVEGKSCINRCFYVELIRGRKEETEVLWTSNSIVVFCGTSGTYGTGSWPDGADLNLMH,A/South_Africa/3731/2016,1214,14.097966171724874,EPI827416,MKTIIALSYILCLVFAQKIPGNDNSTATLCLGHHAVPNGTIVKTITNDRIEVTNATELVQNSSIGEICDSPHQILDGENCTLIDALLGDPQCDGFQNKKWDLFVERSKAYSNCYPYDVPDYASLRSLVASSGTLEFKNESFNWTGVTQNGTSSACIRRSKSSFFSRLNWLTHLNYTYPALNVTMPNNEQFDKLYIWGVHHPGTDKDQIFLYAQSSGRITVSTKRSQQAVIPNIGSRPRIRDIPSRISIYWTIVKPGDILLINSTGNLIAPRGYFKIRSGKSSIMRSDAPIGKCKSECITPNGSIPNDKPFQNVNRITYGACPRYVKHSTLKLATGMRNVPEKQTRGIFGAIAGFIENGWEGMVDGWYGFRHQNSEGRGQAADLKSTQAAIDQINGKLNRLIGKTNEKFHQIEKEFSEVEGRIQDLEKYVEDTKIDLWSYNAELLVALENQHTIDLTDSEMNKLFEKTKKQLRENAEDMGNGCFKIYHKCDNACIGSIRNGTYDHNVYRDEALNNRFQIKGVELKSGYKDWILWISFAISCFLLCVALLGFIMWACQKGNIXCNIC,EPI827415,MNPNQKIITIGSVSLTISTICFFMQIAILITTVTLHFKQYEFNSPPNNQVMLCEPTIIERNITEIVYLTNTTIEKEICPKPAEYRNWSKPQCDITGFAPFSKDNSIRLSAGGDIWVTREPYVSCDPDKCYQFALGQGTTLNNVHSNNTVRDRTPYRTLLMSELGVPFHLGTKQVCIAWSSSSCHDGKAWLHVCITGDDKNATASFIYNGRLVDSVVSWSKDILRTQESECVCIDGTCTVVMTDGNATGKADTKILFIEEGKIVHTSKLSGSAQHVEECSCYPRYPGVRCVCRDNWKGSNRPIVDINIKDHSIVSSYVCSGLVGDTPRKNDSSSSSHCLNPNNEEGGHGVKGWAFDDGNDVWMGRTINETSRLGYETFKVVEGWSNPKSKLQINRQVIVDRGDRSGYSGIFSVEGKSCINRCFYVELIRGRKEETEVLWTSNSIVVFCGTSGTYGTGSWPDGADLNLML,A/Hong Kong/4801/2014,MKTIIALSYILCLVFAQKIPGNDNSTATLCLGHHAVPNGTIVKTITNDRIEVTNATELVQNSSIGEICDSPHQILDGENCTLIDALLGDPQCDGFQNKKWDLFVERSKAYSNCYPYDVPDYASLRSLVASSGTLEFNNESFNWTGVTQNGTSSACIRRSSSSFFSRLNWLTHLNYTYPALNVTMPNNEQFDKLYIWGVHHPGTDKDQIFLYAQSSGRITVSTKRSQQAVIPNIGSRPRIRDIPSRISIYWTIVKPGDILLINSTGNLIAPRGYFKIRSGKSSIMRSDAPIGKCKSECITPNGSIPNDKPFQNVNRITYGACPRYVKHSTLKLATGMRNVPEKQTRGIFGAIAGFIENGWEGMVDGWYGFRHQNSEGRGQAADLKSTQAAIDQINGKLNRLIGKTNEKFHQIEKEFSEVEGRIQDLEKYVEDTKIDLWSYNAELLVALENQHTIDLTDSEMNKLFEKTKKQLRENAEDMGNGCFKIYHKCDNACIGSIRNGTYDHNVYRDEALNNRFQIKGVELKSGYKDWILWISFAISCFLLCVALLGFIMWACQKGNIRCNICI,MNPNQKIITIGSVSLTISTICFFMQIAILITTVTLHFKQYEFNSPPNNQVMLCEPTIIERNITEIVYLTNTTIEKEICPKPAEYRNWSKPQCGITGFAPFSKDNSIRLSAGGDIWVTREPYVSCDPDKCYQFALGQGTTLNNVHSNNKVRDRTPYRTLLMNELGVPFHLGTKQVCIAWSSSSCHDGKAWLHVCITGDDKNATASFIYNGRLVDSVVSWSKDILRTQESECICINGTCTVVMTDGSASGKADTKILFIEEGKIVHTSTLSGSAQHVEECSCYPRYPGVRCVCRDNWKGSNRPIVDINIKDHSIVSSYVCSGLVGDTPRKNDSSSSSHCLDPNNEEGGHGVKGWAFDDGNDVWMGRTINETSRLGYETFKVIEGWSNPKSKLQTNRQVIVDRGDRSGYSGIFSVEGKSCINRCFYVELIRGRKEETEVLWTSNSIVVFCGTSGTYGTGSWPDGADLNLMPI,6.189753320683112,12.965326893220633,7.515956529239261,6.966879420389857
18_19,A/Hong_Kong/3554/2017,2019,45.18072802542507,EPI1048403,MKTIIALSYILCLVFAQKIPGNDNSTATLCLGHHAVPNGTIVKTITNDRIEVTNATELVQNSSIGEICDSPHQILDGENCTLIDALLGDPQCDGFQNKKWDLFVERSKAYSNCYPYDVPDYASLRSLVASSGTLEFNNESFNWTGVKQNGTSSACIRKSSSSFFSRLNWLTHLNYTYPALNVTMPNNEQFDKLYIWGVHHPGTDKDQIFLYAQSSGRITVSTKRSQQAVIPNIGSRPRIRDIPSRISIYWTIVKPGDILLINSTGNLIAPRGYFKIQSGKSSIMRSDAPIGKCKSECITPNGSIPNDKPFQNVNMITYGACPRYVKHSTLKLATGMRNVPEKQTRGIFGAIAGFIENGWEGMVDGWYGFRHQNSEGRGQAADLKSTQAAIDQINGKLNRLIGKTNEKFHQIEKEFSEVEGRIQDLEKYVEDTKIDLWSYNAELLVALENQHTIDLTDSEMNKLFEKTKKQLRENAEDMGNGCFKIYHKCDNACIGSIRNGTYDHNVYRDEALNNRFQIKGVELKSGYKDWILWISFAISCFLLCVALLGFIMWACQKGNIRCNIC,EPI1048401,MNPNQKIITIGSVSLTISTICFFMQIAILITTVTLHFKQYEFNSPPNNQVMLCEPTIIERNITEIVYLTNTTIEKEICPKPAEYRNWSKPQCGITGFAPFSKDNSIRLSAGGDIWVTREPYVSCDPDKCYQFALGQGTTINNMHSNNTVRDRTPYRTLLMNELGVPFHLGTKQVCIAWSSSSCHDGKAWLHVCITGDDKNATASFIYNGRLVDSVVSWSKDILRTQESECVCINGTCTVVMTDGNATGKADTKILFIEEGKIVHTSKLSGSAQHVEECSCYPRYPGVRCVCRDNWKGSNRPIVDINIKDHSIVSRYVCSGLVGDTPRKTDSSSSSHCLNPNNEEGGHGVKGWAFDDGNDVWMGRTINETSRLGYETFKVVEGWSNPKSKLQINRQVIVDRGDRSGYSGIFSVEGKSCINRCFYVELIRGRKEETEVLWTSNSIVVFCGTSGTYGTGSWPDGADLNLMH,A/Taiwan/473/2017,646,122.66038025160788,EPI1046832,MKTIIALSYILCLVFAQKIPGNDNSTATLCLGHHAVPNGTIVKTITNDRIEVTNATELVQNSSIGEICDSPHQILDGGNCTLIDALLGDPQCDGFQNKKWDLFVERSRAYSNCYPYDVPDYASLRSLVASSGTMEFKNESFNWTGVTQNGKSSACIRGSSSSFFSRLNWLTHLNYTYPALNVTMPNKEQFDKLYIWGVHHPGTDKDQIFLYAQSSGRITVSTKRSQQAVIPNIGSRPRIRDIPSRISIYWTIVKPGDILLINSTGNLIAPRGYFKIRSGKSSIMRSDAPIGKCKSECITPNGSIPNDKPFQNVNRITYGACPRYVKQSTLKLATGMRNVPEKQTRGIFGAIAGFIENGWEGMVDGWYGFRHQNSEGRGQAADLKSTQAAIDQINGKLNRLIGKTNEKFHQIEKEFSEVEGRVQDLEKYVEDTKIDLWSYNAELLVALENQHTIDLTDSEMNKLFEKTKKQLRENAEDMGNGCFKIYHKCDNACIGSIRNETYDHNVYRDEALNNRFQIKGVELKSGYKDWILWISFAISCFLLCVALLGFIMWACQKGNIRCNIC,EPI1046831,MNPNQKIITIGSVSLTISTICFFMQIAILITTVTLHFKQYEFNSPPNNQVMLCEPTIIERNITEIVYLTNTTIEKEICPKPAEYRNWSKPQCGITGFAPFSKDNSIRLSAGGDIWVTREPYVSCDLDKCYQFALGQGTTLNNVHSNNTVRDRTPYRTLLMNELGVPFHLGTKQVCIAWSSSSCHDGKAWLHVCITGDDKNATASFIYNGRLVDSVVSWSNDILRTQESECVCINGTCTVVMTDGNATGKADTKILFIEEGKIVHTSKLSGSAQHVEECSCYPRYPGVRCVCRDNWKGSNRPIIDINIKDHSIVSSYVCSGLVGDTPRKSDSSSSSHCLNPNNEEGGHGVKGWAFDDGNDVWMGRTINETSRLGYETFKVVEGWSNPKSKLQINRQVIVDRGDRSGYSGIFSVEGKSCINRCFYVELIRGRKEETEVLWTSNSIVVFCGTSGTYGTGSWPDGADLNLMH,A/Singapore/INFIMH-16-0019/2016,MKTIIALSYILCLVFAQKIPGNDNSTATLCLGHHAVPNGTIVKTITNDRIEVTNATELVQNSSIGEICDSPHQILDGENCTLIDALLGDPQCDGFQNKKWDLFVERSKAYSNCYPYDVPDYASLRSLVASSGTLEFKNESFNWTGVTQNGTSSACIRGSSSSFFSRLNWLTHLNYTYPALNVTMPNKEQFDKLYIWGVHHPGTDKDQIFLYAQSSGRITVSTKRSQQAVIPNIGSRPRIRDIPSRISIYWTIVKPGDILLINSTGNLIAPRGYFKIRSGKSSIMRSDAPIGKCKSECITPNGSIPNDKPFQNVNRITYGACPRYVKHSTLKLATGMRNVPEKQTRGIFGAIAGFIENGWEGMVDGWYGFRHQNSEGRGQAADLKSTQAAIDQINGKLNRLIGKTNEKFHQIEKEFSEVEGRVQDLEKYVEDTKIDLWSYNAELLVALENQHTIDLTDSEMNKLFEKTKKQLRENAEDMGNGCFKIYHKCDNACIESIRNETYDHNVYRDEALNNRFQIKGVELKSGYKDWILWISFAISCFLLCVALLGFIMWACQKGNIRCNICI,MNPNQKIITIGSVSLTISTICFFMQIAILITTVTLHFKQYEFNSPPNNQVMLCEPTIIERNITEIVYLTNTTIEKEICPKPAEYRNWSKPQCGITGFAPFSKDNSIRLSAGGDIWVTREPYVSCDPDKCYQFALGQGTTLNNVHSNNTVRDRTPYRTLLMNELGVPFHLGTKQVCIAWSSSSCHDGKAWLHVCITGDDKNATASFIYNGRLIDSVVSWSKDILRTQESECVCINGTCTVVMTDGNATGKADTKILFIEEGKIVHTSKLSGSAQHVEECSCYPRYPGVRCVCRDNWKGSNRPIVDINIKDHSIVSSYVCSGLVGDTPRKNDSSSSSHCLNPNNEEGGHGVKGWAFDDGNDVWMGRTINETSRLGYETFKVVEGWSNPKSKLQINRQVIVDRGDRSGYSGIFSVEGKSCINRCFYVELIRGRKEETEVLWTSNSIVVFCGTSGTYGTGSWPDGADLNLMHI,12.723450427234503,8.668791536687916,10.525973145259732,6.166689271666892
19_20,A/Maldives/338/2018,1537,236.6090115959634,EPI1316991,MKTIIALSYILCLVFAQKIPGNDNSTATLCLGHHAVPNGTIVKTITNDRIEVTNATELVQNSSIGEICDSPHQILDGGNCTLIDALLGDPQCDGFQNKKWDLFVERSRAYSNCYPYDVPDYASLRSLVASSGTLEFKNESFNWTGVKQNGTSSACIRGSSSSFFSRLNWLTHLNYTYPALNVTMPNKEQFDKLYIWGVHHPGTDKDQIFLYAQSSGRITVSTKRSQQAVIPNIGSRPRIRDIPSRISIYWTIVKPGDILLINSTGNLIAPRGYFKIRSGKSSIMRSDAPIGKCKSECITPNGSIPNDKPFQNVNRITYGACPRYVKQSTLKLATGMRNVPEKQTRGIFGAIAGFIENGWEGMVDGWYGFRHQNSEGRGQAADLKSTQAAIDQINGKLNRLIGKTNEKFHQIEKEFSEVEGRVQDLEKYVEDTKIDLWSYNAELLVALENQHTIDLTDSEMNKLFEKTKKQLRENAEDMGNGCFKIYHKCDNACIGSIRNETYDHNVYRDEALNNRFQIKGVELKSGYKDWILWISFAISCFLLCIALLGFIMWACQKGNIRCNIC,EPI1316990,MNPNQKIITIGSVSLTISTICFFMQIAILITTVTLHFKQYEFNSPPNNQVMLCEPTIIERNITEIVYLTNTTIEKEICPKPAEYRNWSKPQCGITGFAPFSKDNSIRLSAGGDIWVTREPYVSCDLDKCYQFALGQGTTLNNVHSNNTVRDRTPYRTLLMNELGVPFHLGTKQVCIAWSSSSCHDGKAWLHVCITGDDKNATASFIYNGRLVDSVVSWSNDILRTQESECVCINGTCTVVMTDGNATGKADTKILFIEEGKIVHTSKLSGSAQHVEECSCYPRYPGVRCVCRDNWKGSNRPIIDINIKDHSIVSRYVCSGLVGDTPRKSDSSSSSHCLNPNNEKGDHGVKGWAFDDGNDVWMGRTINETSRLGYETFKVVEGWSNPKSKLQINRQVIVDRGDRSGYSGIFSVEGKSCINRCFYVELIRGRKEETEVLWTSNSIVVFCGTSGTYGTGSWPDGADLNLMH,A/Tennessee/64/2018,1196,82.43420872168733,EPI1458232,MKTIIALSCILCLVFAQKIPGNDNSTATLCLGHHAVPNGTIVKTITNDRIEVTNATELVQNSSIGEICDSPHQILDGENCTLIDALLGDPQCDGFQNKKWDLFVERNKAYSNCYPYDVPDYASLRSLVASSGTLEFNNESFNWAGVTQNGTSSSCIRGSKSSFFSRLNWLTHLNSKYPALNVTMPNNEQFDKLYIWGVHHPGTDKDQISLYAQSSGRITVSTKRSQQAVIPNIGSRPRIRDIPSRISIYWTIVKPGDILLINSTGNLIAPRGYFKIRSGKSSIMRSDAPIGKCKSECITPNGSIPNDKPFQNVNRITYGACPRYVKQSTLKLATGMRNVPERQTRGIFGAIAGFIENGWEGLVDGWYGFRHQNSEGRGQAADLKSTQAAIDQINGKLNRLIGKTNEKFHQIEKEFSEVEGRIQDLEKYVEDTKIDLWSYNAELLVALENQHTIDLTDSEMNKLFEKTKKQLRENAEDMGNGCFKIYHKCDNACMGSIRNGTYDHNVYRDEALNNRFQIKGVELKSGYKDWILWISFAISCFLLCVVLLGFIMWACQKGNIRCNIC,EPI1458231,MNPNQKIITIGSVSLTISTICFFMQIAILITTVTLHFKQYEFNSPPNNQVMLCEPTIIERNITEIVYLTNTTIEREICPKPAEYRNWSKPQCGITGFAPFSKDNSIRLSAGGDIWVTREPYVSCDPDKCYQFALGQGTTINNVHSNNTARDRTPHRTLLMSELGVPFHLGTKQVCIAWSSSSCHDGKAWLHVCVTGDDKNATASFIYNGRLVDSVVSWSKDILRTQESECVCINGTCTVVMTDGNATGKADTKILFIEEGKIVHTSKLSGSAQHVEECSCYPRYPGVRCVCRDNWKGSNRPIVDINIKDHSIVSSYVCSGLVGDTPRKTDSSSSSHCLNPNNEKGGHGVKGWAFDEGNDVWMGRTINETSRLGYETFKVVEGWSNSKSKLQINRQVIVDRGDRSGYSGIFSVEGKSCINRCFYVELIRGRKEETEVLWTSNSIVVFCGTSGTYGTGSWPDGADLNLMH,A/Kansas/14/2017,MKTIIALSCILCLVFAQKIPGNDNSTATLCLGHHAVPNGTIVKTITNDRIEVTNATELVQNSSIGEICDSPHQILDGENCTLIDALLGDPQCDGFQNKKWDLFVERNKAYSNCYPYDVPDYASLRSLVASSGTLEFNNESFNWAGVTQNGTSSSCIRGSKSSFFSRLNWLTHLNSKYPALNVTMPNNEQFDKLYIWGVHHPGTDKDQISLYAQSSGRITVSTKRSQQAVIPNIGSRPRIRDIPSRISIYWTIVKPGDILLINSTGNLIAPRGYFKIRSGKSSIMRSDAPIGKCKSECITPNGSIPNDKPFQNVNRITYGACPRYVKQSTLKLATGMRNVPERQTRGIFGAIAGFIENGWEGMVDGWYGFRHQNSEGRGQAADLKSTQAAIDQINGKLNRLIGKTNEKFHQIEKEFSEVEGRIQDLEKYVEDTKIDLWSYNAELLVALENQHTIDLTDSEMNKLFEKTKKQLRENAEDMGNGCFKIYHKCDNACMGSIRNGTYDHNVYRDEALNNRFQIKGVELKSGYKDWILWISFAISCFLLCVALLGFIMWACQKGNIRCNICI,MNPNQKIITIGSVSLTISTICFFMQIAILITTVTLHFKQYEFNSPPNNQVMLCEPTIIERNITEIVYLTNTTIEREICPKPAEYRNWSKPQCGITGFAPFSKDNSIRLSAGGDIWVTREPYVSCDPDKCYQFALGQGTTINNVHSNNTARDRTPHRTLLMNELGVPFHLGTKQVCIAWSSSSCHDGKAWLHVCITGDDKNATASFIYNGRLVDSVVSWSKDILRTQESECVCINGTCTVVMTDGNATGKADTKILFIEEGKIVHTSKLSGSAQHVEECSCYPRYPGVRCVCRDNWKGSNRPIVDINIKDHSIVSSYVCSGLVGDTPRKTDSSSSSHCLNPNNEKGGHGVKGWAFDDGNDVWMGRTINETSRLGYETFKVVEGWSNPKSKLQINRQVIVDRGDRSGYSGIFSVEGKSCINRCFYVELIRGRKEETEVLWTSNSIVVFCGTSGTYGTGSWPDGADLNLMHI,13.726797088262057,8.115787079162875,5.1901728844404005,3.468380345768881
20_21,A/Alaska/04/2019,1078,51.39763530722297,EPI1368683,MKTIIALSCILCQVFAQKIPGNDNSTATLCLGHHAVPNGTIVKTITNDRIEVTNATELVQNSSIGEICDSPHQILDGENCTLIDALLGDPQCDGFQNKKWDLFVERNKAYSNCYPYDVPDYASLRSLVASSGTLEFNNESFNWAGVTQNGTSSSCIRGSKSSFFSRLNWLTHLNSKYPALNVTMPNNEQFDKLYIWGVHHPGTDKDQISLYAQSSGRITVSTKRSQQAVIPNIGSRPRIRDIPSRISIYWTIVKPGDILLINSTGNLIAPRGYFKIRSGKSSIMRSDAPIGKCKSECITPNGSIPNDKPFQNVNRITYGACPRYVKQSTLKLATGMRNVPERQTRGIFGAIAGFIENGWEGLVDGWYGFRHQNSEGRGQAADLKSTQAAIDQINGKLNRLIGKTNEKFHQIEKEFSEVEGRIQDLEKYVEDTKIDLWSYNAELLVALENQHTIDLTDSEMNKLFEKTKKQLRENAEDMGNGCFKIYHKCDNACMGSIRNGTYDHNVYRDEALNNRFQIKGVELKSGYKDWILWISFAISCFLLCVVLLGFIMWACQKGNIRCNIC,EPI1368678,MNPNQKIITIGSVSLTISTICFFMQIAILITTVTLHFKQYEFNSPPNNQVMLCEPTIIERNITEIVYLTNTTIEREICPKPAEYRNWSKPQCGITGFAPFSKDNSIRLSAGGDIWVTREPYVSCDPDKCYQFALGQGTTINNVHSNNTARDRTPHRTLLMSELGVPFHLGTKQVCIAWSSSSCHDGKAWLHVCITGDDKNATASFIYNGRLVDSVVSWSKDILRTQESECVCINGTCTVVMTDGNATGKADTKILFIEEGKIVHTSKLSGSAQHVEECSCYPRYPGVRCVCRDNWKGSNRPIVDINIKDHSIVSSYVCSGLVGDTPRKTDSSSSSHCLNPNNEKGGHGVKGWAFDEGNDVWMGRTINETSRLGYETFKVVEGWSNSKSKLQINRQVIVDRGDRSGYSGIFSVEGKSCINRCFYVELIRGRKEETEVLWTSNSIVVFCGTSGTYGTGSWPDGADLNLMH,A/Guangxi-Mashan/32/2019,917,35.02007008880146,EPI1504895,MKTIIALSYILCLVFTQKIPGNDNSTATLCLGHHAVPNGTIVKTITNDRIEVTNATELVQNSSIGEICDSPHQILDGGNCTLIDALLGDPQCDGFQNKKWDLFVERSRAYSNCYPYDVPDYASLRSLVASSGTLEFKNESFNWAGVTQNGKSFSCIRGSSSSFFSRLNWLTHLNYTYPALNVTMPNKEQFDKLYIWGVHHPGTDKDQISLYAQSSGRITVSTKRSQQAVIPNIGSRPRIRDIPSRISIYWTIVKPGDILLINSTGNLIAPRGYFKIRSGKSSIMRSDAPIGKCKSGCITPNGSIPNDKPFQNVNRITYGACPRYVKQSTLKLATGMRNVPEKQTRGIFGAIAGFIENGWEGMVDGWYGFRHQNSEGRGQAADLKSTQAAIDQINGKLNRLIGKTNEKFHQIEKEFSEVEGRVQDLEKYVEDTKIDLWSYNAELLVALENQHTIDLTDSEMNKLFEKTKKQLRENAEDMGNGCFKIYHKCDNACIGSIRNETYDHNVYRDEALNNRFQIKGVELKSGYKDWILWISFAISCFLLCVALLGFIMWACQKGNIRCNIC,EPI1504894,MNPNQKIITIGSVSLTISTICFFMQIAILITTVTLHFKQYEFNSPPNNQVMLCEPTIIERNITEIVYLTNTTIEKEICPKPAEYRNWSKPQCGITGFAPFSKDNSIRLSAGGDIWVTREPYVSCDLDKCYQFALGQGTTLNNVHSNNTVRDRTPYRTLLMNELGVPFHLGTKQVCIAWSSSSCHDGKAWLHVCITGDDKNATASFIYNGRLVDSVVSWSNDILRTQESECVCINGTCTVVMTDGNATGKADTKILFIEEGKIVHTSKLSGSAQHVEECSCYPRYPGVRCVCRDNWKGSNRPIIDINIKDHSIVSSYVCSGLVGDTPRKSDSSSSSHCLNPNNEKGGHGVKGWAFDDGNDVWMGRTINETSRLGYETFKVVEGWSNPKSKLQINRQVIVDRGDRSGYSGIFSVEGKSCINRCFYVELIRGRKEETEVLWTSNSIVVFCGTSGTYGTGSWPDGADLNLMH,A/Hong Kong/2671/2019,MKTIIALSYILCLVFTQKIPGNDNSTATLCLGHHAVPNGTIVKTITNDRIEVTNATELVQNSSIGEICDSPHQILDGGNCTLIDALLGDPQCDGFQNKKWDLFVERSRAYSNCYPYDVPDYASLRSLVASSGTLEFKNESFNWAGVTQNGKSFSCIRGSSSSFFSRLNWLTHLNYIYPALNVTMPNKEQFDKLYIWGVHHPVTDKDQISLYAQSSGRITVSTKRSQQAVIPNIGSRPRIRNIPSRISIYWTIVKPGDILLINSTGNLIAPRGYFKIRSGKSSIMRSDAPIGKCKSECITPNGSIPNDKPFQNVNRITYGACPRYVKQSTLKLATGMRNVPEKQTRGIFGAIAGFIENGWEGMVDGWYGFRHQNSEGRGQAADLKSTQAAIDQINGKLNRLIGKTNEKFHQIEKEFSEVEGRVQDLEKYVEDTKIDLWSYNAELLVALENQHTIDLTDSEMNKLFEKTKKQLRENAEDMGNGCFKIYHKCDNACIGSIRNETYDHNVYRDEALNNRFQIKGVELKSGYKDWILWISFAISCFLLCVALLGFIMWACQKGNIRCNICI,MNPNQKIITIGSVSLTISTICFFMQIAILITTVTLHFKQYEFNSPPNNQVMLCEPTIIERNITEIVYLTNTTIEKEICPKPAEYRNWSKPQCGITGFAPFSKDNSIRLSAGGDIWVTREPYVSCDLDKCYQFALGQGTTLNNVHSNNTVRDRTPYRTLLMNELGVPFHLGTKQVCIAWSSSSCHDGKAWLHVCITGDDKNATASFIYNGRLVDSVVSWSNDILRTQESECVCINGTCTVVMTDGNATGKADTKILFIEEGKIVHTSKLSGSAQHVEECSCYPRYPGVRCVCRDNWKGSNRPIIDINIKDHSIVSSYVCSGLVGDTPRKSDSSSSSHCLNPNNEEGGHGVKGWAFDDGNDVWMGRTINETSRLGYETFKVVEGWSNPKSKLQINRQVIVDRGDRSGYSGIFSVEGKSCINRCFYVELIRGRKEETEVLWTSNSIVVFCGTSGTYGTGSWPDGADLNLMHT,15.91633466135458,5.729083665338646,15.669322709163346,4.741035856573705
21_22,A/Bangladesh/1003/2020,165,60.31056819571189,EPI1838326,MKTIIALSNILCLVFAQKIPGNDNSTATLCLGHHAVPNGTIVKTITNDRIEVTNATELVQNSSIGEICDSPHQILDGGNCTLIDALLGDPQCDGFQNKEWDLFVERSRANSNCYPYDVPDYASLRSLVASSGTLEFKNESFNWTGVKQNGTSSACIRGSSSSFFSRLNWLTHLNNIYPAQNVTMPNKEQFDKLYIWGVHHPDTDKNQISLFAQSSGRITVSTKRSQQAVIPNIGSRPRIRDIPSRISIYWTIVKPGDILLINSTGNLIAPRGYFKIRSGKSSIMRSDAPIGKCKSECITPNGSIPNDKPFQNVNRITYGACPRYVKQSTLKLATGMRNVPEKQTRGIFGAIAGFIENGWEGMVDGWYGFRHQNSEGRGQAADLKSTQAAIDQINGKLNRLIGKTNEKFHQIEKEFSEVEGRVQDLEKYVEDTKIDLWSYNAELLVALENQHTIDLTDSEMNKLFEKTKKQLGENAEDMGNGCFKIYHKCDNACIGSIRNETYDHNVYRDEALNNRFQIKGVELKSGYKDWILWISFAMSCFLLCIALLGFIMWACQKGNIRCNIC,EPI1838325,MNPNQKIITIGSVSLTISTICFFMQIAILITTVTLHFKQYEFNSPPNNQVMLCEPTIIERNITEIVYLTNTTIEKEICPKPAEYRNWSKPQCGITGFAPFSKDNSIRLSAGGDIWVTREPYVSCDLDKCYQFALGQGTTLNNVHSNNTVRDRTPYRTLLMNELGVPFHLGTKQVCIAWSSSSCHDGKAWLHVCITGDDKNATASFIYNGRLVDSVVSWSNDILRTQESECVCINGTCTVVMTDGNATGKADTKILFIEEGKIVHTSKLSGSAQHVEECSCYPRYPGVRCVCRDNWKGSNRPIIDINIKDHSIVSRYVCSGLVGDTPRKSDSSSSSHCLNPNNEKGDHGVKGWAFDDGNDVWMGRTINETSRLGYETFKVVEGWSNPKSKLQINRQVIVDRGDRSGYSGIFSVEGKSCINRCFYVELIRGRKEETEVLWTSNSIVVFCGTSGTYGTGSWPDGANLSLMH,A/Nigeria/4976/2020,83,82.8777816708828,EPI1851883,MKTIIALSYILCLVFAQKIPGNDNSTATLCLGHHAVPNGTIVKTITNDRIEVTNATELVQNSSIGEICDSPHQILDGGNCTLIDALLGDPQCDGFQNKKWDLFVERSRAYSNCYPYDVPDYASLRSLVASSGTLEFKNESFNWAGVTQNGKSSSCIRGSSSSFFSRLNWLTHLNYTYPALNVTMPNKEQFDKLYIWGVHHPDTDKNQFSLYAQPSGRITVSTKRSQQAVIPNIGSRPRIRDIPSRISIYWTIVKPGDILLINSTGNLIAPRGYFKIRSGKSSIMRSDAPIGKCKSECITPNGSIPNDKPFQNVNRITYGACPRYVKQSTLKLATGMRNVPEKQTRGIFGAIAGFIENGWEGMVDGWYGFRHQNSEGRGQAADLKSTQAAIDQINGKLNRLIGKTNEKFHQIEKEFSEVEGRVQDLEKYVEDTKIDLWSYNAELLVALENQHTIDLTDSEMNKLFEKTKKQLRENAEDMGNGCFKIYHKCDNACIGSIRNETYDHNVYRDEALNNRFQIKGVELKSGYKDWILWISFAISCFLLCIALLGFIMWACQKGNIRCNIC,EPI1851882,MNPNQKIITIGSVSLTISTICFFMQIAILITTVTLHFKQYEFNSPPNNQVMLCEPTIIERNITEIVYLTNTTIEKEICPKPAEYRNWSKPQCGITGFAPFSKDNSIRLSAGGDIWVTREPYVSCDLDKCYQFALGQGTTLNNVHSNNTVRDRTPYRTLLMNELGVPFHLGTKQVCIAWSSSSCHDGKAWLHVCITGDDKNATASFIYNGRLVDSVVSWSNDILRTQESECVCINGTCTVVMTDGNATGKADTKILFIEEGKIIHTSKLSGSAQHVEECSCYPRYPDVRCVCRDNWKGSNRPIIDINIKDHSIVSSYVCSGLVGDTPRKSDSSSSSHCLNPNNEKGGHGVKGWAFDDGNDVWMGRTINETSRLGYETFKVVEGWSNPKSKLQINRQVIVDRGDRSGYSGIFSVEGKSCINRCFYVELIRGRKDETEVLWTSNSIVVFCGTSGTYGTGSWPDGADLNLMH,A/Cambodia/e0826360/2020,MKTIIALSYILCLVFAQKIPGNDNSTATLCLGHHAVPNGTIVKTITNDRIEVTNATELVQNSSIGEICDSPHQILDGGNCTLIDALLGDPQCDGFQNKEWDLFVERSRANSNCYPYDVPDYASLRSLVASSGTLEFKNESFNWTGVKQNGTSSACIRGSSSSFFSRLNWLTHLNYKYPALNVTMPNNEQFDKLYIWGVHHPRTDKDQIFLFAQPSGRITVSTKRSQQAVIPNIGSRPRIRDIPSRISIYWTIVKPGDILLINSTGNLIAPRGYFKIRSGKSSIMRSDAPIGKCKSECITPNGSIPNDKPFQNVNRITYGACPRYVKQSTLKLATGMRNVPEKQTRGIFGAIAGFIENGWEGMVDGWYGFKHQNSEGRGQAADLKSTQAAIDQINGKLNRLIGKTNEKFHQIEKEFSEVEGRVQDLEKYVEDTKIDLWSYNAELLVALENQHTIDLTDSEMNKLFEKTKKQLRENAEDMGNGCFKIYHKCDNACIGSIRNETYDHNVYRDEALNNRFQIKGVELKSGYKDWILWISFAMSCFLLCIALLGFIMWACQKGNIRCNICI,MNPNQKIITIGSVSLTISTICFFMQIAILITTVTLHFKQYEFNSPPNNQVMLCEPTIIERNMTEIVYLTNTTIEKEICPKPAEYRNWSKPQCGITGFAPFSKDNSIRLSAGGDIWVTREPYVSCDLDKCYQFALGQGTTLNNVHSNNTVRDRTPYRTLLMNELGVPFHLGTKQVCIAWSSSSCHDGKAWLHVCITGDDKNATASFIYNGRLVDSVVSWSNDILRTQESECVCINGTCTVVMTDGNATGKADTKILFIEEGKIVHTSKLSGSAQHVEECSCYPRYPGVRCVCRDNWKGSNRPIIDINIKDHSIVSRYVCSGLVGDTPRKSDSSSSSHCLNPNNEKGDHGVKGWAFDDGNDVWMGRTINETSRLGYETFKVVEGWSNPKSKLQINRQVIVDRGDRSGYSGIFSVEGKSCINRCFYVELIRGRKEETEVLWTSNSIVVFCGTSGTYGTGSWPDGANLSLMHI,16.273005831768312,3.1858258376989226,7.413462488880103,2.121676386280518
22_23,A/Saarland/1/2022,1571,9.39979157773224,EPI2023929,MKTIIALSNILCLVFAQKIPGNDNSTATLCLGHHAVPNGTIVKTITNDRIEVTNATELVQNSSIGEICGSPHQILDGGNCTLIDALLGDPQCDGFQNKEWDLFVERSRANSNCYPYDVPGYASLRSLVASSGTLEFKNESFNWTGVKQNGTSSACIRGSSSSFFSRLNWLTSLNNIYPAQNVTMPNKEQFDKLYIWGVHHPDTDKNQISLFAQSSGRITVSTKRSQQAVIPNIGSRPRIRDIPSRISIYWTIVKPGDILLINSTGNLIAPRGYFKIRNGKSSIMRSDAPIGRCKSECITPNGSIPNDKPFQNVNRITYGACPRYVKQSTLKLATGMRNVPEKQTRGIFGAIAGFIENGWEGMVDGWYGFRHQNSEGRGQAADLKSTQAAIDQINGKLNRLIGKTNEKFHQIEKEFSEVEGRVQDLEKYVEDTKIDLWSYNAELLVALENQHTIDLTDSEMNKLFEKTKKQLRENAEDMGNGCFKIYHKCDNACIGSIRNETYDHNVYRDEALNNRFQIKGVELKSGYKDWILWISFAMSCFLLCIALLGFIMWACQKGNIRCNIC,EPI2023930,MNPNQKIITIGSVSLTISTICFFMQIAILITTVTLHFKQYEFNSPPNNQVMLCEPTIIERNITEIVYLTNTTIEKEICPKPAEYRNWSKPQCGITGFAPFSKDNSIRLSAGGDIWVTREPYVSCDLDKCYQFALGQGTTLNNVHSNNTVRDRTPYRTLLMNELGVPFHLGTKQVCIAWSSSSCHDGKAWLHVCITGDDKNATASFIYNGRLVDSVVSWSNDILRTQESECVCINGTCTVVMTDGNATGKADTKILFIEEGKIVHTSKLSGSAQHVEECSCYPRHPGVRCVCRDNWKGSNRPIIDINIKDHSIVSRYVCSGLVGDTPRKSDSSSSSHCLNPNNEKGGHGVKGWAFDDGNDVWMGRTINETSRLGYETFKVVEGWSNPKSKLQINRQVIVDRGDRSGYSGIFSVEGKSCINRCFYVELIRGRKEETEVLWTSNSIVVFCGTSGTYGTGSWPDGANLSLMH,A/Nepal/21FL2439/2021,1123,8.951360987416946,EPI1922724,MKTIIALSNILCLVFAQKIPGNDNSTATLCLGHHAVPNGTIVKTITNDRIEVTNATELVQNSSIGEICNSPHQILDGGNCTLIDALLGDPQCDGFQNKEWDLFVERSRANSSCYPYDVPDYASLRSLVASSGTLEFKNESFNWTGVKQNGTSSACIRGSSSSFFSRLNWLTSLNNIYPAQNVTMPNKEQFDKLYIWGVHHPDTDKNQFSLFAQSSGRITVSTKRSQQAVIPNIGSRPRIRDIPSRIGIYWTIVKPGDILLINSTGNLIAPRGYFKIRSGKSSIMRSDAPIGKCKSECITPNGSIPNDKPFQNVNRITYGACPRYVKQSTLKLATGMRNVPEKQTRGIFGAIAGFIENGWEGMVDGWYGFRHQNSEGRGQAADLKSTQAAIDQISGKLNRLIGKTNEKFHQIEKEFSEVEGRVQDLEKYVEDTKIDLWSYNAELLVALENQHTIDLTDSEMNKLFEKTKKQLRENAEDMGNGCFKIYHKCDNACIGSIRNETYDHNVYRDEALNNRFQIKGVELKSGYKDWILWISFAMSCFLLCIALLGFIMWACQKGNIRCNIC,EPI1922723,MNPNQKIITIGSVSLTISTICFFMQIAILITTVTLHFKQYEFNSPPNNQVMLCEPTVIERNITEIVYLTNTTIEKEICPKPAEYRNWSKPQCGITGFAPFSKDNSIRLSAGGDIWVTREPYVSCDLDKCYQFALGQGTTLNNVHSNNTVRDRTPYRTLLMNELGVPFHLGTKQVCIAWSSSSCHDGKAWLHVCITGDDKNATASFIYNGRLVDSVVSWSNDILRTQESECVCINGTCTVVMTDGNATGKADTKILFIEEGKIVHTSKLSGSAQHVEECSCYPRYPGVRCVCRDNWKGSNRPIIDINIKDHSIVSRYVCSGLVGDTPRKNDSSSSSHCLNPNNEKGDHGVKGWAFDDGNDVWMGRTINETSRLGYETFKVVEGWSNPKSKLQINRQVIVDRGDRSGYSGIFSVEGKSCINRCFYVELIRGRKEETEVLWTSNSIVVFCGTSGTYGTGSWPDGANLSLMH,A/Darwin/9/2021,MKTIIALSNILCLVFAQKIPGNDNSTATLCLGHHAVPNGTIVKTITNDRIEVTNATELVQNSSIGEICDSPHQILDGGNCTLIDALLGDPQCDGFQNKEWDLFVERSRANSNCYPYDVPDYASLRSLVASSGTLEFKNESFNWTGVKQNGTSSACIRGSSSSFFSRLNWLTSLNNIYPAQNVTMPNKEQFDKLYIWGVHHPNTDKNQISLFAQSSGRITVSTKRSQQAVIPNIGSRPRIRGIPSRISIYWTIVKPGDILLINSTGNLIAPRGYFKIRSGKSSIMRSDAPIGKCKSECITPNGSIPNDKPFQNVNRITYGACPRYVKQSTLKLATGMRNVPEKQTRGIFGAIAGFIENGWEGMVDGWYGFRHQNSEGRGQAADLKSTQAAIDQINGKLNRLIGKTNEKFHQIEKEFSEVEGRVQDLEKYVEDTKIDLWSYNAELLVALENQHTIDLTDSEMNKLFEKTKKQLRENAEDMGNGCFKIYHKCDNACIGSIRNETYDHNVYRDEALNNRFQIKGVELKSGYKDWILWISFAMSCFLLCIALLGFIMWACQKGNIRCNICI,MNPNQKIITIGSVSLTISTICFFMQIAILITTVTLHFKQYEFNSPPNNQVMLCEPTIIERNITEIVYLTNTTIEKEICPKPAEYRNWSKPQCGITGFAPFSKDNSIRLSAGGDIWVTREPYVSCDLDKCYQFALGQGTTLNNVHSNNTVSDRTPYRTLLMNELGVPFHLGTKQVCIAWSSSSCHDGKAWLHVCITGDDKNATASFIYNGRLVDSVVSWSNDILRTQESECVCINGTCTVVMTDGNATGKADTKILFIEEGKIVHTSKLSGSAQHVEECSCYPRYPGVRCVCRDNWKGSNRPIIDINIKDHSIVSRYVCSGLVGDTPRKSDSSSSSHCLNPNNEKGDHGVKGWAFDDGNDVWMGRTINETSRLGYETFKVVEGWSNPKSKLQINRQVIVDRGDRSGYSGIFSVEGKSCINRCFYVELIRGRKEETEVLWTSNSIVVFCGTSGTYGTGSWPDGANLSLMHI,8.197789960596197,4.8724516018502655,7.144766146993319,4.4754154531437385
23_24,A/Michigan/UOM10045676784/2022,1762,25.33922694637288,EPI2095231,MKTIIALSNILCLVFAQKIPGNDNSTATLCLGHHAVPNGTIVKTITNDRIEVTNATELVQNSSIGKICDSPHQILDGGNCTLIDALLGDPQCDGVQNKEWDLFVERSRANSNCYPYDVPDYASLRSLVASSGTLEFKNESFNWTGVKQNGTSSACKRGSSSSFFSRLNWLTHLNNIYPAQNVTMPNKEQFDKLYIWGVHHPDTDKNQISLFAQSSGRITVSTKRSQQAVIPNIGSRPRIRDIPSRISIYWTIVKPGDILLINSTGNLIAPRGYFKIRSGKSSIMRSDAPIGKCKSECITPNGSIPNDKPFQNVNRITYGACPRYVKQSTLKLATGMRNVPEKQTRGIFGAIAGFIENGWEGMVDGWYGFRHQNSEGRGQAADLKSTQAAIDQINGKLNRLIGKTNEKFHQIEKEFSEVEGRVQDLEKYVEDTKIDLWSYNAELLVALENQHTIDLTDSEMNKLFEKTKKQLRENAEDMGNGCFKIYHKCDNACIGSIRNETYDHNVYRDEALNNRFQIKGVELKSGYKGWILWISFAMSCFLLCIALLGFIMWACQKGNIRCNIC,EPI2095229,MNPNQKIITIGSVSLTISTICFFMQIAILITTVTLHFKQYEFNSPPNNQVMLCEPTIIERNITEIVYLTNTTIEKEICPKPAEYRNWSKPQCGITGFAPFSKDNSIRLSAGGDIWVTREPYVSCDLDKCYQFALGQGTTLNNVHSNNTVRDRTPYRTLLMNELGVPFHLGTKQVCIAWSSSSCHDGKAWLHVCITGDDKNATASFIYNGRLVDSVVSWSNDILRTQESECVCINGTCTVVMTDGNATGKADTKILFIEEGKIIHTSKLSGSAQHVEECSCYPRYPGVRCVCRDNWKGSNRPIIDINIKDHSIVSSYVCSGLVGDTPRKSDSSSSSHCLNPNNEKGSHGVKGWAFDDGNDVWMGRTINETSRLGYETFKVVEGWSNPKSKLQINRQVIVDRGDRSGYSGIFSVEGKSCINRCFYVELIRGRKEETEVLWTSNSIVVFCGTSGTYGTGSWPDGADLNLMH,A/Norway/34811/2022,855,37.57581997776638,EPI2242267,MKTIIALSNILCLVFAQKIPGNDNSTATLCLGHHAVPNGTIVKTITNDRIEVTNATELVQNSSIGEICGSPHQILDGGNCTLIDALLGDPQCDGFQNKEWDLFVERSRANSNCYPYDVPGYASLRSLVASSGTLEFKNESFNWTGVKQNGTSSACKRGSSSSFFSRLNWLTSLNNIYPAQNVTMPNKEQFDKLYIWGVHHPDTDKNQISLFAQSSGRITVSTKRSQQAVIPNIGSRPRIRDIPSRISIYWTIVKPGDILLINSTGNLIAPRGYFKIRSGKSSIMRSDAPIGRCKSECITPNGSIPNDKPFQNVNKITYGACPRYVKQSTLKLATGMRNVPEKQTRGIFGAIAGFIENGWEGMVDGWYGFRHQNSEGRGQAADLKSTQAAIDQINGKLNRLIGKTNEKFHQIEKEFSEVEGRVQDLEKYVEDTKIDLWSYNAELLVALENQHTIDLTDSEMNKLFEKTKKQLRENAEDMGNGCFKIYHKCDNACIGSIRNETYDHNVYRDEALNNRFQIKGVELKSGYKDWILWISFAMSCFLLCIALLGFIMWACQKGNIRCNIC,EPI2242266,MNPNQKIITIGSVSLTISTICFFMQIAILITTVTLHFKQYEFNSPPNNQVMLCEPTIIERNITEIVYLTNTTIEKEICPKPEEYRNWSKPQCGITGFAPFSKDNSIRLSAGGDIWVTREPYVSCDLDKCYQFALGQGTTLNNVHSNNTVRDRTPYRTLLMNELGVPFHLGTKQVCIAWSSSSCHDGKAWLHVCITGDDKNATASFIYNGRLVDSVVSWSNDILRTQESECVCINGTCAVVMTDGNATGKADTKILFIEEGKIVHTSKLSGSAQHVEECSCYPRYPGVRCVCRDNWKGSNRPIIDINIKDHSIVSRYVCSGLVGDTPRKSDSSSSSHCLNPNNEKGGHGVKGWAFDDGNDVWMGRTINETSRLGYETFKVVEGWSNPKSKLQINRQVIVDRGDRSGYSGIFSVEGKSCINRCFYVELIRGRKEETEVLWTSNSIVVFCGTSGTYGTGSWPDGANLSLMH,A/Darwin/9/2021,MKTIIALSNILCLVFAQKIPGNDNSTATLCLGHHAVPNGTIVKTITNDRIEVTNATELVQNSSIGEICDSPHQILDGGNCTLIDALLGDPQCDGFQNKEWDLFVERSRANSNCYPYDVPDYASLRSLVASSGTLEFKNESFNWTGVKQNGTSSACIRGSSSSFFSRLNWLTSLNNIYPAQNVTMPNKEQFDKLYIWGVHHPNTDKNQISLFAQSSGRITVSTKRSQQAVIPNIGSRPRIRGIPSRISIYWTIVKPGDILLINSTGNLIAPRGYFKIRSGKSSIMRSDAPIGKCKSECITPNGSIPNDKPFQNVNRITYGACPRYVKQSTLKLATGMRNVPEKQTRGIFGAIAGFIENGWEGMVDGWYGFRHQNSEGRGQAADLKSTQAAIDQINGKLNRLIGKTNEKFHQIEKEFSEVEGRVQDLEKYVEDTKIDLWSYNAELLVALENQHTIDLTDSEMNKLFEKTKKQLRENAEDMGNGCFKIYHKCDNACIGSIRNETYDHNVYRDEALNNRFQIKGVELKSGYKDWILWISFAMSCFLLCIALLGFIMWACQKGNIRCNICI,MNPNQKIITIGSVSLTISTICFFMQIAILITTVTLHFKQYEFNSPPNNQVMLCEPTIIERNITEIVYLTNTTIEKEICPKPAEYRNWSKPQCGITGFAPFSKDNSIRLSAGGDIWVTREPYVSCDLDKCYQFALGQGTTLNNVHSNNTVSDRTPYRTLLMNELGVPFHLGTKQVCIAWSSSSCHDGKAWLHVCITGDDKNATASFIYNGRLVDSVVSWSNDILRTQESECVCINGTCTVVMTDGNATGKADTKILFIEEGKIVHTSKLSGSAQHVEECSCYPRYPGVRCVCRDNWKGSNRPIIDINIKDHSIVSRYVCSGLVGDTPRKSDSSSSSHCLNPNNEKGDHGVKGWAFDDGNDVWMGRTINETSRLGYETFKVVEGWSNPKSKLQINRQVIVDRGDRSGYSGIFSVEGKSCINRCFYVELIRGRKEETEVLWTSNSIVVFCGTSGTYGTGSWPDGANLSLMHI,-1.0,-1.0,-1.0,-1.0
