,strain,subtype,IRAT assessment date,IRAT Emergence Estimate,IRAT Impact Estimate,summary risk,HA Sequence,NA Sequence,HA Qnet Sample,NA Qnet Sample,HA Average Qdistance,NA Average Qdistance,Both Average Qdistance,geometric mean of Edistances,Emergenet emergence estimate,Emergenet impact estimate,pred_GM,lb_GM,ub_GM,pred_E,lb_E,ub_E,pred_I,lb_I,ub_I
19,A/turkey/Indiana/1573-2/2016,H7N8,Jul 2017,3.4,3.9,Low,MNTQILALIACMLIGAKGDKICLGHHAVANGTKVNTLTERGIEVVNATETVETANIKKICTQGKRPTDLGQCGLLGTLIGPPQCDQFLEFDADLIIERREGTDVCYPGKFTNKESLRQILRGSGGIDKESMGFTYSGIRTNGATSACRRSGSSFYAEMKWLLSNSDNAAFPQMTKSYRNPRSKPALIIWGVHHSGSVTEQTXLYGSGNKLITVGSSKYQQSFTPSPGARPQVNGQSGRIDFHWLLLDPNDTVTFTFNGAFIAPDRASFLRGESLGVQSDVPLDSSCKGDCFHNGGTIVSSLPFQNINPRTVGKCPRYVKQTSLLLATGMRNVPENPKTRGLFGAIAGFIENGWEGLIDGWYGFRHQNAQGEGTAADYKSTQSAIDQITGKLNRLIDKTNQQFELIDNEFSEIEQQIGNVINWTRDSMTEVWSYNAELLVAMENQHTIDLADSEMNKLYERVRKQMRENAEEDGTGCFEIFHKCDDQCMESIRNNTYDHTQYRAESLQKRIQIDPVKLSSGYKDIILWFSFGASCFLLLAIAMGLVFICIKNGNMRCTICI,MNPNKKIITIGSVSLGLVVLNILLHIVSITVTVLVLPGNGNNGNCNETVIREYNETVRIEKVTQWHNTNVIEYIERPENDHFMNNTEALCDAKGFAPFSKDNGIRIGSRGHIFVIREPFVSCSPTECRTFFLTQGSLLNDKHSNGTVKDRSPYRTLMSVEIGQSPNVYQARFEAVAWSATACHDGKKWMTIGVTGPDAEAVAVVHYGGIPTDVINSWAGDILRTQESSCTCIQGECYWVMTDGPANRQAQYRAFKAKQGKIVGQTEISFNGGHIEECSCYPNEGKVECVCRDNWTGTNRPVLVISPDLSYRVGYLCAGLPSDTPRGEDSQFTGSCTSPMGNQGYGVKGFGFRQGNDVWMGRTISRTSRSGFEILKVRNGWVQNSKEQIKRQVVVDNLNWSGYSGSFTLPVELTKRNCLVPCFWVEMIRGKPEEKTIWTSSSSIVMCGVDHEIADWSWHDGAILPFDIDKM,495.0,494.0,0.1130013896119465,0.7737613615876898,0.4430479951901432,-0.2956959740805424,3.3727731887887527,3.8893387922682847,3.8496693727872167,3.1911222470826344,4.508216498491799,3.372773188788751,2.7451247056555923,4.0004216719219095,3.889338792268283,3.2085925867762333,4.570084997760333
16,A/Northern pintail/Washington/40964/2014,H5N2,Mar 2015,3.8,4.1,Low-Moderate,MEKIVLLLAVISLVKSDQICIGYHANNSTKQVDTIMEKNVTVTHAQDILEKTHNGKLCDLNGVKPLILKDCSVAGWLLGNPMCDEFIRVPEWSYIVERANPANDLCYPGTLNDYEELKHLLSRINHFEKNLIIPRSSWPNHETSLGVSAACPYQGASSFFRNVVWLIKKNDAYPTIKISYNNTNREDLLILWGIHHSNNAAEQTNLYKNPDTYVSVGTSTLNQRLVPKIATRSQVNGQSGRMDFFWTILKPNDAIHFESNGNFIAPEYAYKIVKKGDSTIMKSEMEYGHCNTKCQTPIGAINSSMPFHNIHPLTIGECPKYVKSNKLVLATGLRNSPLRERRRKRGLFGAIAGFIEGGWQGMVDGWYGYHHSNEQGSGYAADKESTQKAIDGVTNKVNSIIDKMNTQFEAVGREFNNLERRIENLNKKMEDGFLDVWTYNAELLVLMENERTLDFHDSNVKNLYDKVRLQLRDNAKELGNGCFEFYHKCDNECMESVRNGTYDYPKYSEEAILKREEISGVKLESIGTYQILSIYSTVASSLALAIIVAGLSLWMCSNGSLQCRICI,MNPNQKIITIGSVSLTIATVCFLMQIAILATTVTLHFKQNECSIPPNNQVVPCEPIIIEKNITEIVYLNNTTIEKEVCPEVPEYRNWSKPQCQITGFAPFSKDNSIRLSAGGDIWVTREPYVSCSPGKCYQFALGQGTTLNNKHSNGTIHDRIPHRTLLMSELGVPFHLGTKQVCIAWSSSSCHDGKAWLHVCVTGDDRNATASFIYDGMLADSIGSWSQNILRTQESECVCINGTCTVVMTDGSASGRADTRILFIKEGKIVHISPLSGSAQHIEECSCYPRYPDVRCVCRDNWKGSNRPVIDINMADYSIDSSYVCSGLVGDTPRNDDSSSSSNCRDPNNERGNPGVKGWAFDNGNDVWMGRTISEDSRSGYETFRVTDGWTTANSKSQVNRQIIVDNNNWSGYSGIFSVEGKSCINRCFYVELIRGRPQETRVWWTSNSIVVFCGTSGTYGTGSWPDGANINFMPI,341.0,328.0,0.1528504450242095,0.3799224948392835,0.2641868152017942,-0.2409799211778699,3.8699632441122698,4.2940704778303695,4.293214899344077,3.7798733267627544,4.8065564719254,3.869963244112268,3.3743653799207305,4.3655611083038055,4.294070477830368,3.741426076459471,4.846714879201265
15,A/gyrfalcon/Washington/41088/2014,H5N8,Mar 2015,4.2,4.6,Low-Moderate,MEKIVLLLAVISLVKSDQICIGYHANNSTKQVDTIMEKNVTVTHAQDILEKTHNGKLCDLNGVKPLILKDCSVAGWLLGNPMCDEFIRVPEWSYIVERANPANDLCYPGTLNDYEELKHLLSRINHFEKTLIIPRSSWPNHETSLGVSAACPYQGASSFFRNVVWLIKKNDAYPTIKISYNNTNREDLLILWGIHHSNNAAEQTNLYKNPDTYVSVGTSTLNQRLVPKIATRSQVNGQSGRMDFFWTILKPNDAIHFESNGNFIAPEYAYKIVKKGDSTIMKSEMEYGHCNTKCQTPIGAINSSMPFHNIHPLTIGECPKYVKSNKLVLATGLRNSPLRERRRKRGLFGAIAGFIEGGWQGMVDGWYGYHHSNEQGSGYAADKESTQKAIDGVTNKVNSIIDKMNTQFEAVGREFNNLERRIENLNKKMEDGFLDVWTYNAELLVLMENERTLDFHDSNVKNLYDKVRLQLRDNAKELGNGCFEFYHKCDNECMESVRNGTYDYPKYSEEAILKREEISGVKLESIGTYQILSIYSTVASSLALAIIVAGLSLWMCSNGSLQCRICI,MNPNQKIVTIGSLSLGLVVFNVLLHAVSIILTVLALGKSENNGICNGTVVREYNETVRIEKVTQWYNTSVVEYVPHWNEGTYINNTEPICDVKGFAPFSKDNGIRVGSRGHIFVIREPFVSCSPVGCRTFFLTQGSLLNDKHSNGTVKDRSPFRTLMSVEVGQSPNVYQARFEAVAWSATACHDGKKWMAIGVTGPDSKAVAVVHYGGVPTDVVNSWAGDILRTQESSCTCIQGNCYWVMTDGPANRQAQYRIYKANQGKIIGRKDVSFSGGHIEECSCYPNDGKVECVCRDNWTGTNRPVLIISPDLSYRVGYLCAGLPSDTPRGEDTQFVGSCTSPMGNQGYGVKGFGFRQGTDVWVGRTISRTSRSGFEIIRIKNGWTQTSKEQIRRQVVVDNSNWSGYSGSFTLPVELSGRECLVPCFWVEMIRGRPEERTIWTSSSSIVMCGVDYEIADWSWHDGAILPFDIDKM,341.0,328.0,0.1531514990024913,0.3423525511241014,0.2459192279861124,-0.2289799257401905,3.917804380368748,4.306811357406428,4.390490634941326,3.9027738104553125,4.8782074594273395,3.917804380368746,3.4337561634599534,4.401852597277538,4.306811357406426,3.757938683055852,4.855684031757
11,A/Astrakhan/3212/2020,H5N8,Mar 2021,4.6,5.2,Moderate,MENIVLLLAIVSLVKSDQICIGYHANNSTEQVDTIMEKNVTVTHAQDILEKTHNGKLCDLNGVKPLILKDCSVAGWLLGNPMCDEFIRVPEWSYIVERANPANDLCYPGSLNDYEELKHLLSRINHFEKILIIPKSSWPNHETSLGVSAACPYQGAPSFFRNVVWLIKKNDAYPTIKISYNNTNREDLLILWGIHHSNNAEEQTNLYKNPTTYISVGTSTLNQRLVPKIATRSQVNGQRGRMDFFWTILKPDDAIHFESNGNFIAPEYAYKIVKKGDSTIMKSGVEYGHCNTKCQTPVGAINSSMPFHNIHPLTIGECPKYVKSNKLVLATGLRNSPLREKRRKRGLFGAIAGFIEGGWQGMVDGWYGYHHSNEQGSGYAADKESTQKAIDGVTNKVNSIIDKMNTQFEAVGREFNNLERRIENLNKKMEDGFLDVWTYNAELLVLMENERTLDFHDSNVKNLYDKVRLQLRDNAKELGNGCFEFYHKCDNECMESVRNGTYDYPQYSEEARLKREEISGVKLESIGTYQILSIYSTAASSLALAIMMAGLSLWMCSNGSLQCRICI,MNPNQKIATIGSISLGLVVFNVLLHALNIILMVLALGKSENNGICKGTIIREYNETVRIEKVTQWYNTSVVEYVPHWNEGAYINNTEPICDVKGFAPFSKDNGIRIGSRGHIFVIREPFVSCSPVECRTFFLTQGALLNDKHSNGTVKDRSPFRTLMSVEVGQSPNVYQARFEAVAWSATACHDGKKWMTIGVTGPDSKAIAVVHYGGVPTDIVNSWAGDILRTQESSCTCIQGNCYWVMTDGPSNRQAQYRIYKANQGKIIDQADVSFSGGHIEECSCYPNDGKVECVCRDNWIGTNRPVLVISPDLSYRVGYLCAGLPSDTPRGEDAQFVGSCTSPMGNQGYGVKGFGFRQGTDVWMGRTISRTSRSGFEIIRIKNGWTQTSKEQIRRQVVVDNLNWSGYSGSFTLPVELSGRECLVPCFWVEMIRGRPEERTIWTSSSSIVMCGVDHEIADWSWHDGAILPFDIDGM,381.0,365.0,0.1602858732100894,0.3471870639196581,0.2517375253487287,-0.235900787848641,3.932787601814022,4.370996711123499,4.334387950897569,3.8322427220722206,4.836533179722918,3.93278760181402,3.4523025585353793,4.413272645092661,4.370996711123497,3.840815890454905,4.901177531792088
13,A/American wigeon/South Carolina/AH0195145/2021,H5N1,Mar 2022,4.4,5.1,Moderate,MENIVLLLAIVSLVKSDQICIGYHANNSTEQVDTIMEKNVTVTHAQDILEKTHNGKLCDLNGVKPLILKDCSVAGWLLGNPMCDEFIRVPEWSYIVERANPANDLCYPGSLNDYEELKHMLSRINHFEKILIIPKSSWPNHETSLGVSAACPYQGAPSFFRNVVWLIKKNDAYPTIKISYNNTNREDLLILWGIHHSNNAEEQTNLYKNPTTYISVGTSTLNQRLAPKIATRSQVNGQRGRMDFFWTILKPDDAIHFESNGNFIAPEYAYKIVKKGDSTIMKSGVEYGHCNTKCQTPVGAINSSMPFHNIHPLTIGECPKYVKSNKLVLATGLRNSPLREKRRKRGLFGAIAGFIEGGWQGMVDGWYGYHHSNEQGSGYAADKESTQKAIDGVTNKVNSIIDKMNTQFEAVGREFNNLERRIENLNKKMEDGFLDVWTYNAELLVLMENERTLDFHDSNVKNLYDKVRLQLRDNAKELGNGCFEFYHKCDNECMESVRNGTYDYPQYSEEARLKREEISGVKLESVGTYQILSIYSTAASSLALAIMMAGLSLWMCSNGSLQCRICI,MNPNQKITTIGSICMVIGIVSLMLQIGNIISIWVSHSIQTGNQYQPEPCNQSIITYENNTWVNQTYVNISNTNFLAEQAVTSVTLAGNSSLCPISGWAIYSKDNGIRIGSKGDVFVIREPFISCSHLECRTFFLTQGALLNDKHSNGTVKDRSPYRTLMSCPVGEAPSPYNSRFESVAWSASACHDGISWLTIGISGPDNGAVAVLKYNGIITDTIKSWRNNILRTQESECACVNGSCFTVMTDGPSNGQASYKIFKIDKGKVVKSVELNAPNYHYEECSCYPDAGDIMCVCRDNWHGSNRPWVSFNQNLEYQIGYICSGVFGDNPRPNDGTGSCSPMSSNGAYGVKGFSFKYGNGVWIGRTKSTSSRSGFEMIWDPNGWTETDSSFSVKQDIVEITDWSGYSGSFVQHPELTGLDCMRPCFWVELIRGRPKENTIWTSGSSISFCGVNSDTVGWSWPDGAELPFTIDK,335.0,323.0,0.1721804996063744,0.5113873007939745,0.3373684977344859,-0.29673375430352,3.9702591265953058,4.696462838174544,3.8412568000406098,3.1796262286924892,4.502887371388731,3.970259126595304,3.4985666980829175,4.44195155510769,4.6964628381745435,4.2510988962802285,5.141826780068858
18,A/American green-winged teal/Washington/1957050/2014,H5N1,Mar 2015,3.6,4.1,Low-Moderate,MEKIVLLLAVISLVKSDQICIGYHANNSTKQVDTIMEKNVTVTHAQDILEKTHNGKLCDLNGVKPLILKDCSVAGWLLGNPMCDEFIRVPEWSYIVERANPANDLCYPGTLNDYEELKHLLSRINHFEKTLIIPRSSWPNHETSLGVSAACPYQGASSFFRNVVWLIKKNDAYPTIKISYNNTNREDLLILWGIHHSNNAAEQTNLYKNPDTYVSVGTSTLNQRLVPKIATRSQVNGQSGRMDFFWTILKPNDAIHFESNGNFIAPEYAYKIVKKGDSTIMKSEMEYGHCNTKCQTPIGAINSSMPFHNIHPLTIGECPKYVKSNKLVLATGLRNSPLRERRRKRGLFGAIAGFIEGGWQGMVDGWYGYHHSNEQGSGYAADKESTQKAIDGVTNKVNSIIDKMNTQFEAVGREFNNLERRIENLNKKMEDGFLDVWTYNAELLVLMENERTLDFHDSNVKNLYDKVRLQLRDNAKELGNGCFEFYHKCDNECMESVRNGTYDYPKYSEEAILKREKISGVKLESIGTYQILSIYSTVASSLALAIIVAGLSLWMCSNGSLQCRICI,MNPNQKIITIGSICMVIGIISLVLQIGNIISIWVSHSIQTGSQNHPETCNQSVITYENNTWVNQTYINISNTNLIAEQVVNPVALAGNSSLCPISGWAIYSKDNGIRIGSKGDVFVIREPFISCSHLECRTFFLTQGALLNDKHSNGTVKDRSPYRTLMSCPVGEAPSPYNSRFESVAWSASACHDGISWLTIGISGPDNGAVAVLKYNGIITDTIKSWRSNILRTQESECACINGSCFTIMTDGPSNGQASYKIFKVEKGKVVKSVELNAPNYHYEECSCYPDASEVMCVCRDNWHGSNRPWVSFNQNLEYQIGYICSGVFGDNPRPNDGTGSCGPVSSNGAYGVKGFSFKYGNGVWIGRTKSTSSRSGFEMIWDPNGWTETDSSFSVKQEIVAITDWSGYSGSFVQHPELTGLDCMRPCFWVELIRGRPKENTIWTSGSSISFCGVNSDTVGWSWPDGAELPFTIDK,326.0,314.0,0.191126525500972,0.4482275704345698,0.3168561901079979,-0.2926912676710761,4.087754963449437,4.869314391956413,3.8740264675671727,3.224353190878908,4.523699744255437,4.087754963449435,3.642437709240224,4.533072217658646,4.869314391956412,4.459837925260796,5.2787908586520285
20,A/chicken/Tennessee/17-007431-3/2017,H7N9,Oct 2017,3.1,3.5,Low,MNTQILALIACMLIGAKGDKICLGHHAVANGTKVNTLTERGIEVVNATETVETANIKKICTQGRKPTDLGQCGLLGTLIGPPQCDQFLEFDADLIIERREGTDVCYPGKFTNEESLRQILRGSGGIDKESMGFTYSGIRTNGATSACRRLDSSFYAEMKWLLSNSNNAAFPQMTKSYRNPRSKPALIIWGVHHSGSADEQTKLYGSGNKLITVGSSKYQQSFTPSPGARPQVNGQSGRIDFHWLLLDPNDTVTFTFNGAFIAPDRASFLRGESLGVQSDVPLDSSCKGDCFHNGGTIVSSLPFQNINPRTVGKCPRYVKQTSLLLATGMRNVPENPKTRGLFGAIAGFIENGWEGLIDGWYGFRHQNAQGEGTAADYKSTQSAIDQITGKLNRLIDKTNQQFELIDNEFSEIEQQIGNVINWTRDSMTEVWSYNAELLVAMENQHTIDLADSEMNKLYERVRKQLRENAEEDGTGCFEIFHKCDDQCMESIRNNTYDHTQYRAESLQNRIQIDPVKLSSGYKDIILWFSFGASCFLLLAIAMGLVFICIKNGNMRCTICI,MNPNQKILCTSATAIVIGTIAVLIGIANLGLNIGLHLKPNCNCSNSQSETSNASQTIINNYYNETNITQISNTNIQMEEKANREFNNLTKGLCTINSWHIYGKDNAVRIGENSDVLVTREPYVSCDPDECRFYALSQGTTIRGKHSNGTIHDRSQYRALISWPLSSPPTVYNSRIECIGWSSASCHDGRARMSICISGPNNNASAVIWYNRRPVTEINTWARNILRTQESECVCHNGICPVVFTDGSATGPAETRVYYFKEGKILKWEPLTGTAKHIEECSCYGVQAGITCTCRDNWQGSNRPVIQIDPVAMTHTSQYICSPVLTDNPRPNDPAVGKCNDPYPGNNNNGVKGFSYLDGGNTWLGRTISTASRSGYEMLKVPNALTDDRSKPTQGQTIVLNTDWSGYSGSFMDYWAEGECYRACFYVELIRGRPKEDKVWWTSNSIVSMCSSTEFLGQWNWPDGAKIEYFL,496.0,495.0,0.1026864126999659,0.2568549293955813,0.1796930433958624,-0.1624053917945314,4.144401814465369,4.204321163217938,4.930164736922514,4.515688613353992,5.344640860491035,4.144401814465367,3.7110823180849826,4.577721310845752,4.204321163217936,3.624581155947388,4.784061170488485
21,A/chicken/Tennessee/17-007147-2/2017,H7N9,Oct 2017,2.8,3.5,Low,MNTQILALIACMLIGAKGDKICLGHHAVANGTKVNTLTERGIEVVNATETVETANIKKICTQGRRPTDLGQCGLLGTLIGPPQCDQFLEFDADLIIERREGTDVCYPGKFTNEESLRQILRGSGGIDKESMGFTYSGIRTNGATSACRRSGSSFYAEMKWLLSNSNNAAFPQMTKSYRNPRSKPALIIWGVHHSGSAAEQTKLYGSGNKLITVGSSKYQQSFTPSPGARPQVNGQSGRIDFHWLLLDPNDTVTFTFNGAFIAPDRASFLRGESLGVQSDVPLDSSCEGDCFHNGGTIVSSLPFQNINPRTVGKCPRYVKQTSLLLATGMRNVPENPKTDRKSRHRRIRGLFGAIAGFIENGWEGLIDGWYGFRHQNAQGEGTAADYKSTQSAIDQITGKLNRLIDKTNQQFELIDNEFSEIEQQIGNVINWTRDSMTEVWSYNAELLVAMENQHTIDLADSEMNKLYERVRKQLRENAEEDGTGCFEIFHKCDDQCMESIRNNTYDHTQYRAESLQNRIQIDPVKLSSGYKDIILWFSFGASCFLLLAIAMGLVFICIKNGNMRCTICI,MNPNQKILCTSATAIVIGTIAVLIGIANLGLNIGLHLKPNCNCSNSQSETSNASQTIINNYYNETNITQISNTNIQMEEKANREFNNLTKGLCTINSWHIYGKDNAVRIGENSDVLVTREPYVSCDPDECRFYALSQGTTIRGKHSNGTIHDRSQYRALISWPLSSPPTVYNSRIECIGWSSASCHDGRARMSICISGPNNNASAVIWYNRRPVTEINTWARNILRTQESECVCHNGICPVVFTDGSATGPAETRVYYFKEGKILKWEPLTGTAKHIEECSCYGVQAGITCTCRDNWQGSNRPVIQIDPVAMTHTSQYICSPVLTDNPRPNDPAVGKCNDPYPGNNNNGVKGFSYLNGGNTWLGRTISTASRSGYEMLKVPNALTDDRSKPTQGQTIVLNTDWSGYSGSFMDYWAEGECYRACFYVELIRGRPKEDKVWWTSNSIVSMCSSTEFLGQWNWPDGAKIEYFL,496.0,495.0,0.2095317777150808,0.2540898801843627,0.2317883928457594,-0.2307377392071816,4.187605692430797,4.818476739917357,4.376241246353443,3.8849542439678926,4.867528248738993,4.187605692430795,3.7630881763301387,4.612123208531451,4.818476739917356,4.399265049009423,5.23768843082529
14,A/Jiangxi-Donghu/346/2013,H10N8,Feb 2014,4.3,6.0,Moderate,MYKIVVIIALLGAVKGLDKICLGHHAVANGTIVKTLTNEQEEVTNATETVESTGINRLCMKGRKHKDLGNCHPIGMLIGTPACDLHLTGMWDTLIERENAIAYCYPGATVNVEALRQKIMESGGINKISTGFTYGSSINSAGTTRACMRNGGNSFYAELKWLVSKSKGQNFPQTTNTYRNTDTAEHLIMWGIHHPSSTQEKNDLYGTQSLSISVGSSTYRNNFVPVVGARPQVNGQSGRIDFHWTLVQPGDNITFSHNGGLIAPSRVSKLIGRGLGIQSDAPIDNNCESKCFWRGGSINTRLPFQNLSPRTVGQCPKYVNRRSLMLATGMRNVPELIQGRGLFGAIAGFLENGWEGMVDGWYGFRHQNAQGTGQAADYKSTQAAIDQITGKLNRLVEKTNTEFESIESEFSEIEHQIGNVINWTKDSITDIWTYQAELLVAMENQHTIDMADSEMLNLYERVRKQLRQNAEEDGKGCFEIYHACDDSCMESIRNNTYDHSQYREEALLNRLNINPVTLSSGYKDIILWFSFGASCFVLLAVVMGLFFFCLKNGNMRCTICI,MNPNQKIITIGSVSLGLVILNILLHIVSITVTVLVLPGNGNNESCNETVIREYNETVRVEKVTQWHNTNVIEYIERPENDHFMNNTEALCDAKGFAPFSKDNGIRIGSRGHVFVIREPFVSCSPTECRTFFLTQGSLLNDKHSNGTVKDRSPYRTLMSVEIGQSPNVYQARFEAVAWSATACHDGKKWMTIGVTGPDAKAVAVVHYGGIPTDVINSWAGDILRTQESSCTCIQGECFWVMTDGPANRQAQYRAFKAKQGKIVGQAEISFNGGHIEECSCYPNEGKVECVCRDNWTGTNRPVLVISPDLSYRVGYLCAGLPSDTPRGEDSQFTGSCTSPMGNQGYGVKGFGFRQGNDVWMGRTISRTSRSGFEILKVRNGWVQNSKEQIKRQVVVDNLNWSGYSGSFTLPAELTKRNCLVPCFWVEMIRGNPEEKTIWTSSSSIVMCGVDHEIADWSWHDGAILPFDIDKM,-1.0,-1.0,0.2086581005284133,0.2100888453064388,0.2093734729174261,-0.209372250797113,4.263168408377914,4.840170345353856,4.549436612324834,4.096683528110031,5.002189696539638,4.263168408377912,3.8532572667059792,4.673079550049845,4.840170345353855,4.425202279163747,5.255138411543964
7,A/Bangladesh/0994/2011,H9N2,Feb 2014,5.6,5.4,Moderate,METVSLMTILLLVTTSNADKICIGHQSTNSTETVDTLTETNVPVTHAKELLHTDHNGMLCATNLGHPLILDTCNVEGLIYGNPSCDLLLGGREWSYIVERPSAVNGTCYPGNVENLEELRTLFSSSSSYQRIQIFPDTIWNVTYTGTSKSCSDSFYRNMRWLTQKNGLYPVQDAQFTNNRGKDILFVWGIHHPPTDTAQTNLYTRTDTTTSVTTENLDRTFKPLIGPRPLVNGLIGRINYYWSVLKPGQTLRVRSNGNLIAPWYGHVLSGESHGRILKTNLNSGNCVVQCQTEKGGLNSTLPFHNISKYAFGNCPKYIGVKSLKLAIGLRNVPAKSSRGLFGAIAGFIEGGWPGLVAGWYGFQHSNDQGVGIAADRVSTQKAVDKITSKVNNIVDKMNKQYEIIDHEFSEVETRLNMINNKIDDQIQDVWAYNAELLVLLENQKTLDEHDANVNNLYNKVKRALGSNALEDGKGCFELYHKCDDQCMETIRNGTYNRRKYQEESRLERQKIEGIKLESEGTYKILTIYSTVASSLVLAMGFAAFLFWAMSNGSCRCNICI,MNPNQKIIALGSASLTIAIICLLIQIAILATTMTLHFMQNEHTNSTRNKVVPCESIIIERNITEIVHLNGTIIEKESCPKAVEYKNWSKPQCQITGFAPFSKDNSIRLSAGGDIWVTREPYVSCSLSKCYQFALGQGTTLNNRHSNGTTHDRSPYRTLLMSELGVPFHLGTKQVCIAWSSSSCHDGRAWLHVCVTGDDKNATASVIYGGMLTDSIGSWSKNILRTQESECVCINGTCTVVMTDGSASGRADTRILFIREGKIVHISPLSGSAQHVEECSCYPRYPEVRCVCRDNWKGSNRPVLYINVADYSIDSSYVCSGLVGDTPRNEDSSSSSNCRDPNNERGGPGVKGWAFDNGDDVWMGRTIKKDSRAGYETFRVVDGWTLANSKSQTNRQVIVDSDNWSGYSGMFSVEGKTCINRCFYVELIRGRPQETRVWWTSNSIIVFCGTSGTYGTGSWPDGADINFMSI,-1.0,-1.0,0.207799504036397,0.1823384360569944,0.1950689700466957,-0.1946531185966865,4.338889975388074,4.885886681933126,4.668754525367852,4.2355516702824465,5.101957380453258,4.3388899753880725,3.9425151874681648,4.73526476330798,4.885886681933125,4.479422466686093,5.292350897180158
12,A/Netherlands/219/2003,H7N7,Jun 2012,4.6,5.8,Moderate,MNTQILVFALVASIPTNADKICLGHHAVSNGTKVNTLTERGVEVVNATETVERTNVPRICSKGKRTVDLGQCGLLGTITGPPQCDQFLEFSADLIIERREGSDVCYPGKFVNEEALRQILRESGGIDKETMGFTYSGIRTNGTTSACRRSGSSFYAEMKWLLSNTDNAAFPQMTKSYKNTRKDPALIIWGIHHSGSTTEQTKLYGSGNKLITVGSSNYQQSFVPSPGARPQVNGQSGRIDFHWLILNPNDTVTFSFNGAFIAPDRASFLRGKSMGIQSEVQVDANCEGDCYHSGGTIISNLPFQNINSRAVGKCPRYVKQESLLLATGMKNVPEIPKRRRRGLFGAIAGFIENGWEGLIDGWYGFRHQNAQGEGTAADYKSTQSAIDQITGKLNRLIEKTNQQFELIDNEFTEVERQIGNVINWTRDSMTEVWSYNAELLVAMENQHTIDLADSEMNKLYERVKRQLRENAEEDGTGCFEIFHKCDDDCMASIRNNTYDHSKYREEAIQNRIQIDPVKLSSGYKDVILWFSFGASCFILLAIAMGLVFICVKNGNMRCTICI,MNPNQKLFALSGVAIALSVLNLLIGISNVGLNVSLHLKEKGPKQEENLTCTTINQNNTTVVENTYVNNTTIITKGTDLKTPSYLLLNKSLCNVEGWVVIAKDNAVRFGESEQIIVTREPYVSCDPTGCKMYALHQGTTIRNKHSNGTIHDRTAFRGLISTPLGTPPTVSNSDFMCVGWSSTTCHDGIARMTICIQGNNDNATATVYYNRRLTTTIKTWARNILRTQESECVCHNGTCAVVMTDGSASSQAYTKVMYFHKGLVVKEEELRGSARHIEECSCYGHNQKVTCVCRDNWQGANRPIIEIDMSTLEHTSRYVCTGILTDTSRPGDKSSGDCSNPITGSPGVPGVKGFGFLNGDNTWLGRTISPRSRSGFEMLKIPNAGTDPNSRIAERQEIVDNNNWSGYSGSFIDYWNDNSECYNPCFYVELIRGRPEEAKYVWWASNSLIALCGSPFPVGSGSFPDGAQIQYFS,46.0,46.0,0.275670838216928,0.3520597575773421,0.3134546047822941,-0.3115326764141995,4.593533281183662,5.819944258105108,3.721292084900591,3.0147374680413104,4.427846701759871,4.59353328118366,4.233044205584814,4.954022356782507,5.819944258105108,5.415671541517438,6.224216974692779
17,A/canine/Illinois/12191/2015,H3N2,Jun 2016,3.7,3.7,Low,MKTVIALSYIFCLAFGQNLLGNENNAATLCLGHHAVPNGTMVKTITDDQIEVTNATELVQNPSTGKICNNPHKILDGRDCTLIDALLGDPHCDVFQNETWDLFVERSNAFSNCYPYDVPDYASLRSIVASSGTLEFITEGFTWAGVTQNGGSGACKRGPANSFFSRLNWLTKSGNTYPVLNVTMPNNNNFDKLYIWGVHHPSTNQEQTSLYIQASGRVTVSTRRSQQTIIPNIESRPLVRGQSGRISVYWTIVKPGDILVINSNGNLIAPRGYFKMHIGKSSIMRSDAPIDTCISECITPNGSIPNEKPFQNVNKITYGACPKYVKQNTLKLATGMRNVPERQTRGLFGALAGFIENGWEGMVDGWYGFRHQNSEGTGQAADLKSTQAAIDQINGKLNRVIEKTNEKFHQIEKEFSEVEGRIQDLERYVEDTKVDLWSYNAELLVALENQNTIDLTDSEMNKLFEKTRRQLRENAEDMGNGCFKIYHKCDNACIESIRNGTYDHNIYRDEAVNNRFQIKGVELKSGYKDWILWISFAISCFLLCVVLLGFIMWACQRGNIRCNICI,MNPNQKIIAIGSVSLTIATVCFLLQIAILATTVTLYFKQNECNIPSNSQVVPCKPIIIERNITEVVYLNNTTIEKEICSVVLEYRNWSKPQCQITGFAPFSKDNSIRLSAGGDIWVTREPYVSCDHSKCYQFALGQGTTLNNKHSNSTIHDRTSHRTLLMNELGVPFHLGTKQVCIAWSSSSCHDGKAWLHVCVTGDDRNATASFVYNGMLVDSIGSWSRNILRTQESECVCINGTCTVVMTDGSASGRADTRILFIREGKIIHISPLSGSAQHIEECSCYPRYPNVRCVCRDNWKGSNRPVIDINMADYNINSSYVCSGLVGDTPRNDDSSSSSNCKDPNNERGNPGVKGWAFDNDNDVWMGRTISKDLRSGYETFKVIGGWTTANSKSQVNRQVIVDNNNWSGYSGIFSVEGKSCVNRCFYVELIRGGPQETRVWWTSNSIVVFCGTSGTYGTGSWPDGANINFMPI,1000.0,1000.0,0.0606646850235166,0.1508564581258795,0.105760571574698,-0.0956643063841985,4.907219301423262,4.799350507830404,5.471188957437087,4.986194309187248,5.956183605686926,4.90721930142326,4.5655811000844215,5.248857502762099,4.799350507830403,4.3762905995277706,5.222410416133036
10,A/Yunnan/14564/2015,H5N6,Apr 2016,5.0,6.6,Moderate,MEKMVLLLAAVSLVKSDQICIGYHANNSTEQVDTIMEKNVTVTHAQDILEKTHNGRLCDLNGVKPLILKDCSVAGWLLGNPMCDEFIRVPEWSYIVERANPANDLCYPGNLNDYEELKHLLSRINHFEKTLIIPKSSWPNHTSSGVSAACPYQGMPSFFRNVVWLTKKNDAYPTIKMSYNNTYREDLLILWGIHHSNNAAEQTNLYKNPTTYVSVGTSTLNQRLEPKIATRSQVNGQRGRMDFFWTILKPNDAIHFESNGNFIAPEYAYKIVKKGDSTIMKSEMEYGHCNTKCQTPIGAINSSMPFHNIHPLTIGECPKYVKSNKLVLATGLRNSPLRERRRKRGLFGAIAGFIEGGWQGMVDGWYGYHHSNEQGSGYAADRESTQKAIDGVTNKVNSIIDKMNTQFEAVGREFNNLERRIENLNKKMEDGFLDVWTYNAELLVLMENERTLDFHDSNVKNLYDKVRLQLRDNAKELGNGCFEFYHKCDNECMESVRNGTYDYPQYSEEARLKREEISGVKLESIGTYQILSIYSTVASSLALAIIVAGLSLWMCSNGSLQCRICI,MNPNQKITCISATGVTLSVVSLLIGIANLGLNIGLHYKVSDSTTINIPNMNETNPTTTNITNIIVNKNEERTFLNLTKPLCEVNSWHILSKDNAIRIGEDAHILVTREPYLSCDPQGCRMFALSQGTTLRGRHANGTIHDKSPFRALISWEMGQAPSPYNTRVECIGWSSTSCHDGISRMSICISGPNNNASAVVWYRGRPVTEIPSWVGNILRTQESECVCHKGICPVVMTDGPANNKAATKIIYFKEGKIQKIEELQGNAQHIEECSCYGAAGMIKCVCRDNWKGANRPIITIDPEMMTHTSKYLCSKILTDTSRPNDPTNGNCDEPITGGSPDPGVKGFAFLDGENSWLGRTISKDSRSGYEMLKVPNAETDTQSGPTSYQLIVNNQNWSGYSGAFIDYWANKECFNPCFYVELIRGRPKEIDVLWASNSMVALCGSRERLGSWSWHDGAEIIYFK,344.0,331.0,0.3482338280165176,0.2986819190361853,0.3239336304072556,-0.3225075937482564,4.945632786010179,6.544651853199042,3.632325954677142,2.891431896408656,4.3732200129456285,4.945632786010178,4.604121355065052,5.287144216955303,6.544651853199043,5.9554178586129565,7.1338858477851295
4,A/Anhui-Lujiang/39/2018,H9N2,Jul 2019,6.2,5.9,Moderate,METVSLITILLVATASNADKICIGYQSTNSTETVDTLTENNVPVTHAKELLHTEHNGMLCATSLGQPLILDTCTVEGLIYGNPSCDLSLEGREWSYIVERPSAVNGLCYPGNVENLEELRSLFSSARSYQRIQIFPDTIWNVSYDGTSTACSDSFYRSMRWLTRKDGNYPTQDAQYTNNQGKNILFMWGINHPPTDDTQRNLYTRTDTTTSVATEEINRIFKPLIGPRPLVNGLMGRINYYWSVLKPGQTLRIKSDGNLIAPWYGHILSGESHGRILKTDLKRGSCTVQCQTEKGGLNTTLPFQNVSKYAFGNCSKYIGIKSLKLAVGLRNVPSRSSRGLFGAIAGFIEGGWSGLVAGWYGFQHSNDQGVGMAADRDSTQKAIDKITSKVNNIVDKMNKQYEIIDHEFSEVETRLNMINNKIDDQIQDIWAYNAELLVLLENQKTLDEHDANVNNLYNKVKRALGSNAVEDGKGCFELYHKCNDQCMETIRNGTYNRRKYQEESKLERQKIEGVKLESEGTYKILTIYSTVASSLVIAMGFAAFLFWAMSNGSCRCNICI,MNPNQKITAIGSVSLIIAIICLLMQIAILTTTMTLHFGQKECSNPSNNQVMPCEPIIIEKNTVHLNSTIIEREICPKVAKYKNWSKPQCLITGFAPFSKDNSVRLSAGGDIWVTREPYVSCSPDKCYQFALGQGTTLENKHSNGTTHDRTPHRTLLMNELGVPFHLGTKQVCIAWSSSSCYDGKAWLHICVTGDDKNATASIIYDGMLVDSIGSWSKNILRTQESECVCINGTCAVVMTDGSASGVADTRVLFIREGRIINIRPLSGSAQHVEECSCYPRYPEIRCVCRDNWKGSNRPIIYINMADYSIESSYVCSGLVGDTPRNDDSSSSSNCRDPNNERGAPGVKGWAFDDGNDVWMGRTIKNGSRSGYETFRVINGWTMANSKSQINRQVIVDSDNWSGYSGIFSVEGKECINRCFYVELIRGRPQEPRVWWTSNSIIVFCGTSGTYGTGSWPDGANINFMPI,31.0,30.0,0.0290235976265802,0.1680895225682961,0.0985565600974382,-0.069846708356702,5.196901544002257,5.002380387903649,5.680474523629307,5.137720065906229,6.223228981352386,5.196901544002255,4.844310941973518,5.5494921460309925,5.002380387903648,4.6146646811044665,5.39009609470283
8,A/Sichuan/06681/2021,H5N6,Oct 2021,5.3,6.3,Moderate,MENIVLLLAIVSLVKSDQICIGYHANNSTEQVDTIMEKNVTVTHAQDILEKTHNGKLCDLNGVKPLILKDCSVAGWLLGNPMCDEFIRVPEWSYIVERANPANDLCYPGSLNDYEELKHLLSRINHFEKILIIPKGSWPNHETSLGVSAACPYQGAPSFFRNVVWLVKKNDAYPTIKISYNNTNREDLLILWGIHHSNNAEEQINLYKNPTTYISVGTSTLNQRLVPKIATRSQVNGQRGRMDFFWTILKPDDAIHFESNGNFIAPEYAYKIVKKGDSTIMKSGVEYGHCNTKCQTPIGAINSSMPFHNIHPLTIGECPKYVKSNKLVLATGLRNSPLREKRRKRGLFGAIAGFIEGGWQGMVDGWYGYHHSNEQGSGYAADKESTQKAIDGVTNKVNSIIDKMNTQFEAVGREFNNLERRIENLNKKMEDGFLDVWTYNAELLVLMENERTLDFHDSNVKNLYDKVRLQLRDNAKELGNGCFEFYHKCDNECMESVRNGTYDYPQYSEEARLKREEISGVKLESIGTYQILSIYSTAASSLALAIMMAGLSLWMCSNGSLQCRICI,MNPNQKITCISATGVTLSIVSLLIGITNLGLNIGLHYKVSDSTTINIPNMNETNPTTTNITNTIMNKNEEKTFLKLTKPLCEVNSWHILSKDNAIRIGEDAHILVTREPYLSCDPQGCRMFALSQGTTLRGQHANGTIHDRSPFRALISWEMGQAPSPYNTRVECIGWSSTSCHDGISRMSVCISGPNNNASAVVWYRGRPVTEIPSWAGNILRTQESECVCHKGICPVVMTDGPANNKAATKIVYLKEGKIQKTEELQGNAQHIEECSCYGAARMIKCVCRDNWKGANRPIITIDPERMTHTSKYLCSKILTDTSRPNDPTNGNCDAPIKGGNPDPGVKGFAFLDGENSWLGRTISKDSRSGYEMLKVPNAEIDTQSGPISYQLIVNNQNWSGYSGAFIDYWANKECFNPCFYVELIRGRPKESSVLWTSSSMVALCGSRERLGSWSWHDGAEIIYFK,45.0,45.0,0.3615906035041952,0.0517943274090813,0.2066924654566382,-0.1368515330785285,5.202812181974363,6.415098958263637,5.137312349340944,4.712179964723387,5.562444733958501,5.202812181974362,4.849720896045219,5.555903467903504,6.415098958263637,5.86512455148456,6.965073365042714
6,A/California/62/2018,H1N2,Jul 2019,5.8,5.7,Moderate,MKVKLMVLLCTFTATYADTICVGYHANNSTDTVDTVLEKNVTVTHSVNLLEDSHNGKLCLLKGIAPLQLGSCSVAGWILGNPECELLNSKESWSYIVETSNPENGTCYPGYFEDYEELREQLSSVSSFKKFEIFPKKSSWPNHTVTGVSSSCSHNGNSSFYRNLLWLTVKNNLYPNLSKSYTNKEGKEVLVLWGVHHPSNMEDQRALYHTENAYVSVVSSHYSRRFTPEIAKRPKVRNQEGRINYYWTLLEPGDTIIFEASGNLIAPRYAFELSKSFGSGIITSNAPMGECNTKCQTPQGAINSSLPFQNVHPVTIGECPKYVRSAKLRMVTGLRNTPSIQSRGLFGAIAGFIEGGWTGMVDGWYGYHHQNEQGSGYAADQQSTQIAINGITNKVNSVIEKMNTQFTAVGKEFNKLERRMENLNKKVDDGFLDIWTYNAELLVLLENERTLDFHDSNVKNLYEKVKSQLKNNAKEIGNGCFEFYHKCDDECMDSVKNGTYDYPKYSEESKLNREKIDGVKLESMGVYNILAIYSTIASSLVLLISLGAICFWMCSNGSLQCRICI,MNPNQKIITIGSISLTLAAMCFLMQTAILVTNVTLHFNQCECHYPPNNQVILCEPTIIERNTTRIVYLTNTTIEKEKCPKLAEYRNWSKPQCRITGFAPFSKDNSIRLSAGGDIWVTREPYVSCDPDKCYQFALGQGTTLDNRHSNNTFHDRTPYRTLLMNELGIPFHLGTKQVCIAWSSSSCHDGKAWLHVCITGHDENATASIIYNGRLVDSIGSWSKKILRTQESECVCINGTCTVVMTDGSASGRADTRILFIEEGKIIHISPLIGSAQHVEECSCYPRYPGVRCICRDNWKGSNRPVVDINVKDYSIVSSYVCSGLVGDTPRKDDKSSSSNCLNPNNEKGEHGVKGWAFDDGKDVWMGRTINETLRSGYETFKVIEGWSKSNSKLQINRQVIVEKSDRSGYSGIFSVESKSCINRCFYVELIRGRKQENAVWWTSNSIVVFCGTSGTYGSGSWPDGADINLMPV,55.0,55.0,0.108902111916434,0.060950586010087,0.0849263489632605,-0.0814717591502891,5.363064568416323,5.483384029456914,5.586238207192819,5.071021431774195,6.101454982611443,5.363064568416322,4.992560255379958,5.733568881452685,5.483384029456913,5.118546936639666,5.848221122274161
0,A/swine/Shandong/1207/2016,H1N1,Jul 2020,7.5,6.9,Moderate,MEARLFVLFCAFTTLKADTICVGYHANNSTDTVDTILEKNVTVTHSVNLLENSHNGKLCSLNGKIPLQLGNCNVAGWILGNPKCDLLLTANSWSYIIETSNSKNGACYPGEFADYEELKEQLSTVSSFERFEIFPKATSWPNHDTTRGTTVACSHSGANSFYRNLLWIVKKGNSYPKLSKSYTNNKGKEVLVIWGVHHPPTESDQQTLYQNNHTYVSVGSSKYYKRFTPEIVARPKVREQAGRMNYYWTLLDQGDTITFEATGNLIAPWHAFALKKGSSSGIMRSDAQVHNCTTKCQTPHGALKGNLPFQNVHPVTIGKCPKYVKSTQLRMATGLRNIPSIQSRGLFGAIAGFIEGGWTGMVDGWYGYHHRNEQGSGYAADQKSTQIAIDGISNKVNSVIEKMNIQFTSVGKEFNSLEKRMENLNKKVDDGFLDVWTYNAELLILLENERTLDFHDLNVKNLYEKVKSQLRNNAKEIGNGCFEFYHKCDNECMESVKNGTYNYPKYSEESKLNREEIDGVKLESMGIHQILAIYSTVASSLVLLVSLGAISFWMCSNGSLQCRVCI,MNPNQKIITIGSICMTIGIASLILQIGNIISIWISHSIQIENQNQSKICNQNVITYENNTWVNQTYVNVSNTTFVAEQAVASVKLAGNSSLCPVSGWAIYSKDNSVRIGSKGDVFVIREPFISCSHLECRTFFLTQGALLNDKHSNGTIKDRSPYRTLMSCPIGEVPSPYNSRFESVAWSASACHDGTNWLTIGISGPDNGAVAVLKYNGIITDTIKSWRKNILRTQESECACVNGSCFTVMTDGPSNGQASYKIFKIERGKVVKSVELNAPNYHYEECSCYPESSEIICVCRDNWHGSNRPWVSFNQNLEYQIGYICSGIFGDNPRPNDKTGSCGPVFPNGANGVKGFSFKYGNGVWIGRTKSTSSRMGFEMIWDPDGWTRTDDKFSVKQDIIGITDWSGYSGSFVQHPELTGLNCMRPCFWVELIRGRPKENTIWTSGSSISFCGVNSDTVGWSWPDGAELPFTIDK,1000.0,1000.0,0.0941345191942589,0.02052958450605,0.0573320518501544,-0.0439606934287315,6.043769907412449,6.1872584744298535,5.890314698725794,5.279080020598393,6.501549376853195,6.043769907412448,5.538073836875439,6.549465977949456,6.1872584744298535,5.701093326741267,6.67342362211844
9,A/Vietnam/1203/2004,H5N1,Nov 2011,5.2,6.6,Moderate,MEKIVLLFAIVSLVKSDQICIGYHANNSTEQVDTIMEKNVTVTHAQDILEKKHNGKLCDLDGVKPLILRDCSVAGWLLGNPMCDEFINVPEWSYIVEKANPVNDLCYPGDFNDYEELKHLLSRINHFEKIQIIPKSSWSSHEASLGVSSACPYQGKSSFFRNVVWLIKKNSTYPTIKRSYNNTNQEDLLVLWGIHHPNDAAEQTKLYQNPTTYISVGTSTLNQRLVPRIATRSKVNGQSGRMEFFWTILKPNDAINFESNGNFIAPEYAYKIVKKGDSTIMKSELEYGNCNTKCQTPMGAINSSMPFHNIHPLTIGECPKYVKSNRLVLATGLRNSPQRERRRKKRGLFGAIAGFIEGGWQGMVDGWYGYHHSNEQGSGYAADKESTQKAIDGVTNKVNSIIDKMNTQFEAVGREFNNLERRIENLNKKMEDGFLDVWTYNAELLVLMENERTLDFHDSNVKNLYDKVRLQLRDNAKELGNGCFEFYHKCDNECMESVRNGTYDYPQYSEEARLKREEISGVKLESIGIYQILSIYSTVASSLALAIMVAGLSLWMCSNGSLQCR,MNPNQKIITIGSICMVTGIVSLMLQIGNMISIWVSHSIHTGNQHQSEPISNTNFLTEKAVASVKLAGNSSLCPINGWAVYSKDNSIRIGSKGDVFVIREPFISCSHLECRTFFLTQGALLNDKHSNGTVKDRSPHRTLMSCPVGEAPSPYNSRFESVAWSASACHDGTSWLTIGISGPDNGAVAVLKYNGIITDTIKSWRNNILRTQESECACVNGSCFTVMTDGPSNGQASHKIFKMEKGKVVKSVELDAPNYHYEECSCYPNAGEITCVCRDNWHGSNRPWVSFNQNLEYQIGYICSGVFGDNPRPNDGTGSCGPVSSNGAYGVKGFSFKYGNGVWIGRTKSTNSRSGFEMIWDPNGWTETDSSFSVKQDIVAITDWSGYSGSFVQHPELTGLDCIRPCFWVELIRGRPKESTIWTSGSSISFCGVNSDTVGWSWPDGAELPFTIDK,258.0,246.0,0.1672540901889866,0.0110740758805138,0.091341891999211,-0.0430370129781231,6.21813205371917,6.70115046241743,5.897802342846691,5.283971288245478,6.511633397447904,6.218132053719168,5.6676935460583895,6.768570561379947,6.701150462417431,6.062309008616064,7.339991916218797
1,A/Ohio/13/2017,H3N2,Jul 2019,6.6,5.8,Moderate,MKTIIALSHILCLVFAQKLPGNDNNMATLCLGHHAVPNGTIVKTITNDQIEVTNATELVQSFSTGEICNSPYQILDGENCTLIDALLGDPQCDGFQNNKWDLFVERSKAHSNCYPYDVPDYASLRSLVASSGTLEFNNESFNWTGVTQDGASSSCKRRSSNSFFSRLNWLTHLNFKYPALEVTMPNNEQFDKLYIWGVHHPATDKDQISLYAQAAGRIIVSTKRNQQAVIPNIGSRPRVRDIPSRISIYWTIVRPGDILLINSTGNLIAPRGYFKIRSGKSSIMRSDAPIGKCNSACITPNGSIPNDKPFQNVNRITYGACPRYVKQNTLKLATGMRNIPEKQTRGIFGAIAGFIENGWEGMVDGWYGFRHQNSEGRGQAADLKSTQAAIDQINGKLNRLIGKTNEKFHQIEKEFSDVEGRIQDLEKYVEDTKIDLWSYNAELLVALENQHTIDLTDSEMNKLFEKTKKQLRENAEDMGNGCFKIYHKCDNACIGSIRNGTYDHDVYRNEALNNRFQIKGVELKSEYKDWILWISFAISCFLLCVALLGFIMWACQKGNIKCNICI,MNPNQKIITIGSVSLIIATICFLMQIAILVTTITLHFKQHNCDSSPNNHVMFCEPTIIERNKTEIVYLTNTTVEKEICPKPTEYRNWSKPQCNITGFAPFSKDNSIRLSAGGDIWVTREPYVSCDQDKCYQFALGQGTTLNNGHSNDTVHDRTPYRTLLMNELGVPFHLGTRQVCIAWSSSSCHDGKAWLHVCITGDDKNATASLIYNGRLVDSIGSWSKNILRTQESECVCINGTCTVVMTDGSASGKADTKILFIEEGKIIHISTLSGSAQHVEECSCYPRYSGVRCVCRDNWKGSNRPIVDINVKDYSTVSSYICSGLVGDTPRKNDSFSSSNCLDPNNEEGGHGVKGWAFDDGNDLWMGRTISEKSRLGYETFKVVKGWSEPNSKLQSNRQVIVDRGNRSGYSGIFSIEGKNCINRCFYVELIRGRKEETKVLWTSNSIVVFCGTSGTYGTGSWPDGADINLMPI,1000.0,1000.0,0.0184305754289057,0.030622541046257,0.0245265582375814,-0.0237569158894373,6.286471198641871,6.153447130005712,6.054092871158006,5.384124734970499,6.724061007345513,6.286471198641869,5.717802052382477,6.855140344901261,6.153447130005712,5.676050447998025,6.630843812013398
5,A/Indiana/08/2011,H3N2,Dec 2012,6.0,4.5,Moderate,MKTIIAFSCILCLIFAQKLPGSDNSMATLCLGHHAVPNGTLVKTITDDQIEVTNATELVQSSSTGGICNSPHQILDGKNCTLIDALLGDPHCDDFQNKEWDLFVERSTAYSNCYPYYVPDYATLRSLVASSGNLEFTQESFNWTGVAQGGSSYACRRGSVNSFFSRLNWLYNLNYKYPEQNVTMPNNDKFDKLYIWGVHHPGTDKDQTNLYVQASGRVIVSTKRSQQTVIPNIGSRPWVRGVSSIISIYWTIVKPGDILLINSTGNLIAPRGYFKIQSGKSSIMRSDAHIDECNSECITPNGSIPNDKPFQNVNKITYGACPRYVKQNTLKLATGMRNVPEKQTRGIFGAIAGFIENGWEGMVDGWYGFRHQNSEGTGQAADLKSTQAAINQITGKLNRVIKKTNEKFHQIEKEFSEVEGRIQDLEKYVEDTKIDLWSYNAEILVALENQHTIDLTDSEMSKLFERTRRQLRENAEDMGNGCFKIYHKCDNACIGSIRNGTYDHDIYRNEALNNRFQIKGVQLKSGYKDWILWISFAISCFLLCVVLLGFIMWACQKGNIRCNICI,MNPNQKIITIGSVSLIIATICFLMQIAILVTTVTLHFKQHDYNSPPNNQAMLCEPTIIERNTTEIVYLTNITIEKEICPKLAEYRNWSKPQCNITGFAPFSKDNSIRLSAGGDIWVTREPYVSCDPDKCYQFALGQGTTLNNGHSNNTVHDRTPYRTLLMNELGVPFHLGTRQVCMAWSSSSCHDGKAWLHVCITGNDNNATASFIYNGRLVDSIGSWSKNILRTQESECVCINGTCTVVMTDGSASGKADTKILFVEEGKIVHISTLSGSAQHVEECSCYPRFPGVRCVCRDNWKGSNRPIVDINVKNYSIVSSYVCSGLVGDTPRKSDSVSSSYCLDPNNEKGGHGVKGWAFDDGNDVWMGRTINETLRLGYETFKVIEGWSKANSKLQTNRQVIVEKGDRSGYSGIFSVEGKSCINRCFYVELIRGRKEETKVWWTSNSIVVFCGTSGTYGTGSWPDGADINLMPI,1000.0,1000.0,0.0523108460252591,0.0091032741996451,0.0307070601124521,-0.0218220066672006,6.431360508085628,6.457251039236116,6.06977785361358,5.393990751308017,6.745564955919143,6.431360508085627,5.822965510614232,7.039755505557022,6.457251039236116,5.894706470276487,7.019795608195745
2,A/Hong Kong/125/2017,H7N9,May 2017,6.5,7.5,Moderate-High,MNTQILVFALIAIIPTNADKICLGHHAVSNGTKVNTLTERGVEVVNATETVERTNIPRICSKGKRTVDLGQCGLLGTITGPPQCDQFLEFSADLIIERREGSDVCYPGKFVNEEALRQILRESGGIDKETMGFTYNGIRTNGVTSACKRSGSSFYAEMKWLLSNTDNAAFPQMTKSYKNTRKSPAIIVWGIHHSVSTAEQTKLYGSGNKLVTVGSSNYQQSFVPSPGARPQVNGLSGRIDFHWLILNPNDTVTFSFNGAFIAPDRASFLRGKSMGIQSGVQVDANCEGDCYHSGGTIISNLPFQNIDSRAVGKCPRYVKQRSLLLATGMKNVPEIPKGRGLFGAIAGFIENGWEGLIDGWYGFRHQNAQGEGTAADYKSTQSAIDQITGKLNRLIAKTNQQFELIDNEFNEVEKQIGNVINWTRDSITEVWSYNAELLIAMENQHTIDLADSEMDKLYERVKRQLRENAEEDGTGCFEIFHKCDDDCMASIRNNTYDHRKYREEAMQNRIQIDPVKLSSGYKDVILWFSFGASCFILLAIVMGLVFICVKNGNMRCTICI,MNPNQKILCTSATAITIGAIAVLIGIANLGLNIGLHLKPGCNCSHSQPETTNTSQTIINNYYNETNITNIQIEERTSRNFNNLTKGLCTINSWHIYGKDNAVRIGESSDVLVTREPYVSCDPDECRFYALSQGTTIRGKHSNGTIHDRSQYRALISWPLSSPPTVHNSRVECIGWSSTSCHDGKSRMSICISGPNNNASAVVWYNRRPVAEINTWARNILRTQESECVCHNGVCPAVFTDGPATGPADTRIYYFKEGKILKWESLTGTAKHIEECSCYGERTGITCTCRDNWQGSNRPVVQIDPVAMTHTSQYICSPVLTDSPRPNDPNIGKCNDPYPGNNNNGVKGFSYLDGANTWLGRTISTTSRSGYEMLKVPNALTDDRSKPIQGQTIVLNADWSGYSGSFMDYWAEGDCYRACFYVELIRGRPKEDKVWWTSNSIVSMCSSTEFLGQWNWPDGAKIEYFL,437.0,437.0,0.0295990211637253,0.0057745547804898,0.0176867879721075,-0.0130736823106119,6.585210876590499,6.540148532888949,6.140694521161502,5.438230129307198,6.843158913015807,6.585210876590497,5.933283085105675,7.237138668075319,6.54014853288895,5.952309001947851,7.127988063830049
3,A/Shanghai/02/2013,H7N9,Apr 2016,6.4,7.2,Moderate-High,MNTQILVFALIAIIPTNADKICLGHHAVSNGTKVNTLTERGVEVVNATETVERTNIPRICSKGKRTVDLGQCGLLGTITGPPQCDQFLEFSADLIIERREGSDVCYPGKFVNEEALRQILRESGGIDKEAMGFTYSGIRTNGATSACRRSGSSFYAEMKWLLSNTDNAAFPQMTKSYKNTRKSPALIVWGIHHSVSTAEQTKLYGSGNKLVTVGSSNYQQSFVPSPGARPQVNGLSGRIDFHWLMLNPNDTVTFSFNGAFIAPDRASFLRGKSMGIQSGVQVDANCEGDCYHSGGTIISNLPFQNIDSRAVGKCPRYVKQRSLLLATGMKNVPEIPKGRGLFGAIAGFIENGWEGLIDGWYGFRHQNAQGEGTAADYKSTQSAIDQITGKLNRLIEKTNQQFELIDNEFNEVEKQIGNVINWTRDSITEVWSYNAELLVAMENQHTIDLADSEMDKLYERVKRQLRENAEEDGTGCFEIFHKCDDDCMASIRNNTYDHSKYREEAMQNRIQIDPVKLSSGYKDVILWFSFGASCFILLAIVMGLVFICVKNGNMRCTICI,MNPNQKILCTSATAIIIGAIAVLIGMANLGLNIGLHLKPGCNCSHSQPETTNTSQTIINNYYNETNITNIQMEERTSRNFNNLTKGLCTINSWHIYGKDNAVRIGESSDVLVTREPYVSCDPDECRFYALSQGTTIRGKHSNGTIHDRSQYRALISWPLSSPPTVYNSRVECIGWSSTSCHDGKSRMSICISGPNNNASAVVWYNRRPVAEINTWARNILRTQESECVCHNGVCPVVFTDGSATGPADTRIYYFKEGKILKWESLTGTAKHIEECSCYGERTGITCTCRDNWQGSNRPVIQIDPVAMTHTSQYICSPVLTDNPRPNDPNIGKCNDPYPGNNNNGVKGFSYLDGANTWLGRTISTASRSGYEMLKVPNALTDDRSKPIQGQTIVLNADWSGYSGSFMDYWAEGDCYRACFYVELIRGRPKEDKVWWTSNSIVSMCSSTEFLGQWNWPDGAKIEYFL,178.0,178.0,0.0054949895349331,0.0035556294780924,0.0045253095065127,-0.0044201975942504,6.740483396749638,6.620084867081372,6.210842388769892,5.481445208751642,6.940239568788143,6.740483396749636,6.043470512643443,7.437496280855829,6.620084867081373,6.0072068602722775,7.232962873890469
