name,date,acc,sequence,cluster_size
A/Maryland/09/2016,2016-02-15,ANM89745.1 ,MNPNQKIITIGSICMTIGMANLILQIGNIISIWVSHSIQIGNQSQIETCNQSVITYENNTWVNQTYVNISNTNFAAGQSVVSVKLAGNSSLCPVSGWAIYSKDNSVRIGSKGDVFVIREPFISCSPLECRTFFLTQGALLNDKHSNGTIKDRSPYRTLMSCPIGEVPSPYNSRFESVAWSASACHDGINWLTIGISGPDSGAVAVLKYNGIITDTIKSWRNNILRTQESECACVNGSCFTIMTDGPSDGQASYKIFRIEKGKIIKSVEMKAPNYHYEECSCYPDSSEITCVCRDNWHGSNRPWVSFNQNLEYQMGYICSGVFGDNPRPNDKTGSCGPVSSNGANGVKGFSFKYGNGVWIGRTKSISSRKGFEMIWDPNGWTGTDNKFSIKQDIVGINEWSGYSGSFVQHPELTGLDCIRPCFWVELIRGRPEENTIWTSGSSISFCGVNSDTVGWSWPDGAELPFTID,3366
A/Taipei/0059/2016,2016-02-15,AQN74587.1 ,MNPNQKIITIGSVCMTIGMANLILQIGNIISIWISHSIQIGNQSQIETCNQSVITYENNTWVNQTYINISNTNFAAGQSVVSVKLAGNSSLCPVSGWAIYSKDNSVRIGSKGDVFVIREPFISCSPLECRTFFLTQGALLNDKHSNGTIKDRSPYRTLMSCPIGEVPSPYNSRFESVAWSASACHDGINWLTIGISGPDSGAVAVLKYNGIITDTIKSWRNNILRTQESECACVNGSCFTIMTDGPSDGQASYKIFRIEKGKIIKSVEMKAPNYHYEECSCYPDSSEITCVCRDNWHGSNRPWVSFNQNLEYQIGYICSGVFGDNPRPNDKTGSCGPVSSNGANGVKGFSFKYGNGVWIGRTKSISSRKGFEMIWDPNGWIGTDNKFSIKQDIVGINEWSGYSGSFVQHPELTGLDCIRPCFWVELIRGRPEENTIWTSGSSISFCGVNSDTVGWSWPDGAELPFTID,103
A/Guatemala/19/2016,2016-02-16,EPI832976,MNPNQKIITIGSICMTIGMANLILQIGNIISIWVSHSIQIGNQSQIETCNQSVITYENNTWVNQTYVNISNTNFAAGQSVVSVKLAGNSSLCPVSGWAIYSKDNSVRIGSKGDVFVMREPFISCSPLECRTFFLTQGALLNDKHSNGTIKDRSPYRTLMSCPIGEVPSPYNSRFESVAWSASACHDGINWLTIGISGPDSGAVAVLKYNGIITDTIKSWRNNILRTQESECACVNGSCFTIMTDGPSDGQASYKIFRIEKGKIVKSVEMNAPNYHYEECSCYPDSSEVTCVCRDNWHGSNRPWVSFNQNLEYQMGYICSGVFGDNPRPNDKTGSCGPVSSNGANGVKGFSFKYGNGVWIGRTKSISSRKGFEMIWDPNGWTGTDNKFSIKQDIVGINEWSGYSGSFVQHPELTGLDCIRPCFWVELIRGRPEENTIWTSGSSISFCGVNGDTVGWSWPDGAELPFTID,89
A/Mali/025/2016,2016-02-22,EPI828198,MNPNQKIITIGSVCMTIGMANLILQIGNIISIWVSHSIQIGNQSQIETCNQSVITYENNTWVNQTYVNISNTNFAAGQSVVSVKLAGNSSLCPVSGWAIYSKDNSVRIGSKGDVFVMREPFISCSPLECRTFFLTQGALLNDKHSNGTIKDRSPYRTLMSCPIGEVPSPYNSRFESVAWSASACHDGINWLTIGISGPDSGAVAVLKYNGIITDTIKSWRNNILRTQESECACVNGSCFTIMTDGPSDGQASYKIFRIEKGKIVKSVEMNAPNYHYEECSCYPDSSEITCVCRDNWHGSNRPWVSFNQNLEYQIGYICSGVFGDNPRPNDKTGSCGPVSSNGANGVKGFSFKYGNGVWIGRTKSTSSRKGFEMIWDPNGWTGTDNKFSIKQDIVGINEWSGYSGSFVQHPELTGLDCIRPCFWVELIRGRPEENTIWTSGSSISFCGVNSDTVGWSWPDGAELPFTID,20
A/Latvia/02-072980/2016,2016-02-29,EPI748981,MNPNQKIITIGSICMTIGMANLILQIGNIISIWVSHSIQIGNQSQIETCNQSVITYENNTWVNQTYVNISNTNFAAGQSVVSVKLAGNSSLCPVSGWAIYSKDNSVRIGSKGDVFVMREPFISCSPLECRTFFLTQGALLNDKHSNGTIKDRSPYRTLMSCPIGEVPSPYNSRFESVAWSASACHDGINWLTIGISGPNSGAVAVLKYNGIITDTIKSWRNNILRTQESECACVNGSCFTIMTDGPSDGQASYKIFRIEKGKIVKSVEMNAPNYHYEECSCYPDSSEVTCVCRDNWHGSNRPWVSFNQNLEYQMGYICSGVFGDNPRPNDKTGSCGPVSSNGANGVKGFSFKYGNGVWIGRTKSISSRKGFEMIWDPNGWTGTDNKFSIKQDIVGINEWSGYSGSFVQHPELTGLDCIRPCFWVELIRGRPEENTIWTSGSSISFCGVNGDTVGWSWPDGAELPFTID,10
A/Mali/023/2016,2016-02-22,EPI830062,MNPNQKIITIGSVCMTIGMANLILQIGNIISIWVSHSIQIGNQSQIETCNQSVITYENNTWVNQTYVNISNTNFAAGQSVVSVKLAGNSSLCPVSGWAIYSKDNSVRIGSKGDVFVMREPFISCSPLECRTFFLTQGALLNDKHSNGTIKDRSPYRTLMSCPIGEVPSPYNSRFESVAWSASACHDGINWLTIGISGPDSGAVAVLKYNGIITDTIKSWRNNILRTQESECACVNGSCFTIMTDGPSDGQASYKIFRIEKGKIVKSVEMNAPNYHYEECSCYPDSSEITCVCRDNWHGSNRPWVSFNQNLEYQIGYICSGVFGDNPRPNDKTGSCGPVSSNGANGVKGFSFKYGNGVWIGRTKSTSSRKGFEMIWDPNGWTGTDNKFSIKQDIVGINEWSGYSGSFVQHPELTGLDCIRPCFWVELIRGRPEENTIWTSGSSISFCGVNSDTVGWSWPDGAELPFTID,13
A/Saudi_Arabia/1017089598/2017,2017-01-21,EPI1060800,MNPNQKIITIGSICMTIGMANLILQIGNIISIWVSHSIQIGNQSQIETCNQSVITYENNTWVNQTYVNISNTNFAARQSVVSVKLAGNSSLCPVSGWAIYSKDNSVRIGSKGDVFVIREPFISCSPLECRTFFLTQGALLNDKHSNGTIKDRSPYRTLMSCPIGEVPSPYNSRFESVAWSASACHDGTNWLTIGISGPDSGAVAVLKYNGIITDTIKSWRNNILRTQESECACVNGSCFTIMTDGPSDGQASYKIFRIEKGKIIKSVEMKAPNYHYEECSCYPDSSEITCVCRDNWHGSNRPWVSFNQNLEYQMGYICSGVFGDNPRPNDKTGSCGPVSSNGANGVKGFSFKYGNGVWIGRTKSISSRKGFEMIWDPNGWTGTDNKFSIKQDIVGINEWSGYSGSFVQHPELTGLDCIRPCFWVELIRGRPEENTIWTSGSSISFCGVDSDTVGWSWPDGAELPFTID,60
A/Congo/0691/2016,2016-04-21,EPI842177,MNPNQKIITIGSVCMTIGMANLILQIGNIISIWVSHSIQIGNQSQIETCNQSVITYENNTWVNQTYVNISNTNFAAGQSVVSVKLAGNSSLCPVSGWAIYSKDNSVRIGSKGDVFVMREPFISCSPLECRTFFLTQGALLNDKHSNGTIKDRSPYRTLMSCPIGEVPSPYNSRFESVAWSASACHDGINWLTIGISGPDSGAVAVLKYNGIITDTIKSWRNNILRTQESECACVNGSCFTIMTDGPSDGQASYKIFRIEKGKIVKSVEINAPNYHYEECSCYPDSSEITCVCRDNWHGSNRPWVSFNQNLEYKIGYICSGVFGDNPRPNDKTGSCGPVSSNGANGVKGFSFKYGNGVWIGRTKSTSSRKGFEMIWDPNGWTGTDNKFSIKQDIVGINEWSGYSGSFVQHPELTGLNCIRPCFWVELIRGRPEENTIWTSGSSISFCGVNSDTVGWSWPDGAELPFTID,7
A/Mali/6042/2016,2016-04-12,EPI840803,MNPNQKIITIGSVCMTIGMANLILQIGNIISIWVSHSIQIGNQSQIETCNQSVITYENNTWVNQTYVNISNTNFAAGQSVVSVKLAGNSSLCPVSGWAIYSKDNSVRIGSKGDVFVMREPFISCSPLECRTFFLTQGALLNDKHSNGTIKDRSPYRTLMSCPIGEVPSPYNSRFESVAWSASACHDGINWLTIGISGPDSGAVAVLKYNGIITDTIKSWRNNILRTQESECACVNGSCFTIMTDGPSDGQASYKIFRIEKGKIVKSVEMNAPNYHYEECSCYPDSSEITCVCRDNWHGSNRPWVSFNQNLEYQIGYICSGVFGDNPRPNDKTGSCGPVSSNGANGVKGFSFKYGNGVWIGRTKSTSSRKGFEMIWDPNGWTGTDTKFSIKQDIVGINEWSGYSGSFVQHPELTGLDCIRPCFWVELIRGRPEENTIWTSGSSISFCGVNSDTGGWSWPDGAELPFTID,6
A/Trinidad/0914/2016,2016-02-16,EPI814876,MNPNQKIITIGSVCMTIGMANLILQIGNIISIWVSHSIQIGNQSQIETCNQSVITYENNTWVNQTYVNISNTNFAAGQSVVSVKLAGNSSLCPVSGWAIYSKDNSVRIGSKGDVYVMREPFISCSPLECRTFFLTQGALLNDKHSNGTIKDRSPYRTLMSCPIGEVPSPYNSRFESVAWSASACHDGINWLTIGISGPDSGAVAVLKYNGIITDTIKSWRNNILRTQESECACVNGSCFTIMTDGPSDGQASYKIFRIEKGKIVKSVEINAPNYHYEECSCYPDSSEITCVCRDNWHGSNRPWVSFNQNLEYQIGYICSGVFGDNPRPNDKTGSCGPVSSNGANGVKGFSFKYGNGVWIGRTKSTSSRKGFEMIWDPNGWTGTDNKFSIKQDIVGINEWSGYSGSFVQHPELTGLNCIRPCFWVELIRGRPEENTIWTSGSSISFCGVNSDTVGWSWPDGAELPFTID,3
A/Singapore/KK0067/2017,2017-01-25,EPI952459,MNPNQKIITIGSICMTIGMANLILQIGNIISIWVSHSIQIGNQSQIETCNQSVITYENNTWVNQTYVNINNTNFAARQSVVSVKLAGNSSLCPVSGWAIYSKDNSVRIGSKGDVFVIREPFISCSPLECRTFFLTQGALLNDKHSNGTIKDRSPYRTLMSCPIGEVPSPYNSRFESVAWSASACHDGTNWLTIGISGPDSGAVAVLKYNGIITDTIKSWRNNILRTQESECACVNGSCFTIMTDGPSDGQASYKIFRIEKGKIIKSVEMKAPNYHYEECSCYPDSSEITCVCRDNWHGSNRPWVSFNQNLEYQMGYICSGVFGDNPRPNDKTGSCGPVSSNGANGVKGFSFKYGNGVWIGRTKSISSRKGFEMIWDPNGWTGTDNKFSIKQDIVGINEWSGYSGSFVQHPELTGLDCIRPCFWVELIRGRPEENTIWTSGSSISFCGVDSDTVGWSWPDGAELPFTID,27
A/Mexico/4440/2016,2016-03-16,ASU55702.1 ,MNPNQKIITIGSICMTIGMANLILQIGNIISIWVSHSIQIGNQSQIETCNQSVITYENNTWVNQTYVNISNTNFAAGQSVVSVKLAGNSSLCPVSGWAIYSKDNSVRIGSKGDVFVIREPFISCSPLECRTFFLTQGALLNDKHSNGTIKDRSPYRTLMSCPIGEVPSPYNSRFESVAWSASACHDGINWLTIGISGPDSGAVAVLKYNGIITDTIKSWRNNILRTQESECACVNGSCFTIMTDGPSDGQASYKIFRIEKGKIIKSVEMKAPNYHYEECSCYPDSSEITCVCRDNWHGSNRPWVSFNQNLEYQMGYICSGVFGDNPRPNDKTGSCGPVSSNGANGVKGFSFKYGNGVWIGRTKSISSRKGFEMIWDPNGWTGTDNKFSIKQDIVGINERSGYSGSFVKHPELTGLDCIRTCFWVELIRGRPEENTIWTSGSSISFCGVNSDTGGWSWPDGAELPFTID,6
A/Netherlands/3315/2016,2016-10-15,APF46308.1 ,MNTNQKIIIISSICMTNGIASLILQIGNIISIWISHSIQTGNQNQTETCNQNVMVYENNTWVNQTYVNISNNFVAEQTVVSVKLAGNTSLCPVSGWAIYSKDNSVRIGSKGDVFVIREPFISCSHLECRTFFLTQGALLNDKHSNGTVKDRSPYRTLMSCPIGEVPSPYNSRFESVAWSASACHDGSNWLTIGISGPDNGAVAVLKYNDIITDTIKSWKNNILRTQESECACLNGSCFTVMTDGPSNGQASYKIFKIEKGKVIRSVELNAPNYHYEECSCYPDSGEITCVCRDNWHGSNRPWVSFNQNLEYQIGYICSGVLGDNPRPNDRTGNCGPVSSHGANGVKGFSFKYGDGIWIGRTKSTISRSGFEMIWDPNGWTGTDNDFSVKQDIVGMTDWTGYSGSFVQHPELTGLDCIRPCFWVELIRGRPKENTIWTSGSSISFCGVNSDTVGWSWPDGAELPFTIDK,1
A/Antananarivo/3825/2016,2016-07-21,EPI859819,MNPNQKIITIGSICMTIGMANLILQIGNIISIWVSHSIQIGNQSQIETCNQNVITYENNTWVNQTYVNISNTNFAAGQSVVSVKLAGNSSLCPVSGWAIYSKDNSVRIGSKGDVFVMREPFISCSPLECRTFFLTQGALLNDKHSNGTIKDRSPYRTLMSCPIGEVPSPYNSRFESVAWSASACHDGINWLTIGISGPDSGAVAVLKYNGIITDTVKSWRNNILRTQESECACVNGSCFTVMTDGPSDGQASYKIFKIEKGKIVKSVEMNAPNYHYEECSCYPDSSEITCVCRDNWHGSNRPWVSFNQNLEYQIGYICSGIFGDNPRSNDKTGSCGPVSSNGANGVKGFSFKYGNGVWIGRTKSTSSRKGFEMIWDPNGWTGTDNKFSIKQDIVGINEWSGYSGSFVQHPELTGLDCIRPCFWVELIRGRPEENTIWTSGSSISFCGVNSDIVGWSWPDGAELPFTID,1
A/Ghana/FS-16-0249/2016,2016-02-22,EPI770124,MNPNQKIITIGSVCMTIGMANLILQIGNIISIWVSHSIQIGNQSQIETCNQSVITYENNTWVNQTYVNISNTNFAAGQSVVSVKLAGNSSLCPVSGWAIYSKDNSVRIGSKGDVFVMREPFISCSPLECRTFFLTQGALLNDKHSNGTIKDRSPYRTLMSCPIGEVPSPXNSRFESVAWSASACHDGINWLTIGISGPDSGAVAVLKYNGIITDTIKSWRNNILRTQESECACVNGSCFTIMTDGPSDGQASYKIFRIEKGKIVKSVEMNAPNYHYEECSCYPDSSEITCVCRDNWHGSNRPWVSFNQNLEYQIGYICSGVFGDNPRPNDKTGSCGPVSSNGANGVKGFSFKYGNGVWIGRTKSTSSRKGFEMIWDPNGWTGTDNKFSIKQDIVGISEWSGYSGSFVQHPELTGLNCIRPCFWVELIRGRPEENTIWTSGSSISFCGVNSDTVGWSWPDGAELPFTID,1
A/Texas/104/2016,2016-02-22,AOT92878.1 ,MNPNQKIITIGSVCMTIGMANLMLQIGNIISIWVSHSIQIGNQNQIETCNQSVITYENNTWVNQTYVNISNTNFAAGQSVASVKLAGNSSLCPVSGWAIYSKDNSVRIGSKGDVFVMREPFISCSPLECRTFFLTQGALLNDKHSNGTIKDRSPYRTLMSCPIGEVPSPYNSRFESVAWSASACHDGINWLTIGISGPDSGAVAVLKYNGIITDTIKSWRNNILRTQESECACVNGSCFTIMTDGPSDGQASYKIFRIEKGKIVKSVEMNAPNYHYEECSCYPDSSEITCVCRDNWHGSNRPWVSFNQNLEYQIGYICSGVFGDNPRPNDKTGSCGPVSSNGANGVKGFSFKYGNGVWIGRTKSTSSRKGFEMIWDPNGWTGTDNKFSTKQDIVGINEWSGYSGSFVQHPELTGLNCIRPCFWVELIRGRPEENTIWTSGSSISFCGVNSDTVGWSWPDGAELPFTID,1
A/Iasi/193746/2016,2016-03-09,EPI770138,MNPNQKIITIGSVCMTIGMANLILQIGNIISIWISHSIQIGNQSQIETCNQSVITYENNTWVNQTYINISNTNFAAGQSVVSVKLAGNSSLCPVSGWAIYSKDNSVRIGSKGDVFVIREPFISCSPLGCRTFFLTQGALLNDKHSNGTIKDRSPYRTLMSCPIGEVPSPYNSRFESVAWSASACHDGINWLTIGISGPDSGAVAVLKYNGIITDTIKSWRNNILRTQESECACVNGSCFTIMTDGPNDGQASYKIFRIEKGKVIKSVEMKAPNYHYEECSCYPDSSEITCVCRDNWHGSNRPWVSFNQNLEYQIGYICSGVFGDNPRPNDKTGSCGPVSSNGANGVKGFSFKYGNGVWIGRTKSISSRKGFEMIWDPNGWIGTDNKFSIKQDIVGINEWSGYSGSFVQHPELTGLDCIRPCFWVELIRGRPEENTIWTSGSSISFCGVNSDTVGWSWPDGAELPFTID,4
A/Zhejiang-Yiwu/SWL1168/2016,2016-03-02,EPI777784,MNPNQKIITIGSVCMTIGMANLILQIGNIISIWISHSIQLGNQSQIETCNQSVITYENNTWVNQTYVNISNTNFAAGQSVVSVKLAGNSSLCPVSGWAIYSKDNSVRIGSKGDVFVIREPFISCSPLECRTFFLTQGALLNDKHSNGTIKDRSPYRTLMSCPIGEVPSPYNSRFESVAWSASACHDGINWLTIGISGPDSGAVAVLKYNGIITDTIKSWRNNILRTQESECACVNGSCFTIMTDGPSDGQASYKIFRIEKGKIVKSVEMNAPNYHYEECSCYPDSSEITCVCRDNWHGSNRPWVSFNQNLEYQIGYICSGIFGDNPRPNDKTGSCGPVSSNGANGVKGFSFKYGNGVWIGRTKSISSRKGFEMIWDPNGWTGTDNNFSIKQDIVGINEWSGYSGSFVQHPELTGLDCIRPCFWVELIRGRPKENTIWTSGSSISFCGVNSDTVGWSWPDGAELPFTID,1
A/Texas/132/2016,2016-04-11,ANM94915.1 ,MNPNQKIITIGSVCMTIGMANLMLQIGNIISIWISHSIQIGNQNQIETCNQSVITYENNTWVNQTYVNISNTNFAAGQSVASVKLAGNSSLCPVSGWAIYSKDNSVRIGSKGDVFVMREPFISCSPLECRTFFLTQGALLNDKHSNGTIKDRSPYRTLMSCPIGEVPSPYNSRFESVAWSASACHDGINWLTIGISGPDSGAVAVLKYNGIITDTIKSWRNNILRTQESECACVNGSCFTIMTDGPSDGQASYKIFRIEKGKIVKSVEMNAPNYHYEECSCYPDSSEITCVCRDNWHGSNRPWVSFNQNLEYQIGYICSGVFGDNPRPNDKTGSCGPVSSNGANGVKGFSFKYGNGVWIGRTKSTSSRKGFEMIWDPNGWTGTDNKFSTKQDIVGINEWSGYSGSFVQHPELTGLNCIRPCFWVELIRGRPEENTIWTSGSSISFCGVNSDTVGWSWPDGAELPFTID,1
A/Christchurch/16/2010__NIB-74__(10/216),2016-04-25,EPI743795,MNPNQKIITIGSVCITIGMANLILQIGNIISIWISHSIQLGNQNQIETCNQSVITYENNTWVNQTYVNISNTNFAAGQSVVSVKLAGNSSLCPVSGWAIYSKDNSIRIGSKGDVFVIREPFISCSPLECRTFFLTQGALLNDKHSNGTIKDRSPYRTLMSCPIGEVPSPYNSRFESVAWSASACHDGISWLTIGISGPDNGAVAVLKYNGIITDTIKSWRNNILRTQESECACVNGSCFTVMTDGPSDGQASYKIFRIEKGKIVKSVEMNAPNYHYEECSCYPDSSEITCVCRDNWHGSNRPWVSFNQNLEYQIGYICSGIFGDNPRPNDKTGSCGPVSSNGANGVKGFSFKYGNGVWIGRTKSISSRNGFEIIWDPNGWTGTDNNFSIKQDIVGINEWSGYSGSFVQHPELTGLDCIRPCFWVELIRGRPKENTIWTSGSSISFCGVNSDTVGWSWPDGAELPFTID,1
A/Congo/0635/2016,2016-04-12,EPI842169,MNPNQKIITIGSVCMTIGMANLILQIGNIISIWVSHSIQIGNQSQIETCNQSVITYENNTWVNQTYVNISNTNFAAGQSVVSVKLAGNSSLCPVSGWAIYSKDNSVRIGSKGDVFVMREPFISCSPLECRTFFLTQGALLNDKHSNGTIKDRSPYRTLMSCPIGEVPSPYNSRFESVAWSASACHDGINWLTIGISGPDSGAVAVLKYNGIITDTIKSWRNNILRTQESECACVNGSCFTIMTDGPSDGQASYKIFRIEKGKIVKSVEINAPNYHYEECSCYPDSSEITCVCRDNWHGSNRPWVSFNQNLEYKIGYICSGVFGDNPRPNDKTGSCGPVSSNGANGVKGFSFKYGNGVWIGRTKSTSSRKGFEMIWDPNGWTGTDNKFSIKQDIVGINEWSGYSGSFVQHPELTGLNCIRPCFWVELIRGRPEENTIWTSGSSISFCGVNSDTVGWSWPDGAELPFTID,1
A/Texas/146/2016,2016-02-19,AOT93406.1 ,MNPNQKIITIGSVCMTIGMANLMLQIGNIISIWVSHSIQIGNQNQIETCNQSVITYENNTWVNQTYVNISNTNFAAGQSVASVKLAGNSSLCPVSGWAIYSKDNSVRIGSKGDVFVMREPFISCSPLECRTFFLTQGALLNDKHSNGTIKDRSPYRTLMSCPIGEVPSPYNSRFESVAWSASACHDGINWLTIGISGPDSGAVAVLKYNGIITDTIKSWRNNILRTQESECACVNGSCFTIMTDGPSDGQASYKIFRIEKGKIVKSVEMNAPNYHYEECSCYPDSSEITCVCRDNWHGSNRPWVSFNQNLEYQIGYICSGVFGDNPRPNDKTGSCGPVSSNGANGVKGFSFKYGNGVWIGRTKSTSSRKGFEMIWDPNGWTGTDNKFSTKQDIVGINEWSGYSGSFVQHPELTGLNCIRPCFWVELIRGRPEENTIWTSGSSISFCGVNSDTVGWSWPDGAELPFTID,1
A/Antsirabe/1051/2016,2016-03-30,EPI815260,MNPNQKIITIGSICMTIGMANLILQIGNIISIWVSHSIQIGNQSQIETCNQSVITYENNTWVNQTYVNISNTNFAAGQSVVSVKLAGNSSLCPVSGWAIYSKDNSVRIGSKGDVFVMREPFISCSPLECRTFFLTQGALLNDKHSNGTIKDRSPYRTLMSCPIGEVPSPYNSRFESVAWSASACHDGINWLTIGISGPDSGAVAVLKYNGIITDTVKSWRNNILRTQESECACVNGSCFTVMTDGPSDGQASYKIFKIKKGKIVKSVEMNAPNYHYEECSCYPDSSEITCVCRDNWHGSNRPWVSFNQNLEYQIGYICSGVFGDNPRPNDKTGSCGPVSSNGANGVKGFSFKYGNGVWIGRTKSTSSRKGFEMIWDPNGWTGTDNKFSIKQDIVGINEWSGYSGSFVQHPELTGLDCIRPCFWVELIRGRPEENTIWTSGSSISFCGVNSDTVDWSWPDGAELPFTID,1
A/Kenya/CDC-Kakamega-073/2016,2016-08-22,EPI1728819,MNPNQKIITIGLICMTIGTANLILQIGNIISIWVSHTIQIGNQSQIETCNQSVITYENNTWVNQTYVNISNTNFAAGQSVVSVKLAGNSSLCPVSGWAIYSKDNSVRIGSKGDVFVIREPFISCSPLECRTFFLTQGALLNDKHSNGTIKDRSPYRTLMSCPIGEVPSPYNSRFESVAWSASACHDGINWLTIGISGPDSGAVAVLKYNGIITDTIKSWRNNILRTQESECACVNGSCFTIMTDGPSDGQASYKIFRIEKGKIIKSVEMKAPNYHYEECSCYPDSSEITCVCRDNWHGSNRPWVSFNQNLEYQMGYICSGVFGDNPRPNDKTGSCGPVLSNGANGVKGFSFKYGNGVWIGRTKSISSRKGFEMIWDPNGWTGTDNKFSIKQDIVGINEWSGYSGSFVQHPELTGLDCIRPCFWVELIRGRPEENTIWTSGSSISFCGVNSDTVGWSWPDGAELPFTID,7
A/Jiangsu-Runzhou/SWL1995/2016,2016-12-12,EPI885449,MNPNQKIITIGSVCMTIGMANLILQIGNIISIWISHSIQLGNQSQIETCNQSVITYENNTWVNQTYVNISNTNFAAGQSVVSVKLAGNSSLCPVSGWAIYSKDNSVRIGSKGDVFVIREPFISCSPLECRTFFLTQGALLNDKHSNGTIKDRSPYRTLMSCPIGEVPSPYNSRFESVAWSASACHDGINWLTIGISGPDSGAVAVLKYNGIITDTIKSWRNNILRTQESECACVNGSCFTIMTDGPSDGQASYKIFRIEKGKIVKSVEMNAPNYHYEECSCYPDSSEITCVCRDNWHGSNRPWVSFNQNLEYQIGYICSGIFGDNPRPNDKTGSCGPVSSNGANGVKGFSFKYGNGVWIGRTKSISSRKGFEMIWDPNGWTGTDNNFSIKQDIVGINEWSGYSGSFVQHPELTGLDCIRPCFWVELIRGRPKENTIWTSGSSISFCGVNSDTVGWSWPDGAELPFTID,1
A/KOCHI/32/2016,2016-12-24,EPI943357,MNPNQKIITIGSICMTIGMANLILQIGNIISIWVSHSIQIGNQSQIETCNQSVITYENNTWVNQTYVNISNTNFAAGQSVVSVKLAGNSSLCPVSGWAIYSKDNSVRIGSKGDVLVIREPFISCSPLECRTFFLTQGALLNDKHSNGTIKXRSPYRTLMSCPIGEVPSPYNSRFESVAWSASACHDGINWLTIGISGPDSGAVAVLKYNGIITDTIKSWRNNILRTQESECACVNGSCFTIMTDGPSDGQASYKIFRIERGKIIKSVEMKAPNYHYEECSCYPDSSEITCVCRDNWHGSNRPWVSFNQNLEYQMGYICSGVFGDNPRPNDKTGSCGPVSSNGANGVKGFSFKYGNGVWIGRTKSISSRKGFEMIWDPNGWTGTDNKFSIKQDIVGINEWSGYSGSFVQHPELTGLDCIRPCFWVELIRGRPEENTIWTSGSSISFCGVNSDTGGWSWPDGAELPFTID,21
A/Hubei-Wujiagang/SWL310/2013,2016-03-01,EPI606612,MNPNQKIITIGSVCMTIGMANLILQIGNIISIWISHSIQLGNQSQIETCNQSVITYENNTWVNQTYVNISNTNFAAGQSVVSVKLAGNSSLCPVSGWAIYSKDNSVRIGSKGDVFVIREPFISCSTLECRTFFLTQGALLNDKHSNGTIKDRSPYRTLMSCPIGEVPSPYNSRFESVAWSASACHDGINWLTIGISGPDSGAVAVLKYNGIITDTIKSWRNNILRTQESECACVNGSCFTIMTDGPSDGQASYKIFRIEKGKIVKSVEVNAPNYHYEECSCYPDSSEITCVCRDNWHGSNRPWVSFNQNLEYQIGYICSGIFGDNPRPNDKTGSCGPVSSNGANGVKGFSFKYGNGVWIGRTKSISSRKGFEMIWDPNGWTGTDNNFSIKQDIVGINEWSGYSGSFVQHPELTGLDCIRPCFWVELIRGRPKENTIWTSGSSISFCGVNSDTVGWSWPDGAELPFTID,1
A/Fujian-cangshan/SWL624/2016,2016-10-21,EPI869698,MNPNQKIITIGSTCMIIGIASLILQIGNIISIWISHSIQTENQNQSEICNQNIITYENNTWVNQTYVNVSNTNFVAEQAIASVKLAGNSSLCPVSGWAIYSKDNSVRIGSKGDVFVIREPFISCSHLECRTFFLTQGALLNDKHSNGTIKDRSPYRTLMSCPIGEVPSPYNSRFESVAWSASACHDGTSWLTIGISGPDNGAVAVLKYNGIITDTIKSWRKNILRTQESECACVNGSCFTVMTDGPSNGQASYKIFKIERGKVVKSVELNAPNYHYEECSCYPESSEIICVCRDNWHGSNRPWVSFNQNLEYQIGYICSGIFGDNPRPNDKTGSCGPVSPNGANGVKGFSFKYGNGVWIGRTKSTSSRMGFEMIWDPDGWTRTDDKFSVKQDIIGITDWSGYSGSFVQHPELTGLDCMRPCFWVELIRGRPKENTIWTSGSSISFCGVNSDTVGWSWPDGAELPFTID,1
A/Pavia/65/2016,2016-10-15,APT36458.1 ,MNPNQKIIIIGSICMTNGIASLILQIGNIISIWISHSIQIESPNQTESCNQSVIIYENNTWINQTYVNISNNNFVAEQTVVTMKLAGSSSLCPVSGWAIYSKDNSVRIGSKGDVFVIREPFISCSHLECRTFFLTQGALLNDKHSNGTVKDRSPYRTLMSCPIGEVPSPYNSKFESVAWSASACHDGTSWLTIGISGPDNGAVAVLKYNDIITDTIKSWRNNILRTQESECACLNGSCFTVMTDGPSNGQASYKIFKIEKGKVVKSIELNAPNYHYEECSCYPDTGEIICVCRDNWHGSNRPWVSFNQDLEYQIGYICSGVLGDNPRPNDRTGSCGPVSSHGENGVKGFSFKYGNGIWIGRTKSTNTRSGFEMIWDPNGWTGTDKNFSMKQDIVGITNWSGYSGSFVQHPELTGLDCIRPCFWVELIRGRPKENTIWTSGSSISFCGVNSDTVGWSWPDGAELPFTID,1
